ISO-10303-21;
HEADER;
FILE_DESCRIPTION(('KiCad electronic assembly'),'2;1');
FILE_NAME('Capacitor_DC_Link.step','2025-12-04T14:31:49',('Pcbnew'),(
    'Kicad'),'Open CASCADE STEP processor 7.9','KiCad to STEP converter'
  ,'Unknown');
FILE_SCHEMA(('AUTOMOTIVE_DESIGN { 1 0 10303 214 1 1 1 1 }'));
ENDSEC;
DATA;
#1 = APPLICATION_PROTOCOL_DEFINITION('international standard',
  'automotive_design',2000,#2);
#2 = APPLICATION_CONTEXT(
  'core data for automotive mechanical design processes');
#3 = SHAPE_DEFINITION_REPRESENTATION(#4,#10);
#4 = PRODUCT_DEFINITION_SHAPE('','',#5);
#5 = PRODUCT_DEFINITION('design','',#6,#9);
#6 = PRODUCT_DEFINITION_FORMATION('','',#7);
#7 = PRODUCT('Capacitor_DC_Link 1','Capacitor_DC_Link 1','',(#8));
#8 = PRODUCT_CONTEXT('',#2,'mechanical');
#9 = PRODUCT_DEFINITION_CONTEXT('part definition',#2,'design');
#10 = SHAPE_REPRESENTATION('',(#11,#15,#19,#23,#27,#31,#35,#39,#43),#47
  );
#11 = AXIS2_PLACEMENT_3D('',#12,#13,#14);
#12 = CARTESIAN_POINT('',(0.,0.,0.));
#13 = DIRECTION('',(0.,0.,1.));
#14 = DIRECTION('',(1.,0.,-0.));
#15 = AXIS2_PLACEMENT_3D('',#16,#17,#18);
#16 = CARTESIAN_POINT('',(125.25,-55.5,1.595));
#17 = DIRECTION('',(-0.,0.,1.));
#18 = DIRECTION('',(1.110223024625E-16,-1.,0.));
#19 = AXIS2_PLACEMENT_3D('',#20,#21,#22);
#20 = CARTESIAN_POINT('',(167.75,-55.5,1.595));
#21 = DIRECTION('',(-0.,0.,1.));
#22 = DIRECTION('',(1.110223024625E-16,-1.,0.));
#23 = AXIS2_PLACEMENT_3D('',#24,#25,#26);
#24 = CARTESIAN_POINT('',(125.25,-87.75,1.595));
#25 = DIRECTION('',(-0.,0.,1.));
#26 = DIRECTION('',(1.110223024625E-16,-1.,0.));
#27 = AXIS2_PLACEMENT_3D('',#28,#29,#30);
#28 = CARTESIAN_POINT('',(167.75,-87.75,1.595));
#29 = DIRECTION('',(-0.,0.,1.));
#30 = DIRECTION('',(1.110223024625E-16,-1.,0.));
#31 = AXIS2_PLACEMENT_3D('',#32,#33,#34);
#32 = CARTESIAN_POINT('',(0.,0.,0.));
#33 = DIRECTION('',(0.,0.,1.));
#34 = DIRECTION('',(1.,0.,-0.));
#35 = AXIS2_PLACEMENT_3D('',#36,#37,#38);
#36 = CARTESIAN_POINT('',(0.,0.,0.));
#37 = DIRECTION('',(0.,0.,1.));
#38 = DIRECTION('',(1.,0.,-0.));
#39 = AXIS2_PLACEMENT_3D('',#40,#41,#42);
#40 = CARTESIAN_POINT('',(0.,0.,0.));
#41 = DIRECTION('',(0.,0.,1.));
#42 = DIRECTION('',(1.,0.,-0.));
#43 = AXIS2_PLACEMENT_3D('',#44,#45,#46);
#44 = CARTESIAN_POINT('',(0.,0.,0.));
#45 = DIRECTION('',(0.,0.,1.));
#46 = DIRECTION('',(1.,0.,-0.));
#47 = ( GEOMETRIC_REPRESENTATION_CONTEXT(3) 
GLOBAL_UNCERTAINTY_ASSIGNED_CONTEXT((#51)) GLOBAL_UNIT_ASSIGNED_CONTEXT(
(#48,#49,#50)) REPRESENTATION_CONTEXT('Context #1',
  '3D Context with UNIT and UNCERTAINTY') );
#48 = ( LENGTH_UNIT() NAMED_UNIT(*) SI_UNIT(.MILLI.,.METRE.) );
#49 = ( NAMED_UNIT(*) PLANE_ANGLE_UNIT() SI_UNIT($,.RADIAN.) );
#50 = ( NAMED_UNIT(*) SI_UNIT($,.STERADIAN.) SOLID_ANGLE_UNIT() );
#51 = UNCERTAINTY_MEASURE_WITH_UNIT(LENGTH_MEASURE(1.E-07),#48,
  'distance_accuracy_value','confusion accuracy');
#52 = PRODUCT_RELATED_PRODUCT_CATEGORY('part',$,(#7));
#53 = SHAPE_DEFINITION_REPRESENTATION(#54,#60);
#54 = PRODUCT_DEFINITION_SHAPE('','',#55);
#55 = PRODUCT_DEFINITION('design','',#56,#59);
#56 = PRODUCT_DEFINITION_FORMATION('','',#57);
#57 = PRODUCT('C_Rect_L31.5mm_W20.0mm_P27.50mm_MKS4',
  'C_Rect_L31.5mm_W20.0mm_P27.50mm_MKS4','',(#58));
#58 = PRODUCT_CONTEXT('',#2,'mechanical');
#59 = PRODUCT_DEFINITION_CONTEXT('part definition',#2,'design');
#60 = ADVANCED_BREP_SHAPE_REPRESENTATION('',(#11,#61),#605);
#61 = MANIFOLD_SOLID_BREP('',#62);
#62 = CLOSED_SHELL('',(#63,#103,#136,#169,#250,#275,#292,#316,#347,#364,
    #388,#413,#438,#455,#480,#505,#523,#541,#565,#576,#587,#596));
#63 = ADVANCED_FACE('',(#64),#98,.F.);
#64 = FACE_BOUND('',#65,.F.);
#65 = EDGE_LOOP('',(#66,#76,#84,#92));
#66 = ORIENTED_EDGE('',*,*,#67,.F.);
#67 = EDGE_CURVE('',#68,#70,#72,.T.);
#68 = VERTEX_POINT('',#69);
#69 = CARTESIAN_POINT('',(-2.,-8.,0.));
#70 = VERTEX_POINT('',#71);
#71 = CARTESIAN_POINT('',(-2.,-8.,24.));
#72 = LINE('',#73,#74);
#73 = CARTESIAN_POINT('',(-2.,-8.,0.));
#74 = VECTOR('',#75,1.);
#75 = DIRECTION('',(0.,0.,1.));
#76 = ORIENTED_EDGE('',*,*,#77,.T.);
#77 = EDGE_CURVE('',#68,#78,#80,.T.);
#78 = VERTEX_POINT('',#79);
#79 = CARTESIAN_POINT('',(-2.,8.,0.));
#80 = LINE('',#81,#82);
#81 = CARTESIAN_POINT('',(-2.,-10.,0.));
#82 = VECTOR('',#83,1.);
#83 = DIRECTION('',(0.,1.,0.));
#84 = ORIENTED_EDGE('',*,*,#85,.T.);
#85 = EDGE_CURVE('',#78,#86,#88,.T.);
#86 = VERTEX_POINT('',#87);
#87 = CARTESIAN_POINT('',(-2.,8.,24.));
#88 = LINE('',#89,#90);
#89 = CARTESIAN_POINT('',(-2.,8.,0.));
#90 = VECTOR('',#91,1.);
#91 = DIRECTION('',(0.,0.,1.));
#92 = ORIENTED_EDGE('',*,*,#93,.F.);
#93 = EDGE_CURVE('',#70,#86,#94,.T.);
#94 = LINE('',#95,#96);
#95 = CARTESIAN_POINT('',(-2.,-8.,24.));
#96 = VECTOR('',#97,1.);
#97 = DIRECTION('',(0.,1.,0.));
#98 = PLANE('',#99);
#99 = AXIS2_PLACEMENT_3D('',#100,#101,#102);
#100 = CARTESIAN_POINT('',(-2.,-10.,0.));
#101 = DIRECTION('',(1.,0.,0.));
#102 = DIRECTION('',(0.,0.,1.));
#103 = ADVANCED_FACE('',(#104),#131,.T.);
#104 = FACE_BOUND('',#105,.T.);
#105 = EDGE_LOOP('',(#106,#107,#116,#124));
#106 = ORIENTED_EDGE('',*,*,#67,.F.);
#107 = ORIENTED_EDGE('',*,*,#108,.T.);
#108 = EDGE_CURVE('',#68,#109,#111,.T.);
#109 = VERTEX_POINT('',#110);
#110 = CARTESIAN_POINT('',(0.,-10.,0.));
#111 = CIRCLE('',#112,2.);
#112 = AXIS2_PLACEMENT_3D('',#113,#114,#115);
#113 = CARTESIAN_POINT('',(0.,-8.,0.));
#114 = DIRECTION('',(-0.,0.,1.));
#115 = DIRECTION('',(0.,-1.,0.));
#116 = ORIENTED_EDGE('',*,*,#117,.T.);
#117 = EDGE_CURVE('',#109,#118,#120,.T.);
#118 = VERTEX_POINT('',#119);
#119 = CARTESIAN_POINT('',(0.,-10.,24.));
#120 = LINE('',#121,#122);
#121 = CARTESIAN_POINT('',(0.,-10.,0.));
#122 = VECTOR('',#123,1.);
#123 = DIRECTION('',(0.,0.,1.));
#124 = ORIENTED_EDGE('',*,*,#125,.T.);
#125 = EDGE_CURVE('',#118,#70,#126,.T.);
#126 = CIRCLE('',#127,2.);
#127 = AXIS2_PLACEMENT_3D('',#128,#129,#130);
#128 = CARTESIAN_POINT('',(0.,-8.,24.));
#129 = DIRECTION('',(-0.,-0.,-1.));
#130 = DIRECTION('',(0.,-1.,0.));
#131 = CYLINDRICAL_SURFACE('',#132,2.);
#132 = AXIS2_PLACEMENT_3D('',#133,#134,#135);
#133 = CARTESIAN_POINT('',(0.,-8.,0.));
#134 = DIRECTION('',(0.,0.,1.));
#135 = DIRECTION('',(-1.,0.,0.));
#136 = ADVANCED_FACE('',(#137),#164,.T.);
#137 = FACE_BOUND('',#138,.T.);
#138 = EDGE_LOOP('',(#139,#149,#156,#157));
#139 = ORIENTED_EDGE('',*,*,#140,.T.);
#140 = EDGE_CURVE('',#141,#143,#145,.T.);
#141 = VERTEX_POINT('',#142);
#142 = CARTESIAN_POINT('',(0.,-8.,26.));
#143 = VERTEX_POINT('',#144);
#144 = CARTESIAN_POINT('',(0.,8.,26.));
#145 = LINE('',#146,#147);
#146 = CARTESIAN_POINT('',(0.,-8.,26.));
#147 = VECTOR('',#148,1.);
#148 = DIRECTION('',(0.,1.,0.));
#149 = ORIENTED_EDGE('',*,*,#150,.T.);
#150 = EDGE_CURVE('',#143,#86,#151,.T.);
#151 = CIRCLE('',#152,2.);
#152 = AXIS2_PLACEMENT_3D('',#153,#154,#155);
#153 = CARTESIAN_POINT('',(0.,8.,24.));
#154 = DIRECTION('',(0.,-1.,0.));
#155 = DIRECTION('',(0.,0.,1.));
#156 = ORIENTED_EDGE('',*,*,#93,.F.);
#157 = ORIENTED_EDGE('',*,*,#158,.F.);
#158 = EDGE_CURVE('',#141,#70,#159,.T.);
#159 = CIRCLE('',#160,2.);
#160 = AXIS2_PLACEMENT_3D('',#161,#162,#163);
#161 = CARTESIAN_POINT('',(0.,-8.,24.));
#162 = DIRECTION('',(6.123233995737E-17,-1.,0.));
#163 = DIRECTION('',(-1.,-6.123233995737E-17,0.));
#164 = CYLINDRICAL_SURFACE('',#165,2.);
#165 = AXIS2_PLACEMENT_3D('',#166,#167,#168);
#166 = CARTESIAN_POINT('',(0.,-8.,24.));
#167 = DIRECTION('',(0.,1.,0.));
#168 = DIRECTION('',(0.,-0.,1.));
#169 = ADVANCED_FACE('',(#170,#223,#234),#245,.F.);
#170 = FACE_BOUND('',#171,.F.);
#171 = EDGE_LOOP('',(#172,#173,#174,#182,#191,#199,#208,#216));
#172 = ORIENTED_EDGE('',*,*,#77,.F.);
#173 = ORIENTED_EDGE('',*,*,#108,.T.);
#174 = ORIENTED_EDGE('',*,*,#175,.T.);
#175 = EDGE_CURVE('',#109,#176,#178,.T.);
#176 = VERTEX_POINT('',#177);
#177 = CARTESIAN_POINT('',(27.5,-10.,0.));
#178 = LINE('',#179,#180);
#179 = CARTESIAN_POINT('',(-2.,-10.,0.));
#180 = VECTOR('',#181,1.);
#181 = DIRECTION('',(1.,0.,0.));
#182 = ORIENTED_EDGE('',*,*,#183,.F.);
#183 = EDGE_CURVE('',#184,#176,#186,.T.);
#184 = VERTEX_POINT('',#185);
#185 = CARTESIAN_POINT('',(29.5,-8.,0.));
#186 = CIRCLE('',#187,2.);
#187 = AXIS2_PLACEMENT_3D('',#188,#189,#190);
#188 = CARTESIAN_POINT('',(27.5,-8.,0.));
#189 = DIRECTION('',(-0.,-0.,-1.));
#190 = DIRECTION('',(0.,-1.,0.));
#191 = ORIENTED_EDGE('',*,*,#192,.T.);
#192 = EDGE_CURVE('',#184,#193,#195,.T.);
#193 = VERTEX_POINT('',#194);
#194 = CARTESIAN_POINT('',(29.5,8.,0.));
#195 = LINE('',#196,#197);
#196 = CARTESIAN_POINT('',(29.5,-10.,0.));
#197 = VECTOR('',#198,1.);
#198 = DIRECTION('',(0.,1.,0.));
#199 = ORIENTED_EDGE('',*,*,#200,.T.);
#200 = EDGE_CURVE('',#193,#201,#203,.T.);
#201 = VERTEX_POINT('',#202);
#202 = CARTESIAN_POINT('',(27.5,10.,0.));
#203 = CIRCLE('',#204,2.);
#204 = AXIS2_PLACEMENT_3D('',#205,#206,#207);
#205 = CARTESIAN_POINT('',(27.5,8.,0.));
#206 = DIRECTION('',(-0.,0.,1.));
#207 = DIRECTION('',(0.,-1.,0.));
#208 = ORIENTED_EDGE('',*,*,#209,.F.);
#209 = EDGE_CURVE('',#210,#201,#212,.T.);
#210 = VERTEX_POINT('',#211);
#211 = CARTESIAN_POINT('',(0.,10.,0.));
#212 = LINE('',#213,#214);
#213 = CARTESIAN_POINT('',(-2.,10.,0.));
#214 = VECTOR('',#215,1.);
#215 = DIRECTION('',(1.,0.,0.));
#216 = ORIENTED_EDGE('',*,*,#217,.F.);
#217 = EDGE_CURVE('',#78,#210,#218,.T.);
#218 = CIRCLE('',#219,2.);
#219 = AXIS2_PLACEMENT_3D('',#220,#221,#222);
#220 = CARTESIAN_POINT('',(0.,8.,0.));
#221 = DIRECTION('',(-0.,-0.,-1.));
#222 = DIRECTION('',(0.,-1.,0.));
#223 = FACE_BOUND('',#224,.F.);
#224 = EDGE_LOOP('',(#225));
#225 = ORIENTED_EDGE('',*,*,#226,.F.);
#226 = EDGE_CURVE('',#227,#227,#229,.T.);
#227 = VERTEX_POINT('',#228);
#228 = CARTESIAN_POINT('',(0.45,0.,0.));
#229 = CIRCLE('',#230,0.45);
#230 = AXIS2_PLACEMENT_3D('',#231,#232,#233);
#231 = CARTESIAN_POINT('',(0.,0.,0.));
#232 = DIRECTION('',(0.,0.,1.));
#233 = DIRECTION('',(1.,0.,-0.));
#234 = FACE_BOUND('',#235,.F.);
#235 = EDGE_LOOP('',(#236));
#236 = ORIENTED_EDGE('',*,*,#237,.F.);
#237 = EDGE_CURVE('',#238,#238,#240,.T.);
#238 = VERTEX_POINT('',#239);
#239 = CARTESIAN_POINT('',(27.95,0.,0.));
#240 = CIRCLE('',#241,0.45);
#241 = AXIS2_PLACEMENT_3D('',#242,#243,#244);
#242 = CARTESIAN_POINT('',(27.5,0.,0.));
#243 = DIRECTION('',(0.,0.,1.));
#244 = DIRECTION('',(1.,0.,-0.));
#245 = PLANE('',#246);
#246 = AXIS2_PLACEMENT_3D('',#247,#248,#249);
#247 = CARTESIAN_POINT('',(-2.,-10.,0.));
#248 = DIRECTION('',(0.,0.,1.));
#249 = DIRECTION('',(1.,0.,-0.));
#250 = ADVANCED_FACE('',(#251),#270,.T.);
#251 = FACE_BOUND('',#252,.T.);
#252 = EDGE_LOOP('',(#253,#262,#268,#269));
#253 = ORIENTED_EDGE('',*,*,#254,.T.);
#254 = EDGE_CURVE('',#86,#255,#257,.T.);
#255 = VERTEX_POINT('',#256);
#256 = CARTESIAN_POINT('',(0.,10.,24.));
#257 = CIRCLE('',#258,2.);
#258 = AXIS2_PLACEMENT_3D('',#259,#260,#261);
#259 = CARTESIAN_POINT('',(0.,8.,24.));
#260 = DIRECTION('',(0.,0.,-1.));
#261 = DIRECTION('',(-1.,0.,0.));
#262 = ORIENTED_EDGE('',*,*,#263,.F.);
#263 = EDGE_CURVE('',#210,#255,#264,.T.);
#264 = LINE('',#265,#266);
#265 = CARTESIAN_POINT('',(0.,10.,0.));
#266 = VECTOR('',#267,1.);
#267 = DIRECTION('',(0.,0.,1.));
#268 = ORIENTED_EDGE('',*,*,#217,.F.);
#269 = ORIENTED_EDGE('',*,*,#85,.T.);
#270 = CYLINDRICAL_SURFACE('',#271,2.);
#271 = AXIS2_PLACEMENT_3D('',#272,#273,#274);
#272 = CARTESIAN_POINT('',(0.,8.,0.));
#273 = DIRECTION('',(0.,0.,1.));
#274 = DIRECTION('',(-1.,0.,0.));
#275 = ADVANCED_FACE('',(#276),#287,.T.);
#276 = FACE_BOUND('',#277,.T.);
#277 = EDGE_LOOP('',(#278,#285,#286));
#278 = ORIENTED_EDGE('',*,*,#279,.F.);
#279 = EDGE_CURVE('',#141,#118,#280,.T.);
#280 = CIRCLE('',#281,2.);
#281 = AXIS2_PLACEMENT_3D('',#282,#283,#284);
#282 = CARTESIAN_POINT('',(0.,-8.,24.));
#283 = DIRECTION('',(1.,0.,-0.));
#284 = DIRECTION('',(0.,0.,1.));
#285 = ORIENTED_EDGE('',*,*,#158,.T.);
#286 = ORIENTED_EDGE('',*,*,#125,.F.);
#287 = SPHERICAL_SURFACE('',#288,2.);
#288 = AXIS2_PLACEMENT_3D('',#289,#290,#291);
#289 = CARTESIAN_POINT('',(0.,-8.,24.));
#290 = DIRECTION('',(-0.,-0.,-1.));
#291 = DIRECTION('',(0.,-1.,0.));
#292 = ADVANCED_FACE('',(#293),#311,.F.);
#293 = FACE_BOUND('',#294,.F.);
#294 = EDGE_LOOP('',(#295,#296,#304,#310));
#295 = ORIENTED_EDGE('',*,*,#117,.T.);
#296 = ORIENTED_EDGE('',*,*,#297,.F.);
#297 = EDGE_CURVE('',#298,#118,#300,.T.);
#298 = VERTEX_POINT('',#299);
#299 = CARTESIAN_POINT('',(27.5,-10.,24.));
#300 = LINE('',#301,#302);
#301 = CARTESIAN_POINT('',(27.5,-10.,24.));
#302 = VECTOR('',#303,1.);
#303 = DIRECTION('',(-1.,-0.,-0.));
#304 = ORIENTED_EDGE('',*,*,#305,.F.);
#305 = EDGE_CURVE('',#176,#298,#306,.T.);
#306 = LINE('',#307,#308);
#307 = CARTESIAN_POINT('',(27.5,-10.,0.));
#308 = VECTOR('',#309,1.);
#309 = DIRECTION('',(0.,0.,1.));
#310 = ORIENTED_EDGE('',*,*,#175,.F.);
#311 = PLANE('',#312);
#312 = AXIS2_PLACEMENT_3D('',#313,#314,#315);
#313 = CARTESIAN_POINT('',(-2.,-10.,0.));
#314 = DIRECTION('',(0.,1.,0.));
#315 = DIRECTION('',(0.,-0.,1.));
#316 = ADVANCED_FACE('',(#317),#342,.T.);
#317 = FACE_BOUND('',#318,.T.);
#318 = EDGE_LOOP('',(#319,#327,#328,#336));
#319 = ORIENTED_EDGE('',*,*,#320,.F.);
#320 = EDGE_CURVE('',#143,#321,#323,.T.);
#321 = VERTEX_POINT('',#322);
#322 = CARTESIAN_POINT('',(27.5,8.,26.));
#323 = LINE('',#324,#325);
#324 = CARTESIAN_POINT('',(0.,8.,26.));
#325 = VECTOR('',#326,1.);
#326 = DIRECTION('',(1.,0.,0.));
#327 = ORIENTED_EDGE('',*,*,#140,.F.);
#328 = ORIENTED_EDGE('',*,*,#329,.F.);
#329 = EDGE_CURVE('',#330,#141,#332,.T.);
#330 = VERTEX_POINT('',#331);
#331 = CARTESIAN_POINT('',(27.5,-8.,26.));
#332 = LINE('',#333,#334);
#333 = CARTESIAN_POINT('',(27.5,-8.,26.));
#334 = VECTOR('',#335,1.);
#335 = DIRECTION('',(-1.,-0.,-0.));
#336 = ORIENTED_EDGE('',*,*,#337,.F.);
#337 = EDGE_CURVE('',#321,#330,#338,.T.);
#338 = LINE('',#339,#340);
#339 = CARTESIAN_POINT('',(27.5,8.,26.));
#340 = VECTOR('',#341,1.);
#341 = DIRECTION('',(-0.,-1.,-0.));
#342 = PLANE('',#343);
#343 = AXIS2_PLACEMENT_3D('',#344,#345,#346);
#344 = CARTESIAN_POINT('',(-2.,-10.,26.));
#345 = DIRECTION('',(0.,0.,1.));
#346 = DIRECTION('',(1.,0.,-0.));
#347 = ADVANCED_FACE('',(#348),#359,.T.);
#348 = FACE_BOUND('',#349,.T.);
#349 = EDGE_LOOP('',(#350,#351,#358));
#350 = ORIENTED_EDGE('',*,*,#150,.F.);
#351 = ORIENTED_EDGE('',*,*,#352,.T.);
#352 = EDGE_CURVE('',#143,#255,#353,.T.);
#353 = CIRCLE('',#354,2.);
#354 = AXIS2_PLACEMENT_3D('',#355,#356,#357);
#355 = CARTESIAN_POINT('',(0.,8.,24.));
#356 = DIRECTION('',(-1.,0.,0.));
#357 = DIRECTION('',(0.,0.,1.));
#358 = ORIENTED_EDGE('',*,*,#254,.F.);
#359 = SPHERICAL_SURFACE('',#360,2.);
#360 = AXIS2_PLACEMENT_3D('',#361,#362,#363);
#361 = CARTESIAN_POINT('',(0.,8.,24.));
#362 = DIRECTION('',(-0.,-0.,-1.));
#363 = DIRECTION('',(-1.,0.,0.));
#364 = ADVANCED_FACE('',(#365),#383,.T.);
#365 = FACE_BOUND('',#366,.T.);
#366 = EDGE_LOOP('',(#367,#368,#376,#382));
#367 = ORIENTED_EDGE('',*,*,#263,.T.);
#368 = ORIENTED_EDGE('',*,*,#369,.T.);
#369 = EDGE_CURVE('',#255,#370,#372,.T.);
#370 = VERTEX_POINT('',#371);
#371 = CARTESIAN_POINT('',(27.5,10.,24.));
#372 = LINE('',#373,#374);
#373 = CARTESIAN_POINT('',(0.,10.,24.));
#374 = VECTOR('',#375,1.);
#375 = DIRECTION('',(1.,0.,0.));
#376 = ORIENTED_EDGE('',*,*,#377,.F.);
#377 = EDGE_CURVE('',#201,#370,#378,.T.);
#378 = LINE('',#379,#380);
#379 = CARTESIAN_POINT('',(27.5,10.,0.));
#380 = VECTOR('',#381,1.);
#381 = DIRECTION('',(0.,0.,1.));
#382 = ORIENTED_EDGE('',*,*,#209,.F.);
#383 = PLANE('',#384);
#384 = AXIS2_PLACEMENT_3D('',#385,#386,#387);
#385 = CARTESIAN_POINT('',(-2.,10.,0.));
#386 = DIRECTION('',(0.,1.,0.));
#387 = DIRECTION('',(0.,-0.,1.));
#388 = ADVANCED_FACE('',(#389),#408,.T.);
#389 = FACE_BOUND('',#390,.T.);
#390 = EDGE_LOOP('',(#391,#400,#401,#402));
#391 = ORIENTED_EDGE('',*,*,#392,.T.);
#392 = EDGE_CURVE('',#393,#298,#395,.T.);
#393 = VERTEX_POINT('',#394);
#394 = CARTESIAN_POINT('',(29.5,-8.,24.));
#395 = CIRCLE('',#396,2.);
#396 = AXIS2_PLACEMENT_3D('',#397,#398,#399);
#397 = CARTESIAN_POINT('',(27.5,-8.,24.));
#398 = DIRECTION('',(0.,0.,-1.));
#399 = DIRECTION('',(1.,0.,0.));
#400 = ORIENTED_EDGE('',*,*,#305,.F.);
#401 = ORIENTED_EDGE('',*,*,#183,.F.);
#402 = ORIENTED_EDGE('',*,*,#403,.T.);
#403 = EDGE_CURVE('',#184,#393,#404,.T.);
#404 = LINE('',#405,#406);
#405 = CARTESIAN_POINT('',(29.5,-8.,0.));
#406 = VECTOR('',#407,1.);
#407 = DIRECTION('',(0.,0.,1.));
#408 = CYLINDRICAL_SURFACE('',#409,2.);
#409 = AXIS2_PLACEMENT_3D('',#410,#411,#412);
#410 = CARTESIAN_POINT('',(27.5,-8.,0.));
#411 = DIRECTION('',(0.,0.,1.));
#412 = DIRECTION('',(1.,0.,-0.));
#413 = ADVANCED_FACE('',(#414),#433,.T.);
#414 = FACE_BOUND('',#415,.T.);
#415 = EDGE_LOOP('',(#416,#424,#425,#426));
#416 = ORIENTED_EDGE('',*,*,#417,.F.);
#417 = EDGE_CURVE('',#193,#418,#420,.T.);
#418 = VERTEX_POINT('',#419);
#419 = CARTESIAN_POINT('',(29.5,8.,24.));
#420 = LINE('',#421,#422);
#421 = CARTESIAN_POINT('',(29.5,8.,0.));
#422 = VECTOR('',#423,1.);
#423 = DIRECTION('',(0.,0.,1.));
#424 = ORIENTED_EDGE('',*,*,#200,.T.);
#425 = ORIENTED_EDGE('',*,*,#377,.T.);
#426 = ORIENTED_EDGE('',*,*,#427,.T.);
#427 = EDGE_CURVE('',#370,#418,#428,.T.);
#428 = CIRCLE('',#429,2.);
#429 = AXIS2_PLACEMENT_3D('',#430,#431,#432);
#430 = CARTESIAN_POINT('',(27.5,8.,24.));
#431 = DIRECTION('',(0.,0.,-1.));
#432 = DIRECTION('',(0.,1.,0.));
#433 = CYLINDRICAL_SURFACE('',#434,2.);
#434 = AXIS2_PLACEMENT_3D('',#435,#436,#437);
#435 = CARTESIAN_POINT('',(27.5,8.,0.));
#436 = DIRECTION('',(0.,0.,1.));
#437 = DIRECTION('',(1.,0.,-0.));
#438 = ADVANCED_FACE('',(#439),#450,.T.);
#439 = FACE_BOUND('',#440,.T.);
#440 = EDGE_LOOP('',(#441,#442,#443,#444));
#441 = ORIENTED_EDGE('',*,*,#403,.F.);
#442 = ORIENTED_EDGE('',*,*,#192,.T.);
#443 = ORIENTED_EDGE('',*,*,#417,.T.);
#444 = ORIENTED_EDGE('',*,*,#445,.T.);
#445 = EDGE_CURVE('',#418,#393,#446,.T.);
#446 = LINE('',#447,#448);
#447 = CARTESIAN_POINT('',(29.5,8.,24.));
#448 = VECTOR('',#449,1.);
#449 = DIRECTION('',(-0.,-1.,-0.));
#450 = PLANE('',#451);
#451 = AXIS2_PLACEMENT_3D('',#452,#453,#454);
#452 = CARTESIAN_POINT('',(29.5,-10.,0.));
#453 = DIRECTION('',(1.,0.,0.));
#454 = DIRECTION('',(0.,0.,1.));
#455 = ADVANCED_FACE('',(#456),#475,.T.);
#456 = FACE_BOUND('',#457,.T.);
#457 = EDGE_LOOP('',(#458,#459,#467,#474));
#458 = ORIENTED_EDGE('',*,*,#226,.F.);
#459 = ORIENTED_EDGE('',*,*,#460,.T.);
#460 = EDGE_CURVE('',#227,#461,#463,.T.);
#461 = VERTEX_POINT('',#462);
#462 = CARTESIAN_POINT('',(0.45,0.,-1.9));
#463 = LINE('',#464,#465);
#464 = CARTESIAN_POINT('',(0.45,0.,0.1));
#465 = VECTOR('',#466,1.);
#466 = DIRECTION('',(-0.,-0.,-1.));
#467 = ORIENTED_EDGE('',*,*,#468,.T.);
#468 = EDGE_CURVE('',#461,#461,#469,.T.);
#469 = CIRCLE('',#470,0.45);
#470 = AXIS2_PLACEMENT_3D('',#471,#472,#473);
#471 = CARTESIAN_POINT('',(0.,0.,-1.9));
#472 = DIRECTION('',(0.,0.,1.));
#473 = DIRECTION('',(1.,0.,-0.));
#474 = ORIENTED_EDGE('',*,*,#460,.F.);
#475 = CYLINDRICAL_SURFACE('',#476,0.45);
#476 = AXIS2_PLACEMENT_3D('',#477,#478,#479);
#477 = CARTESIAN_POINT('',(0.,0.,0.1));
#478 = DIRECTION('',(0.,0.,1.));
#479 = DIRECTION('',(1.,0.,-0.));
#480 = ADVANCED_FACE('',(#481),#500,.T.);
#481 = FACE_BOUND('',#482,.T.);
#482 = EDGE_LOOP('',(#483,#484,#492,#499));
#483 = ORIENTED_EDGE('',*,*,#237,.F.);
#484 = ORIENTED_EDGE('',*,*,#485,.T.);
#485 = EDGE_CURVE('',#238,#486,#488,.T.);
#486 = VERTEX_POINT('',#487);
#487 = CARTESIAN_POINT('',(27.95,0.,-1.9));
#488 = LINE('',#489,#490);
#489 = CARTESIAN_POINT('',(27.95,0.,0.1));
#490 = VECTOR('',#491,1.);
#491 = DIRECTION('',(-0.,-0.,-1.));
#492 = ORIENTED_EDGE('',*,*,#493,.T.);
#493 = EDGE_CURVE('',#486,#486,#494,.T.);
#494 = CIRCLE('',#495,0.45);
#495 = AXIS2_PLACEMENT_3D('',#496,#497,#498);
#496 = CARTESIAN_POINT('',(27.5,0.,-1.9));
#497 = DIRECTION('',(0.,0.,1.));
#498 = DIRECTION('',(1.,0.,-0.));
#499 = ORIENTED_EDGE('',*,*,#485,.F.);
#500 = CYLINDRICAL_SURFACE('',#501,0.45);
#501 = AXIS2_PLACEMENT_3D('',#502,#503,#504);
#502 = CARTESIAN_POINT('',(27.5,0.,0.1));
#503 = DIRECTION('',(0.,0.,1.));
#504 = DIRECTION('',(1.,0.,-0.));
#505 = ADVANCED_FACE('',(#506),#518,.T.);
#506 = FACE_BOUND('',#507,.T.);
#507 = EDGE_LOOP('',(#508,#509,#510,#511));
#508 = ORIENTED_EDGE('',*,*,#329,.T.);
#509 = ORIENTED_EDGE('',*,*,#279,.T.);
#510 = ORIENTED_EDGE('',*,*,#297,.F.);
#511 = ORIENTED_EDGE('',*,*,#512,.F.);
#512 = EDGE_CURVE('',#330,#298,#513,.T.);
#513 = CIRCLE('',#514,2.);
#514 = AXIS2_PLACEMENT_3D('',#515,#516,#517);
#515 = CARTESIAN_POINT('',(27.5,-8.,24.));
#516 = DIRECTION('',(1.,6.123233995737E-17,0.));
#517 = DIRECTION('',(6.123233995737E-17,-1.,0.));
#518 = CYLINDRICAL_SURFACE('',#519,2.);
#519 = AXIS2_PLACEMENT_3D('',#520,#521,#522);
#520 = CARTESIAN_POINT('',(27.5,-8.,24.));
#521 = DIRECTION('',(-1.,-0.,-0.));
#522 = DIRECTION('',(-0.,0.,1.));
#523 = ADVANCED_FACE('',(#524),#536,.T.);
#524 = FACE_BOUND('',#525,.T.);
#525 = EDGE_LOOP('',(#526,#527,#534,#535));
#526 = ORIENTED_EDGE('',*,*,#320,.T.);
#527 = ORIENTED_EDGE('',*,*,#528,.T.);
#528 = EDGE_CURVE('',#321,#370,#529,.T.);
#529 = CIRCLE('',#530,2.);
#530 = AXIS2_PLACEMENT_3D('',#531,#532,#533);
#531 = CARTESIAN_POINT('',(27.5,8.,24.));
#532 = DIRECTION('',(-1.,0.,0.));
#533 = DIRECTION('',(0.,0.,1.));
#534 = ORIENTED_EDGE('',*,*,#369,.F.);
#535 = ORIENTED_EDGE('',*,*,#352,.F.);
#536 = CYLINDRICAL_SURFACE('',#537,2.);
#537 = AXIS2_PLACEMENT_3D('',#538,#539,#540);
#538 = CARTESIAN_POINT('',(0.,8.,24.));
#539 = DIRECTION('',(1.,0.,0.));
#540 = DIRECTION('',(0.,0.,1.));
#541 = ADVANCED_FACE('',(#542),#560,.T.);
#542 = FACE_BOUND('',#543,.T.);
#543 = EDGE_LOOP('',(#544,#545,#552,#553));
#544 = ORIENTED_EDGE('',*,*,#337,.T.);
#545 = ORIENTED_EDGE('',*,*,#546,.T.);
#546 = EDGE_CURVE('',#330,#393,#547,.T.);
#547 = CIRCLE('',#548,2.);
#548 = AXIS2_PLACEMENT_3D('',#549,#550,#551);
#549 = CARTESIAN_POINT('',(27.5,-8.,24.));
#550 = DIRECTION('',(0.,1.,0.));
#551 = DIRECTION('',(0.,-0.,1.));
#552 = ORIENTED_EDGE('',*,*,#445,.F.);
#553 = ORIENTED_EDGE('',*,*,#554,.F.);
#554 = EDGE_CURVE('',#321,#418,#555,.T.);
#555 = CIRCLE('',#556,2.);
#556 = AXIS2_PLACEMENT_3D('',#557,#558,#559);
#557 = CARTESIAN_POINT('',(27.5,8.,24.));
#558 = DIRECTION('',(-6.123233995737E-17,1.,0.));
#559 = DIRECTION('',(1.,6.123233995737E-17,0.));
#560 = CYLINDRICAL_SURFACE('',#561,2.);
#561 = AXIS2_PLACEMENT_3D('',#562,#563,#564);
#562 = CARTESIAN_POINT('',(27.5,8.,24.));
#563 = DIRECTION('',(-0.,-1.,-0.));
#564 = DIRECTION('',(0.,0.,1.));
#565 = ADVANCED_FACE('',(#566),#571,.T.);
#566 = FACE_BOUND('',#567,.T.);
#567 = EDGE_LOOP('',(#568,#569,#570));
#568 = ORIENTED_EDGE('',*,*,#546,.F.);
#569 = ORIENTED_EDGE('',*,*,#512,.T.);
#570 = ORIENTED_EDGE('',*,*,#392,.F.);
#571 = SPHERICAL_SURFACE('',#572,2.);
#572 = AXIS2_PLACEMENT_3D('',#573,#574,#575);
#573 = CARTESIAN_POINT('',(27.5,-8.,24.));
#574 = DIRECTION('',(-0.,-0.,-1.));
#575 = DIRECTION('',(1.,0.,0.));
#576 = ADVANCED_FACE('',(#577),#582,.T.);
#577 = FACE_BOUND('',#578,.T.);
#578 = EDGE_LOOP('',(#579,#580,#581));
#579 = ORIENTED_EDGE('',*,*,#528,.F.);
#580 = ORIENTED_EDGE('',*,*,#554,.T.);
#581 = ORIENTED_EDGE('',*,*,#427,.F.);
#582 = SPHERICAL_SURFACE('',#583,2.);
#583 = AXIS2_PLACEMENT_3D('',#584,#585,#586);
#584 = CARTESIAN_POINT('',(27.5,8.,24.));
#585 = DIRECTION('',(-0.,-0.,-1.));
#586 = DIRECTION('',(0.,1.,-0.));
#587 = ADVANCED_FACE('',(#588),#591,.F.);
#588 = FACE_BOUND('',#589,.F.);
#589 = EDGE_LOOP('',(#590));
#590 = ORIENTED_EDGE('',*,*,#468,.T.);
#591 = PLANE('',#592);
#592 = AXIS2_PLACEMENT_3D('',#593,#594,#595);
#593 = CARTESIAN_POINT('',(-3.552713678801E-15,2.911085817041E-17,-1.9)
  );
#594 = DIRECTION('',(0.,0.,1.));
#595 = DIRECTION('',(1.,0.,-0.));
#596 = ADVANCED_FACE('',(#597),#600,.F.);
#597 = FACE_BOUND('',#598,.F.);
#598 = EDGE_LOOP('',(#599));
#599 = ORIENTED_EDGE('',*,*,#493,.T.);
#600 = PLANE('',#601);
#601 = AXIS2_PLACEMENT_3D('',#602,#603,#604);
#602 = CARTESIAN_POINT('',(27.5,2.911085817041E-17,-1.9));
#603 = DIRECTION('',(0.,0.,1.));
#604 = DIRECTION('',(1.,0.,-0.));
#605 = ( GEOMETRIC_REPRESENTATION_CONTEXT(3) 
GLOBAL_UNCERTAINTY_ASSIGNED_CONTEXT((#609)) GLOBAL_UNIT_ASSIGNED_CONTEXT
((#606,#607,#608)) REPRESENTATION_CONTEXT('Context #1',
  '3D Context with UNIT and UNCERTAINTY') );
#606 = ( LENGTH_UNIT() NAMED_UNIT(*) SI_UNIT(.MILLI.,.METRE.) );
#607 = ( NAMED_UNIT(*) PLANE_ANGLE_UNIT() SI_UNIT($,.RADIAN.) );
#608 = ( NAMED_UNIT(*) SI_UNIT($,.STERADIAN.) SOLID_ANGLE_UNIT() );
#609 = UNCERTAINTY_MEASURE_WITH_UNIT(LENGTH_MEASURE(1.E-07),#606,
  'distance_accuracy_value','confusion accuracy');
#610 = CONTEXT_DEPENDENT_SHAPE_REPRESENTATION(#611,#613);
#611 = ( REPRESENTATION_RELATIONSHIP('','',#60,#10) 
REPRESENTATION_RELATIONSHIP_WITH_TRANSFORMATION(#612) 
SHAPE_REPRESENTATION_RELATIONSHIP() );
#612 = ITEM_DEFINED_TRANSFORMATION('','',#11,#15);
#613 = PRODUCT_DEFINITION_SHAPE('Placement','Placement of an item',#614
  );
#614 = NEXT_ASSEMBLY_USAGE_OCCURRENCE('1','C1','',#5,#55,$);
#615 = PRODUCT_RELATED_PRODUCT_CATEGORY('part',$,(#57));
#616 = CONTEXT_DEPENDENT_SHAPE_REPRESENTATION(#617,#619);
#617 = ( REPRESENTATION_RELATIONSHIP('','',#60,#10) 
REPRESENTATION_RELATIONSHIP_WITH_TRANSFORMATION(#618) 
SHAPE_REPRESENTATION_RELATIONSHIP() );
#618 = ITEM_DEFINED_TRANSFORMATION('','',#11,#19);
#619 = PRODUCT_DEFINITION_SHAPE('Placement','Placement of an item',#620
  );
#620 = NEXT_ASSEMBLY_USAGE_OCCURRENCE('2','C3','',#5,#55,$);
#621 = CONTEXT_DEPENDENT_SHAPE_REPRESENTATION(#622,#624);
#622 = ( REPRESENTATION_RELATIONSHIP('','',#60,#10) 
REPRESENTATION_RELATIONSHIP_WITH_TRANSFORMATION(#623) 
SHAPE_REPRESENTATION_RELATIONSHIP() );
#623 = ITEM_DEFINED_TRANSFORMATION('','',#11,#23);
#624 = PRODUCT_DEFINITION_SHAPE('Placement','Placement of an item',#625
  );
#625 = NEXT_ASSEMBLY_USAGE_OCCURRENCE('3','C2','',#5,#55,$);
#626 = CONTEXT_DEPENDENT_SHAPE_REPRESENTATION(#627,#629);
#627 = ( REPRESENTATION_RELATIONSHIP('','',#60,#10) 
REPRESENTATION_RELATIONSHIP_WITH_TRANSFORMATION(#628) 
SHAPE_REPRESENTATION_RELATIONSHIP() );
#628 = ITEM_DEFINED_TRANSFORMATION('','',#11,#27);
#629 = PRODUCT_DEFINITION_SHAPE('Placement','Placement of an item',#630
  );
#630 = NEXT_ASSEMBLY_USAGE_OCCURRENCE('4','C4','',#5,#55,$);
#631 = SHAPE_DEFINITION_REPRESENTATION(#632,#638);
#632 = PRODUCT_DEFINITION_SHAPE('','',#633);
#633 = PRODUCT_DEFINITION('design','',#634,#637);
#634 = PRODUCT_DEFINITION_FORMATION('','',#635);
#635 = PRODUCT('Capacitor_DC_Link_pad','Capacitor_DC_Link_pad','',(#636)
  );
#636 = PRODUCT_CONTEXT('',#2,'mechanical');
#637 = PRODUCT_DEFINITION_CONTEXT('part definition',#2,'design');
#638 = SHAPE_REPRESENTATION('',(#11,#639,#731,#823,#915,#1007,#1099,
    #1191,#1283,#1375,#1467,#1559,#1651,#1743,#1835,#1927,#2019,#2111,
    #2203,#2295,#2387,#2479,#2571,#2663,#2755,#2847,#3040,#3233,#3325,
    #3518,#3711,#3803,#3996,#4189,#4281,#4474,#4667,#4759,#4952,#5145,
    #5237,#5430,#5623),#5715);
#639 = MANIFOLD_SOLID_BREP('',#640);
#640 = CLOSED_SHELL('',(#641,#674,#694,#714));
#641 = ADVANCED_FACE('',(#642),#669,.T.);
#642 = FACE_BOUND('',#643,.F.);
#643 = EDGE_LOOP('',(#644,#654,#661,#662));
#644 = ORIENTED_EDGE('',*,*,#645,.T.);
#645 = EDGE_CURVE('',#646,#648,#650,.T.);
#646 = VERTEX_POINT('',#647);
#647 = CARTESIAN_POINT('',(126.449999,-55.5,1.51));
#648 = VERTEX_POINT('',#649);
#649 = CARTESIAN_POINT('',(126.449999,-55.5,1.55));
#650 = LINE('',#651,#652);
#651 = CARTESIAN_POINT('',(126.449999,-55.5,1.51));
#652 = VECTOR('',#653,1.);
#653 = DIRECTION('',(0.,0.,1.));
#654 = ORIENTED_EDGE('',*,*,#655,.T.);
#655 = EDGE_CURVE('',#648,#648,#656,.T.);
#656 = CIRCLE('',#657,1.199999);
#657 = AXIS2_PLACEMENT_3D('',#658,#659,#660);
#658 = CARTESIAN_POINT('',(125.25,-55.5,1.55));
#659 = DIRECTION('',(0.,0.,1.));
#660 = DIRECTION('',(1.,0.,-0.));
#661 = ORIENTED_EDGE('',*,*,#645,.F.);
#662 = ORIENTED_EDGE('',*,*,#663,.F.);
#663 = EDGE_CURVE('',#646,#646,#664,.T.);
#664 = CIRCLE('',#665,1.199999);
#665 = AXIS2_PLACEMENT_3D('',#666,#667,#668);
#666 = CARTESIAN_POINT('',(125.25,-55.5,1.51));
#667 = DIRECTION('',(0.,0.,1.));
#668 = DIRECTION('',(1.,0.,-0.));
#669 = CYLINDRICAL_SURFACE('',#670,1.199999);
#670 = AXIS2_PLACEMENT_3D('',#671,#672,#673);
#671 = CARTESIAN_POINT('',(125.25,-55.5,1.51));
#672 = DIRECTION('',(-0.,-0.,-1.));
#673 = DIRECTION('',(1.,0.,-0.));
#674 = ADVANCED_FACE('',(#675,#678),#689,.F.);
#675 = FACE_BOUND('',#676,.F.);
#676 = EDGE_LOOP('',(#677));
#677 = ORIENTED_EDGE('',*,*,#663,.T.);
#678 = FACE_BOUND('',#679,.F.);
#679 = EDGE_LOOP('',(#680));
#680 = ORIENTED_EDGE('',*,*,#681,.T.);
#681 = EDGE_CURVE('',#682,#682,#684,.T.);
#682 = VERTEX_POINT('',#683);
#683 = CARTESIAN_POINT('',(125.25,-56.075,1.51));
#684 = CIRCLE('',#685,0.575);
#685 = AXIS2_PLACEMENT_3D('',#686,#687,#688);
#686 = CARTESIAN_POINT('',(125.25,-55.5,1.51));
#687 = DIRECTION('',(-0.,0.,-1.));
#688 = DIRECTION('',(-0.,-1.,0.));
#689 = PLANE('',#690);
#690 = AXIS2_PLACEMENT_3D('',#691,#692,#693);
#691 = CARTESIAN_POINT('',(0.,0.,1.51));
#692 = DIRECTION('',(0.,0.,1.));
#693 = DIRECTION('',(1.,0.,-0.));
#694 = ADVANCED_FACE('',(#695,#698),#709,.T.);
#695 = FACE_BOUND('',#696,.T.);
#696 = EDGE_LOOP('',(#697));
#697 = ORIENTED_EDGE('',*,*,#655,.T.);
#698 = FACE_BOUND('',#699,.T.);
#699 = EDGE_LOOP('',(#700));
#700 = ORIENTED_EDGE('',*,*,#701,.T.);
#701 = EDGE_CURVE('',#702,#702,#704,.T.);
#702 = VERTEX_POINT('',#703);
#703 = CARTESIAN_POINT('',(125.25,-56.075,1.55));
#704 = CIRCLE('',#705,0.575);
#705 = AXIS2_PLACEMENT_3D('',#706,#707,#708);
#706 = CARTESIAN_POINT('',(125.25,-55.5,1.55));
#707 = DIRECTION('',(-0.,0.,-1.));
#708 = DIRECTION('',(-0.,-1.,0.));
#709 = PLANE('',#710);
#710 = AXIS2_PLACEMENT_3D('',#711,#712,#713);
#711 = CARTESIAN_POINT('',(0.,0.,1.55));
#712 = DIRECTION('',(0.,0.,1.));
#713 = DIRECTION('',(1.,0.,-0.));
#714 = ADVANCED_FACE('',(#715),#726,.F.);
#715 = FACE_BOUND('',#716,.T.);
#716 = EDGE_LOOP('',(#717,#718,#724,#725));
#717 = ORIENTED_EDGE('',*,*,#681,.T.);
#718 = ORIENTED_EDGE('',*,*,#719,.T.);
#719 = EDGE_CURVE('',#682,#702,#720,.T.);
#720 = LINE('',#721,#722);
#721 = CARTESIAN_POINT('',(125.25,-56.075,-4.6E-02));
#722 = VECTOR('',#723,1.);
#723 = DIRECTION('',(0.,0.,1.));
#724 = ORIENTED_EDGE('',*,*,#701,.F.);
#725 = ORIENTED_EDGE('',*,*,#719,.F.);
#726 = CYLINDRICAL_SURFACE('',#727,0.575);
#727 = AXIS2_PLACEMENT_3D('',#728,#729,#730);
#728 = CARTESIAN_POINT('',(125.25,-55.5,-4.6E-02));
#729 = DIRECTION('',(-0.,-0.,-1.));
#730 = DIRECTION('',(-0.,-1.,0.));
#731 = MANIFOLD_SOLID_BREP('',#732);
#732 = CLOSED_SHELL('',(#733,#766,#786,#806));
#733 = ADVANCED_FACE('',(#734),#761,.T.);
#734 = FACE_BOUND('',#735,.T.);
#735 = EDGE_LOOP('',(#736,#746,#753,#754));
#736 = ORIENTED_EDGE('',*,*,#737,.T.);
#737 = EDGE_CURVE('',#738,#740,#742,.T.);
#738 = VERTEX_POINT('',#739);
#739 = CARTESIAN_POINT('',(126.449999,-55.5,0.));
#740 = VERTEX_POINT('',#741);
#741 = CARTESIAN_POINT('',(126.449999,-55.5,-4.E-02));
#742 = LINE('',#743,#744);
#743 = CARTESIAN_POINT('',(126.449999,-55.5,0.));
#744 = VECTOR('',#745,1.);
#745 = DIRECTION('',(0.,0.,-1.));
#746 = ORIENTED_EDGE('',*,*,#747,.T.);
#747 = EDGE_CURVE('',#740,#740,#748,.T.);
#748 = CIRCLE('',#749,1.199999);
#749 = AXIS2_PLACEMENT_3D('',#750,#751,#752);
#750 = CARTESIAN_POINT('',(125.25,-55.5,-4.E-02));
#751 = DIRECTION('',(0.,0.,1.));
#752 = DIRECTION('',(1.,0.,-0.));
#753 = ORIENTED_EDGE('',*,*,#737,.F.);
#754 = ORIENTED_EDGE('',*,*,#755,.F.);
#755 = EDGE_CURVE('',#738,#738,#756,.T.);
#756 = CIRCLE('',#757,1.199999);
#757 = AXIS2_PLACEMENT_3D('',#758,#759,#760);
#758 = CARTESIAN_POINT('',(125.25,-55.5,0.));
#759 = DIRECTION('',(0.,0.,1.));
#760 = DIRECTION('',(1.,0.,-0.));
#761 = CYLINDRICAL_SURFACE('',#762,1.199999);
#762 = AXIS2_PLACEMENT_3D('',#763,#764,#765);
#763 = CARTESIAN_POINT('',(125.25,-55.5,0.));
#764 = DIRECTION('',(0.,0.,1.));
#765 = DIRECTION('',(1.,0.,-0.));
#766 = ADVANCED_FACE('',(#767,#770),#781,.F.);
#767 = FACE_BOUND('',#768,.F.);
#768 = EDGE_LOOP('',(#769));
#769 = ORIENTED_EDGE('',*,*,#755,.F.);
#770 = FACE_BOUND('',#771,.F.);
#771 = EDGE_LOOP('',(#772));
#772 = ORIENTED_EDGE('',*,*,#773,.F.);
#773 = EDGE_CURVE('',#774,#774,#776,.T.);
#774 = VERTEX_POINT('',#775);
#775 = CARTESIAN_POINT('',(125.25,-56.075,0.));
#776 = CIRCLE('',#777,0.575);
#777 = AXIS2_PLACEMENT_3D('',#778,#779,#780);
#778 = CARTESIAN_POINT('',(125.25,-55.5,0.));
#779 = DIRECTION('',(-0.,0.,-1.));
#780 = DIRECTION('',(-0.,-1.,0.));
#781 = PLANE('',#782);
#782 = AXIS2_PLACEMENT_3D('',#783,#784,#785);
#783 = CARTESIAN_POINT('',(0.,0.,0.));
#784 = DIRECTION('',(-0.,-0.,-1.));
#785 = DIRECTION('',(-1.,0.,0.));
#786 = ADVANCED_FACE('',(#787,#790),#801,.T.);
#787 = FACE_BOUND('',#788,.T.);
#788 = EDGE_LOOP('',(#789));
#789 = ORIENTED_EDGE('',*,*,#747,.F.);
#790 = FACE_BOUND('',#791,.T.);
#791 = EDGE_LOOP('',(#792));
#792 = ORIENTED_EDGE('',*,*,#793,.F.);
#793 = EDGE_CURVE('',#794,#794,#796,.T.);
#794 = VERTEX_POINT('',#795);
#795 = CARTESIAN_POINT('',(125.25,-56.075,-4.E-02));
#796 = CIRCLE('',#797,0.575);
#797 = AXIS2_PLACEMENT_3D('',#798,#799,#800);
#798 = CARTESIAN_POINT('',(125.25,-55.5,-4.E-02));
#799 = DIRECTION('',(-0.,0.,-1.));
#800 = DIRECTION('',(-0.,-1.,0.));
#801 = PLANE('',#802);
#802 = AXIS2_PLACEMENT_3D('',#803,#804,#805);
#803 = CARTESIAN_POINT('',(0.,0.,-4.E-02));
#804 = DIRECTION('',(-0.,-0.,-1.));
#805 = DIRECTION('',(-1.,0.,0.));
#806 = ADVANCED_FACE('',(#807),#818,.F.);
#807 = FACE_BOUND('',#808,.T.);
#808 = EDGE_LOOP('',(#809,#810,#816,#817));
#809 = ORIENTED_EDGE('',*,*,#793,.T.);
#810 = ORIENTED_EDGE('',*,*,#811,.T.);
#811 = EDGE_CURVE('',#794,#774,#812,.T.);
#812 = LINE('',#813,#814);
#813 = CARTESIAN_POINT('',(125.25,-56.075,-4.6E-02));
#814 = VECTOR('',#815,1.);
#815 = DIRECTION('',(0.,0.,1.));
#816 = ORIENTED_EDGE('',*,*,#773,.F.);
#817 = ORIENTED_EDGE('',*,*,#811,.F.);
#818 = CYLINDRICAL_SURFACE('',#819,0.575);
#819 = AXIS2_PLACEMENT_3D('',#820,#821,#822);
#820 = CARTESIAN_POINT('',(125.25,-55.5,-4.6E-02));
#821 = DIRECTION('',(-0.,-0.,-1.));
#822 = DIRECTION('',(-0.,-1.,0.));
#823 = MANIFOLD_SOLID_BREP('',#824);
#824 = CLOSED_SHELL('',(#825,#858,#878,#898));
#825 = ADVANCED_FACE('',(#826),#853,.T.);
#826 = FACE_BOUND('',#827,.F.);
#827 = EDGE_LOOP('',(#828,#838,#845,#846));
#828 = ORIENTED_EDGE('',*,*,#829,.T.);
#829 = EDGE_CURVE('',#830,#832,#834,.T.);
#830 = VERTEX_POINT('',#831);
#831 = CARTESIAN_POINT('',(125.25,-56.1,-4.E-02));
#832 = VERTEX_POINT('',#833);
#833 = CARTESIAN_POINT('',(125.25,-56.1,1.55));
#834 = LINE('',#835,#836);
#835 = CARTESIAN_POINT('',(125.25,-56.1,-4.E-02));
#836 = VECTOR('',#837,1.);
#837 = DIRECTION('',(0.,0.,1.));
#838 = ORIENTED_EDGE('',*,*,#839,.T.);
#839 = EDGE_CURVE('',#832,#832,#840,.T.);
#840 = CIRCLE('',#841,0.6);
#841 = AXIS2_PLACEMENT_3D('',#842,#843,#844);
#842 = CARTESIAN_POINT('',(125.25,-55.5,1.55));
#843 = DIRECTION('',(0.,0.,1.));
#844 = DIRECTION('',(-0.,-1.,0.));
#845 = ORIENTED_EDGE('',*,*,#829,.F.);
#846 = ORIENTED_EDGE('',*,*,#847,.F.);
#847 = EDGE_CURVE('',#830,#830,#848,.T.);
#848 = CIRCLE('',#849,0.6);
#849 = AXIS2_PLACEMENT_3D('',#850,#851,#852);
#850 = CARTESIAN_POINT('',(125.25,-55.5,-4.E-02));
#851 = DIRECTION('',(0.,0.,1.));
#852 = DIRECTION('',(-0.,-1.,0.));
#853 = CYLINDRICAL_SURFACE('',#854,0.6);
#854 = AXIS2_PLACEMENT_3D('',#855,#856,#857);
#855 = CARTESIAN_POINT('',(125.25,-55.5,-4.E-02));
#856 = DIRECTION('',(-0.,-0.,-1.));
#857 = DIRECTION('',(-0.,-1.,0.));
#858 = ADVANCED_FACE('',(#859,#862),#873,.F.);
#859 = FACE_BOUND('',#860,.F.);
#860 = EDGE_LOOP('',(#861));
#861 = ORIENTED_EDGE('',*,*,#847,.T.);
#862 = FACE_BOUND('',#863,.F.);
#863 = EDGE_LOOP('',(#864));
#864 = ORIENTED_EDGE('',*,*,#865,.T.);
#865 = EDGE_CURVE('',#866,#866,#868,.T.);
#866 = VERTEX_POINT('',#867);
#867 = CARTESIAN_POINT('',(125.25,-56.075,-4.E-02));
#868 = CIRCLE('',#869,0.575);
#869 = AXIS2_PLACEMENT_3D('',#870,#871,#872);
#870 = CARTESIAN_POINT('',(125.25,-55.5,-4.E-02));
#871 = DIRECTION('',(-0.,0.,-1.));
#872 = DIRECTION('',(-0.,-1.,0.));
#873 = PLANE('',#874);
#874 = AXIS2_PLACEMENT_3D('',#875,#876,#877);
#875 = CARTESIAN_POINT('',(125.25,-56.1,-4.E-02));
#876 = DIRECTION('',(0.,0.,1.));
#877 = DIRECTION('',(1.,0.,-0.));
#878 = ADVANCED_FACE('',(#879,#882),#893,.T.);
#879 = FACE_BOUND('',#880,.T.);
#880 = EDGE_LOOP('',(#881));
#881 = ORIENTED_EDGE('',*,*,#839,.T.);
#882 = FACE_BOUND('',#883,.T.);
#883 = EDGE_LOOP('',(#884));
#884 = ORIENTED_EDGE('',*,*,#885,.T.);
#885 = EDGE_CURVE('',#886,#886,#888,.T.);
#886 = VERTEX_POINT('',#887);
#887 = CARTESIAN_POINT('',(125.25,-56.075,1.55));
#888 = CIRCLE('',#889,0.575);
#889 = AXIS2_PLACEMENT_3D('',#890,#891,#892);
#890 = CARTESIAN_POINT('',(125.25,-55.5,1.55));
#891 = DIRECTION('',(-0.,0.,-1.));
#892 = DIRECTION('',(-0.,-1.,0.));
#893 = PLANE('',#894);
#894 = AXIS2_PLACEMENT_3D('',#895,#896,#897);
#895 = CARTESIAN_POINT('',(125.25,-56.1,1.55));
#896 = DIRECTION('',(0.,0.,1.));
#897 = DIRECTION('',(1.,0.,-0.));
#898 = ADVANCED_FACE('',(#899),#910,.F.);
#899 = FACE_BOUND('',#900,.T.);
#900 = EDGE_LOOP('',(#901,#902,#908,#909));
#901 = ORIENTED_EDGE('',*,*,#865,.T.);
#902 = ORIENTED_EDGE('',*,*,#903,.T.);
#903 = EDGE_CURVE('',#866,#886,#904,.T.);
#904 = LINE('',#905,#906);
#905 = CARTESIAN_POINT('',(125.25,-56.075,-4.6E-02));
#906 = VECTOR('',#907,1.);
#907 = DIRECTION('',(0.,0.,1.));
#908 = ORIENTED_EDGE('',*,*,#885,.F.);
#909 = ORIENTED_EDGE('',*,*,#903,.F.);
#910 = CYLINDRICAL_SURFACE('',#911,0.575);
#911 = AXIS2_PLACEMENT_3D('',#912,#913,#914);
#912 = CARTESIAN_POINT('',(125.25,-55.5,-4.6E-02));
#913 = DIRECTION('',(-0.,-0.,-1.));
#914 = DIRECTION('',(-0.,-1.,0.));
#915 = MANIFOLD_SOLID_BREP('',#916);
#916 = CLOSED_SHELL('',(#917,#950,#970,#990));
#917 = ADVANCED_FACE('',(#918),#945,.T.);
#918 = FACE_BOUND('',#919,.F.);
#919 = EDGE_LOOP('',(#920,#930,#937,#938));
#920 = ORIENTED_EDGE('',*,*,#921,.T.);
#921 = EDGE_CURVE('',#922,#924,#926,.T.);
#922 = VERTEX_POINT('',#923);
#923 = CARTESIAN_POINT('',(168.949999,-55.5,1.51));
#924 = VERTEX_POINT('',#925);
#925 = CARTESIAN_POINT('',(168.949999,-55.5,1.55));
#926 = LINE('',#927,#928);
#927 = CARTESIAN_POINT('',(168.949999,-55.5,1.51));
#928 = VECTOR('',#929,1.);
#929 = DIRECTION('',(0.,0.,1.));
#930 = ORIENTED_EDGE('',*,*,#931,.T.);
#931 = EDGE_CURVE('',#924,#924,#932,.T.);
#932 = CIRCLE('',#933,1.199999);
#933 = AXIS2_PLACEMENT_3D('',#934,#935,#936);
#934 = CARTESIAN_POINT('',(167.75,-55.5,1.55));
#935 = DIRECTION('',(0.,0.,1.));
#936 = DIRECTION('',(1.,0.,-0.));
#937 = ORIENTED_EDGE('',*,*,#921,.F.);
#938 = ORIENTED_EDGE('',*,*,#939,.F.);
#939 = EDGE_CURVE('',#922,#922,#940,.T.);
#940 = CIRCLE('',#941,1.199999);
#941 = AXIS2_PLACEMENT_3D('',#942,#943,#944);
#942 = CARTESIAN_POINT('',(167.75,-55.5,1.51));
#943 = DIRECTION('',(0.,0.,1.));
#944 = DIRECTION('',(1.,0.,-0.));
#945 = CYLINDRICAL_SURFACE('',#946,1.199999);
#946 = AXIS2_PLACEMENT_3D('',#947,#948,#949);
#947 = CARTESIAN_POINT('',(167.75,-55.5,1.51));
#948 = DIRECTION('',(-0.,-0.,-1.));
#949 = DIRECTION('',(1.,0.,-0.));
#950 = ADVANCED_FACE('',(#951,#954),#965,.F.);
#951 = FACE_BOUND('',#952,.F.);
#952 = EDGE_LOOP('',(#953));
#953 = ORIENTED_EDGE('',*,*,#939,.T.);
#954 = FACE_BOUND('',#955,.F.);
#955 = EDGE_LOOP('',(#956));
#956 = ORIENTED_EDGE('',*,*,#957,.T.);
#957 = EDGE_CURVE('',#958,#958,#960,.T.);
#958 = VERTEX_POINT('',#959);
#959 = CARTESIAN_POINT('',(167.75,-56.075,1.51));
#960 = CIRCLE('',#961,0.575);
#961 = AXIS2_PLACEMENT_3D('',#962,#963,#964);
#962 = CARTESIAN_POINT('',(167.75,-55.5,1.51));
#963 = DIRECTION('',(-0.,0.,-1.));
#964 = DIRECTION('',(-0.,-1.,0.));
#965 = PLANE('',#966);
#966 = AXIS2_PLACEMENT_3D('',#967,#968,#969);
#967 = CARTESIAN_POINT('',(0.,0.,1.51));
#968 = DIRECTION('',(0.,0.,1.));
#969 = DIRECTION('',(1.,0.,-0.));
#970 = ADVANCED_FACE('',(#971,#974),#985,.T.);
#971 = FACE_BOUND('',#972,.T.);
#972 = EDGE_LOOP('',(#973));
#973 = ORIENTED_EDGE('',*,*,#931,.T.);
#974 = FACE_BOUND('',#975,.T.);
#975 = EDGE_LOOP('',(#976));
#976 = ORIENTED_EDGE('',*,*,#977,.T.);
#977 = EDGE_CURVE('',#978,#978,#980,.T.);
#978 = VERTEX_POINT('',#979);
#979 = CARTESIAN_POINT('',(167.75,-56.075,1.55));
#980 = CIRCLE('',#981,0.575);
#981 = AXIS2_PLACEMENT_3D('',#982,#983,#984);
#982 = CARTESIAN_POINT('',(167.75,-55.5,1.55));
#983 = DIRECTION('',(-0.,0.,-1.));
#984 = DIRECTION('',(-0.,-1.,0.));
#985 = PLANE('',#986);
#986 = AXIS2_PLACEMENT_3D('',#987,#988,#989);
#987 = CARTESIAN_POINT('',(0.,0.,1.55));
#988 = DIRECTION('',(0.,0.,1.));
#989 = DIRECTION('',(1.,0.,-0.));
#990 = ADVANCED_FACE('',(#991),#1002,.F.);
#991 = FACE_BOUND('',#992,.T.);
#992 = EDGE_LOOP('',(#993,#994,#1000,#1001));
#993 = ORIENTED_EDGE('',*,*,#957,.T.);
#994 = ORIENTED_EDGE('',*,*,#995,.T.);
#995 = EDGE_CURVE('',#958,#978,#996,.T.);
#996 = LINE('',#997,#998);
#997 = CARTESIAN_POINT('',(167.75,-56.075,-4.6E-02));
#998 = VECTOR('',#999,1.);
#999 = DIRECTION('',(0.,0.,1.));
#1000 = ORIENTED_EDGE('',*,*,#977,.F.);
#1001 = ORIENTED_EDGE('',*,*,#995,.F.);
#1002 = CYLINDRICAL_SURFACE('',#1003,0.575);
#1003 = AXIS2_PLACEMENT_3D('',#1004,#1005,#1006);
#1004 = CARTESIAN_POINT('',(167.75,-55.5,-4.6E-02));
#1005 = DIRECTION('',(-0.,-0.,-1.));
#1006 = DIRECTION('',(-0.,-1.,0.));
#1007 = MANIFOLD_SOLID_BREP('',#1008);
#1008 = CLOSED_SHELL('',(#1009,#1042,#1062,#1082));
#1009 = ADVANCED_FACE('',(#1010),#1037,.T.);
#1010 = FACE_BOUND('',#1011,.T.);
#1011 = EDGE_LOOP('',(#1012,#1022,#1029,#1030));
#1012 = ORIENTED_EDGE('',*,*,#1013,.T.);
#1013 = EDGE_CURVE('',#1014,#1016,#1018,.T.);
#1014 = VERTEX_POINT('',#1015);
#1015 = CARTESIAN_POINT('',(168.949999,-55.5,0.));
#1016 = VERTEX_POINT('',#1017);
#1017 = CARTESIAN_POINT('',(168.949999,-55.5,-4.E-02));
#1018 = LINE('',#1019,#1020);
#1019 = CARTESIAN_POINT('',(168.949999,-55.5,0.));
#1020 = VECTOR('',#1021,1.);
#1021 = DIRECTION('',(0.,0.,-1.));
#1022 = ORIENTED_EDGE('',*,*,#1023,.T.);
#1023 = EDGE_CURVE('',#1016,#1016,#1024,.T.);
#1024 = CIRCLE('',#1025,1.199999);
#1025 = AXIS2_PLACEMENT_3D('',#1026,#1027,#1028);
#1026 = CARTESIAN_POINT('',(167.75,-55.5,-4.E-02));
#1027 = DIRECTION('',(0.,0.,1.));
#1028 = DIRECTION('',(1.,0.,-0.));
#1029 = ORIENTED_EDGE('',*,*,#1013,.F.);
#1030 = ORIENTED_EDGE('',*,*,#1031,.F.);
#1031 = EDGE_CURVE('',#1014,#1014,#1032,.T.);
#1032 = CIRCLE('',#1033,1.199999);
#1033 = AXIS2_PLACEMENT_3D('',#1034,#1035,#1036);
#1034 = CARTESIAN_POINT('',(167.75,-55.5,0.));
#1035 = DIRECTION('',(0.,0.,1.));
#1036 = DIRECTION('',(1.,0.,-0.));
#1037 = CYLINDRICAL_SURFACE('',#1038,1.199999);
#1038 = AXIS2_PLACEMENT_3D('',#1039,#1040,#1041);
#1039 = CARTESIAN_POINT('',(167.75,-55.5,0.));
#1040 = DIRECTION('',(0.,0.,1.));
#1041 = DIRECTION('',(1.,0.,-0.));
#1042 = ADVANCED_FACE('',(#1043,#1046),#1057,.F.);
#1043 = FACE_BOUND('',#1044,.F.);
#1044 = EDGE_LOOP('',(#1045));
#1045 = ORIENTED_EDGE('',*,*,#1031,.F.);
#1046 = FACE_BOUND('',#1047,.F.);
#1047 = EDGE_LOOP('',(#1048));
#1048 = ORIENTED_EDGE('',*,*,#1049,.F.);
#1049 = EDGE_CURVE('',#1050,#1050,#1052,.T.);
#1050 = VERTEX_POINT('',#1051);
#1051 = CARTESIAN_POINT('',(167.75,-56.075,0.));
#1052 = CIRCLE('',#1053,0.575);
#1053 = AXIS2_PLACEMENT_3D('',#1054,#1055,#1056);
#1054 = CARTESIAN_POINT('',(167.75,-55.5,0.));
#1055 = DIRECTION('',(-0.,0.,-1.));
#1056 = DIRECTION('',(-0.,-1.,0.));
#1057 = PLANE('',#1058);
#1058 = AXIS2_PLACEMENT_3D('',#1059,#1060,#1061);
#1059 = CARTESIAN_POINT('',(0.,0.,0.));
#1060 = DIRECTION('',(-0.,-0.,-1.));
#1061 = DIRECTION('',(-1.,0.,0.));
#1062 = ADVANCED_FACE('',(#1063,#1066),#1077,.T.);
#1063 = FACE_BOUND('',#1064,.T.);
#1064 = EDGE_LOOP('',(#1065));
#1065 = ORIENTED_EDGE('',*,*,#1023,.F.);
#1066 = FACE_BOUND('',#1067,.T.);
#1067 = EDGE_LOOP('',(#1068));
#1068 = ORIENTED_EDGE('',*,*,#1069,.F.);
#1069 = EDGE_CURVE('',#1070,#1070,#1072,.T.);
#1070 = VERTEX_POINT('',#1071);
#1071 = CARTESIAN_POINT('',(167.75,-56.075,-4.E-02));
#1072 = CIRCLE('',#1073,0.575);
#1073 = AXIS2_PLACEMENT_3D('',#1074,#1075,#1076);
#1074 = CARTESIAN_POINT('',(167.75,-55.5,-4.E-02));
#1075 = DIRECTION('',(-0.,0.,-1.));
#1076 = DIRECTION('',(-0.,-1.,0.));
#1077 = PLANE('',#1078);
#1078 = AXIS2_PLACEMENT_3D('',#1079,#1080,#1081);
#1079 = CARTESIAN_POINT('',(0.,0.,-4.E-02));
#1080 = DIRECTION('',(-0.,-0.,-1.));
#1081 = DIRECTION('',(-1.,0.,0.));
#1082 = ADVANCED_FACE('',(#1083),#1094,.F.);
#1083 = FACE_BOUND('',#1084,.T.);
#1084 = EDGE_LOOP('',(#1085,#1086,#1092,#1093));
#1085 = ORIENTED_EDGE('',*,*,#1069,.T.);
#1086 = ORIENTED_EDGE('',*,*,#1087,.T.);
#1087 = EDGE_CURVE('',#1070,#1050,#1088,.T.);
#1088 = LINE('',#1089,#1090);
#1089 = CARTESIAN_POINT('',(167.75,-56.075,-4.6E-02));
#1090 = VECTOR('',#1091,1.);
#1091 = DIRECTION('',(0.,0.,1.));
#1092 = ORIENTED_EDGE('',*,*,#1049,.F.);
#1093 = ORIENTED_EDGE('',*,*,#1087,.F.);
#1094 = CYLINDRICAL_SURFACE('',#1095,0.575);
#1095 = AXIS2_PLACEMENT_3D('',#1096,#1097,#1098);
#1096 = CARTESIAN_POINT('',(167.75,-55.5,-4.6E-02));
#1097 = DIRECTION('',(-0.,-0.,-1.));
#1098 = DIRECTION('',(-0.,-1.,0.));
#1099 = MANIFOLD_SOLID_BREP('',#1100);
#1100 = CLOSED_SHELL('',(#1101,#1134,#1154,#1174));
#1101 = ADVANCED_FACE('',(#1102),#1129,.T.);
#1102 = FACE_BOUND('',#1103,.F.);
#1103 = EDGE_LOOP('',(#1104,#1114,#1121,#1122));
#1104 = ORIENTED_EDGE('',*,*,#1105,.T.);
#1105 = EDGE_CURVE('',#1106,#1108,#1110,.T.);
#1106 = VERTEX_POINT('',#1107);
#1107 = CARTESIAN_POINT('',(167.75,-56.1,-4.E-02));
#1108 = VERTEX_POINT('',#1109);
#1109 = CARTESIAN_POINT('',(167.75,-56.1,1.55));
#1110 = LINE('',#1111,#1112);
#1111 = CARTESIAN_POINT('',(167.75,-56.1,-4.E-02));
#1112 = VECTOR('',#1113,1.);
#1113 = DIRECTION('',(0.,0.,1.));
#1114 = ORIENTED_EDGE('',*,*,#1115,.T.);
#1115 = EDGE_CURVE('',#1108,#1108,#1116,.T.);
#1116 = CIRCLE('',#1117,0.6);
#1117 = AXIS2_PLACEMENT_3D('',#1118,#1119,#1120);
#1118 = CARTESIAN_POINT('',(167.75,-55.5,1.55));
#1119 = DIRECTION('',(0.,0.,1.));
#1120 = DIRECTION('',(-0.,-1.,0.));
#1121 = ORIENTED_EDGE('',*,*,#1105,.F.);
#1122 = ORIENTED_EDGE('',*,*,#1123,.F.);
#1123 = EDGE_CURVE('',#1106,#1106,#1124,.T.);
#1124 = CIRCLE('',#1125,0.6);
#1125 = AXIS2_PLACEMENT_3D('',#1126,#1127,#1128);
#1126 = CARTESIAN_POINT('',(167.75,-55.5,-4.E-02));
#1127 = DIRECTION('',(0.,0.,1.));
#1128 = DIRECTION('',(-0.,-1.,0.));
#1129 = CYLINDRICAL_SURFACE('',#1130,0.6);
#1130 = AXIS2_PLACEMENT_3D('',#1131,#1132,#1133);
#1131 = CARTESIAN_POINT('',(167.75,-55.5,-4.E-02));
#1132 = DIRECTION('',(-0.,-0.,-1.));
#1133 = DIRECTION('',(-0.,-1.,0.));
#1134 = ADVANCED_FACE('',(#1135,#1138),#1149,.F.);
#1135 = FACE_BOUND('',#1136,.F.);
#1136 = EDGE_LOOP('',(#1137));
#1137 = ORIENTED_EDGE('',*,*,#1123,.T.);
#1138 = FACE_BOUND('',#1139,.F.);
#1139 = EDGE_LOOP('',(#1140));
#1140 = ORIENTED_EDGE('',*,*,#1141,.T.);
#1141 = EDGE_CURVE('',#1142,#1142,#1144,.T.);
#1142 = VERTEX_POINT('',#1143);
#1143 = CARTESIAN_POINT('',(167.75,-56.075,-4.E-02));
#1144 = CIRCLE('',#1145,0.575);
#1145 = AXIS2_PLACEMENT_3D('',#1146,#1147,#1148);
#1146 = CARTESIAN_POINT('',(167.75,-55.5,-4.E-02));
#1147 = DIRECTION('',(-0.,0.,-1.));
#1148 = DIRECTION('',(-0.,-1.,0.));
#1149 = PLANE('',#1150);
#1150 = AXIS2_PLACEMENT_3D('',#1151,#1152,#1153);
#1151 = CARTESIAN_POINT('',(167.75,-56.1,-4.E-02));
#1152 = DIRECTION('',(0.,0.,1.));
#1153 = DIRECTION('',(1.,0.,-0.));
#1154 = ADVANCED_FACE('',(#1155,#1158),#1169,.T.);
#1155 = FACE_BOUND('',#1156,.T.);
#1156 = EDGE_LOOP('',(#1157));
#1157 = ORIENTED_EDGE('',*,*,#1115,.T.);
#1158 = FACE_BOUND('',#1159,.T.);
#1159 = EDGE_LOOP('',(#1160));
#1160 = ORIENTED_EDGE('',*,*,#1161,.T.);
#1161 = EDGE_CURVE('',#1162,#1162,#1164,.T.);
#1162 = VERTEX_POINT('',#1163);
#1163 = CARTESIAN_POINT('',(167.75,-56.075,1.55));
#1164 = CIRCLE('',#1165,0.575);
#1165 = AXIS2_PLACEMENT_3D('',#1166,#1167,#1168);
#1166 = CARTESIAN_POINT('',(167.75,-55.5,1.55));
#1167 = DIRECTION('',(-0.,0.,-1.));
#1168 = DIRECTION('',(-0.,-1.,0.));
#1169 = PLANE('',#1170);
#1170 = AXIS2_PLACEMENT_3D('',#1171,#1172,#1173);
#1171 = CARTESIAN_POINT('',(167.75,-56.1,1.55));
#1172 = DIRECTION('',(0.,0.,1.));
#1173 = DIRECTION('',(1.,0.,-0.));
#1174 = ADVANCED_FACE('',(#1175),#1186,.F.);
#1175 = FACE_BOUND('',#1176,.T.);
#1176 = EDGE_LOOP('',(#1177,#1178,#1184,#1185));
#1177 = ORIENTED_EDGE('',*,*,#1141,.T.);
#1178 = ORIENTED_EDGE('',*,*,#1179,.T.);
#1179 = EDGE_CURVE('',#1142,#1162,#1180,.T.);
#1180 = LINE('',#1181,#1182);
#1181 = CARTESIAN_POINT('',(167.75,-56.075,-4.6E-02));
#1182 = VECTOR('',#1183,1.);
#1183 = DIRECTION('',(0.,0.,1.));
#1184 = ORIENTED_EDGE('',*,*,#1161,.F.);
#1185 = ORIENTED_EDGE('',*,*,#1179,.F.);
#1186 = CYLINDRICAL_SURFACE('',#1187,0.575);
#1187 = AXIS2_PLACEMENT_3D('',#1188,#1189,#1190);
#1188 = CARTESIAN_POINT('',(167.75,-55.5,-4.6E-02));
#1189 = DIRECTION('',(-0.,-0.,-1.));
#1190 = DIRECTION('',(-0.,-1.,0.));
#1191 = MANIFOLD_SOLID_BREP('',#1192);
#1192 = CLOSED_SHELL('',(#1193,#1226,#1246,#1266));
#1193 = ADVANCED_FACE('',(#1194),#1221,.T.);
#1194 = FACE_BOUND('',#1195,.F.);
#1195 = EDGE_LOOP('',(#1196,#1206,#1213,#1214));
#1196 = ORIENTED_EDGE('',*,*,#1197,.T.);
#1197 = EDGE_CURVE('',#1198,#1200,#1202,.T.);
#1198 = VERTEX_POINT('',#1199);
#1199 = CARTESIAN_POINT('',(126.449999,-83.,1.51));
#1200 = VERTEX_POINT('',#1201);
#1201 = CARTESIAN_POINT('',(126.449999,-83.,1.55));
#1202 = LINE('',#1203,#1204);
#1203 = CARTESIAN_POINT('',(126.449999,-83.,1.51));
#1204 = VECTOR('',#1205,1.);
#1205 = DIRECTION('',(0.,0.,1.));
#1206 = ORIENTED_EDGE('',*,*,#1207,.T.);
#1207 = EDGE_CURVE('',#1200,#1200,#1208,.T.);
#1208 = CIRCLE('',#1209,1.199999);
#1209 = AXIS2_PLACEMENT_3D('',#1210,#1211,#1212);
#1210 = CARTESIAN_POINT('',(125.25,-83.,1.55));
#1211 = DIRECTION('',(0.,0.,1.));
#1212 = DIRECTION('',(1.,0.,-0.));
#1213 = ORIENTED_EDGE('',*,*,#1197,.F.);
#1214 = ORIENTED_EDGE('',*,*,#1215,.F.);
#1215 = EDGE_CURVE('',#1198,#1198,#1216,.T.);
#1216 = CIRCLE('',#1217,1.199999);
#1217 = AXIS2_PLACEMENT_3D('',#1218,#1219,#1220);
#1218 = CARTESIAN_POINT('',(125.25,-83.,1.51));
#1219 = DIRECTION('',(0.,0.,1.));
#1220 = DIRECTION('',(1.,0.,-0.));
#1221 = CYLINDRICAL_SURFACE('',#1222,1.199999);
#1222 = AXIS2_PLACEMENT_3D('',#1223,#1224,#1225);
#1223 = CARTESIAN_POINT('',(125.25,-83.,1.51));
#1224 = DIRECTION('',(-0.,-0.,-1.));
#1225 = DIRECTION('',(1.,0.,-0.));
#1226 = ADVANCED_FACE('',(#1227,#1230),#1241,.F.);
#1227 = FACE_BOUND('',#1228,.F.);
#1228 = EDGE_LOOP('',(#1229));
#1229 = ORIENTED_EDGE('',*,*,#1215,.T.);
#1230 = FACE_BOUND('',#1231,.F.);
#1231 = EDGE_LOOP('',(#1232));
#1232 = ORIENTED_EDGE('',*,*,#1233,.T.);
#1233 = EDGE_CURVE('',#1234,#1234,#1236,.T.);
#1234 = VERTEX_POINT('',#1235);
#1235 = CARTESIAN_POINT('',(125.25,-83.575,1.51));
#1236 = CIRCLE('',#1237,0.575);
#1237 = AXIS2_PLACEMENT_3D('',#1238,#1239,#1240);
#1238 = CARTESIAN_POINT('',(125.25,-83.,1.51));
#1239 = DIRECTION('',(-0.,0.,-1.));
#1240 = DIRECTION('',(-0.,-1.,0.));
#1241 = PLANE('',#1242);
#1242 = AXIS2_PLACEMENT_3D('',#1243,#1244,#1245);
#1243 = CARTESIAN_POINT('',(0.,0.,1.51));
#1244 = DIRECTION('',(0.,0.,1.));
#1245 = DIRECTION('',(1.,0.,-0.));
#1246 = ADVANCED_FACE('',(#1247,#1250),#1261,.T.);
#1247 = FACE_BOUND('',#1248,.T.);
#1248 = EDGE_LOOP('',(#1249));
#1249 = ORIENTED_EDGE('',*,*,#1207,.T.);
#1250 = FACE_BOUND('',#1251,.T.);
#1251 = EDGE_LOOP('',(#1252));
#1252 = ORIENTED_EDGE('',*,*,#1253,.T.);
#1253 = EDGE_CURVE('',#1254,#1254,#1256,.T.);
#1254 = VERTEX_POINT('',#1255);
#1255 = CARTESIAN_POINT('',(125.25,-83.575,1.55));
#1256 = CIRCLE('',#1257,0.575);
#1257 = AXIS2_PLACEMENT_3D('',#1258,#1259,#1260);
#1258 = CARTESIAN_POINT('',(125.25,-83.,1.55));
#1259 = DIRECTION('',(-0.,0.,-1.));
#1260 = DIRECTION('',(-0.,-1.,0.));
#1261 = PLANE('',#1262);
#1262 = AXIS2_PLACEMENT_3D('',#1263,#1264,#1265);
#1263 = CARTESIAN_POINT('',(0.,0.,1.55));
#1264 = DIRECTION('',(0.,0.,1.));
#1265 = DIRECTION('',(1.,0.,-0.));
#1266 = ADVANCED_FACE('',(#1267),#1278,.F.);
#1267 = FACE_BOUND('',#1268,.T.);
#1268 = EDGE_LOOP('',(#1269,#1270,#1276,#1277));
#1269 = ORIENTED_EDGE('',*,*,#1233,.T.);
#1270 = ORIENTED_EDGE('',*,*,#1271,.T.);
#1271 = EDGE_CURVE('',#1234,#1254,#1272,.T.);
#1272 = LINE('',#1273,#1274);
#1273 = CARTESIAN_POINT('',(125.25,-83.575,-4.6E-02));
#1274 = VECTOR('',#1275,1.);
#1275 = DIRECTION('',(0.,0.,1.));
#1276 = ORIENTED_EDGE('',*,*,#1253,.F.);
#1277 = ORIENTED_EDGE('',*,*,#1271,.F.);
#1278 = CYLINDRICAL_SURFACE('',#1279,0.575);
#1279 = AXIS2_PLACEMENT_3D('',#1280,#1281,#1282);
#1280 = CARTESIAN_POINT('',(125.25,-83.,-4.6E-02));
#1281 = DIRECTION('',(-0.,-0.,-1.));
#1282 = DIRECTION('',(-0.,-1.,0.));
#1283 = MANIFOLD_SOLID_BREP('',#1284);
#1284 = CLOSED_SHELL('',(#1285,#1318,#1338,#1358));
#1285 = ADVANCED_FACE('',(#1286),#1313,.T.);
#1286 = FACE_BOUND('',#1287,.T.);
#1287 = EDGE_LOOP('',(#1288,#1298,#1305,#1306));
#1288 = ORIENTED_EDGE('',*,*,#1289,.T.);
#1289 = EDGE_CURVE('',#1290,#1292,#1294,.T.);
#1290 = VERTEX_POINT('',#1291);
#1291 = CARTESIAN_POINT('',(126.449999,-83.,0.));
#1292 = VERTEX_POINT('',#1293);
#1293 = CARTESIAN_POINT('',(126.449999,-83.,-4.E-02));
#1294 = LINE('',#1295,#1296);
#1295 = CARTESIAN_POINT('',(126.449999,-83.,0.));
#1296 = VECTOR('',#1297,1.);
#1297 = DIRECTION('',(0.,0.,-1.));
#1298 = ORIENTED_EDGE('',*,*,#1299,.T.);
#1299 = EDGE_CURVE('',#1292,#1292,#1300,.T.);
#1300 = CIRCLE('',#1301,1.199999);
#1301 = AXIS2_PLACEMENT_3D('',#1302,#1303,#1304);
#1302 = CARTESIAN_POINT('',(125.25,-83.,-4.E-02));
#1303 = DIRECTION('',(0.,0.,1.));
#1304 = DIRECTION('',(1.,0.,-0.));
#1305 = ORIENTED_EDGE('',*,*,#1289,.F.);
#1306 = ORIENTED_EDGE('',*,*,#1307,.F.);
#1307 = EDGE_CURVE('',#1290,#1290,#1308,.T.);
#1308 = CIRCLE('',#1309,1.199999);
#1309 = AXIS2_PLACEMENT_3D('',#1310,#1311,#1312);
#1310 = CARTESIAN_POINT('',(125.25,-83.,0.));
#1311 = DIRECTION('',(0.,0.,1.));
#1312 = DIRECTION('',(1.,0.,-0.));
#1313 = CYLINDRICAL_SURFACE('',#1314,1.199999);
#1314 = AXIS2_PLACEMENT_3D('',#1315,#1316,#1317);
#1315 = CARTESIAN_POINT('',(125.25,-83.,0.));
#1316 = DIRECTION('',(0.,0.,1.));
#1317 = DIRECTION('',(1.,0.,-0.));
#1318 = ADVANCED_FACE('',(#1319,#1322),#1333,.F.);
#1319 = FACE_BOUND('',#1320,.F.);
#1320 = EDGE_LOOP('',(#1321));
#1321 = ORIENTED_EDGE('',*,*,#1307,.F.);
#1322 = FACE_BOUND('',#1323,.F.);
#1323 = EDGE_LOOP('',(#1324));
#1324 = ORIENTED_EDGE('',*,*,#1325,.F.);
#1325 = EDGE_CURVE('',#1326,#1326,#1328,.T.);
#1326 = VERTEX_POINT('',#1327);
#1327 = CARTESIAN_POINT('',(125.25,-83.575,0.));
#1328 = CIRCLE('',#1329,0.575);
#1329 = AXIS2_PLACEMENT_3D('',#1330,#1331,#1332);
#1330 = CARTESIAN_POINT('',(125.25,-83.,0.));
#1331 = DIRECTION('',(-0.,0.,-1.));
#1332 = DIRECTION('',(-0.,-1.,0.));
#1333 = PLANE('',#1334);
#1334 = AXIS2_PLACEMENT_3D('',#1335,#1336,#1337);
#1335 = CARTESIAN_POINT('',(0.,0.,0.));
#1336 = DIRECTION('',(-0.,-0.,-1.));
#1337 = DIRECTION('',(-1.,0.,0.));
#1338 = ADVANCED_FACE('',(#1339,#1342),#1353,.T.);
#1339 = FACE_BOUND('',#1340,.T.);
#1340 = EDGE_LOOP('',(#1341));
#1341 = ORIENTED_EDGE('',*,*,#1299,.F.);
#1342 = FACE_BOUND('',#1343,.T.);
#1343 = EDGE_LOOP('',(#1344));
#1344 = ORIENTED_EDGE('',*,*,#1345,.F.);
#1345 = EDGE_CURVE('',#1346,#1346,#1348,.T.);
#1346 = VERTEX_POINT('',#1347);
#1347 = CARTESIAN_POINT('',(125.25,-83.575,-4.E-02));
#1348 = CIRCLE('',#1349,0.575);
#1349 = AXIS2_PLACEMENT_3D('',#1350,#1351,#1352);
#1350 = CARTESIAN_POINT('',(125.25,-83.,-4.E-02));
#1351 = DIRECTION('',(-0.,0.,-1.));
#1352 = DIRECTION('',(-0.,-1.,0.));
#1353 = PLANE('',#1354);
#1354 = AXIS2_PLACEMENT_3D('',#1355,#1356,#1357);
#1355 = CARTESIAN_POINT('',(0.,0.,-4.E-02));
#1356 = DIRECTION('',(-0.,-0.,-1.));
#1357 = DIRECTION('',(-1.,0.,0.));
#1358 = ADVANCED_FACE('',(#1359),#1370,.F.);
#1359 = FACE_BOUND('',#1360,.T.);
#1360 = EDGE_LOOP('',(#1361,#1362,#1368,#1369));
#1361 = ORIENTED_EDGE('',*,*,#1345,.T.);
#1362 = ORIENTED_EDGE('',*,*,#1363,.T.);
#1363 = EDGE_CURVE('',#1346,#1326,#1364,.T.);
#1364 = LINE('',#1365,#1366);
#1365 = CARTESIAN_POINT('',(125.25,-83.575,-4.6E-02));
#1366 = VECTOR('',#1367,1.);
#1367 = DIRECTION('',(0.,0.,1.));
#1368 = ORIENTED_EDGE('',*,*,#1325,.F.);
#1369 = ORIENTED_EDGE('',*,*,#1363,.F.);
#1370 = CYLINDRICAL_SURFACE('',#1371,0.575);
#1371 = AXIS2_PLACEMENT_3D('',#1372,#1373,#1374);
#1372 = CARTESIAN_POINT('',(125.25,-83.,-4.6E-02));
#1373 = DIRECTION('',(-0.,-0.,-1.));
#1374 = DIRECTION('',(-0.,-1.,0.));
#1375 = MANIFOLD_SOLID_BREP('',#1376);
#1376 = CLOSED_SHELL('',(#1377,#1410,#1430,#1450));
#1377 = ADVANCED_FACE('',(#1378),#1405,.T.);
#1378 = FACE_BOUND('',#1379,.F.);
#1379 = EDGE_LOOP('',(#1380,#1390,#1397,#1398));
#1380 = ORIENTED_EDGE('',*,*,#1381,.T.);
#1381 = EDGE_CURVE('',#1382,#1384,#1386,.T.);
#1382 = VERTEX_POINT('',#1383);
#1383 = CARTESIAN_POINT('',(125.25,-83.6,-4.E-02));
#1384 = VERTEX_POINT('',#1385);
#1385 = CARTESIAN_POINT('',(125.25,-83.6,1.55));
#1386 = LINE('',#1387,#1388);
#1387 = CARTESIAN_POINT('',(125.25,-83.6,-4.E-02));
#1388 = VECTOR('',#1389,1.);
#1389 = DIRECTION('',(0.,0.,1.));
#1390 = ORIENTED_EDGE('',*,*,#1391,.T.);
#1391 = EDGE_CURVE('',#1384,#1384,#1392,.T.);
#1392 = CIRCLE('',#1393,0.6);
#1393 = AXIS2_PLACEMENT_3D('',#1394,#1395,#1396);
#1394 = CARTESIAN_POINT('',(125.25,-83.,1.55));
#1395 = DIRECTION('',(0.,0.,1.));
#1396 = DIRECTION('',(-0.,-1.,0.));
#1397 = ORIENTED_EDGE('',*,*,#1381,.F.);
#1398 = ORIENTED_EDGE('',*,*,#1399,.F.);
#1399 = EDGE_CURVE('',#1382,#1382,#1400,.T.);
#1400 = CIRCLE('',#1401,0.6);
#1401 = AXIS2_PLACEMENT_3D('',#1402,#1403,#1404);
#1402 = CARTESIAN_POINT('',(125.25,-83.,-4.E-02));
#1403 = DIRECTION('',(0.,0.,1.));
#1404 = DIRECTION('',(-0.,-1.,0.));
#1405 = CYLINDRICAL_SURFACE('',#1406,0.6);
#1406 = AXIS2_PLACEMENT_3D('',#1407,#1408,#1409);
#1407 = CARTESIAN_POINT('',(125.25,-83.,-4.E-02));
#1408 = DIRECTION('',(-0.,-0.,-1.));
#1409 = DIRECTION('',(-0.,-1.,0.));
#1410 = ADVANCED_FACE('',(#1411,#1414),#1425,.F.);
#1411 = FACE_BOUND('',#1412,.F.);
#1412 = EDGE_LOOP('',(#1413));
#1413 = ORIENTED_EDGE('',*,*,#1399,.T.);
#1414 = FACE_BOUND('',#1415,.F.);
#1415 = EDGE_LOOP('',(#1416));
#1416 = ORIENTED_EDGE('',*,*,#1417,.T.);
#1417 = EDGE_CURVE('',#1418,#1418,#1420,.T.);
#1418 = VERTEX_POINT('',#1419);
#1419 = CARTESIAN_POINT('',(125.25,-83.575,-4.E-02));
#1420 = CIRCLE('',#1421,0.575);
#1421 = AXIS2_PLACEMENT_3D('',#1422,#1423,#1424);
#1422 = CARTESIAN_POINT('',(125.25,-83.,-4.E-02));
#1423 = DIRECTION('',(-0.,0.,-1.));
#1424 = DIRECTION('',(-0.,-1.,0.));
#1425 = PLANE('',#1426);
#1426 = AXIS2_PLACEMENT_3D('',#1427,#1428,#1429);
#1427 = CARTESIAN_POINT('',(125.25,-83.6,-4.E-02));
#1428 = DIRECTION('',(0.,0.,1.));
#1429 = DIRECTION('',(1.,0.,-0.));
#1430 = ADVANCED_FACE('',(#1431,#1434),#1445,.T.);
#1431 = FACE_BOUND('',#1432,.T.);
#1432 = EDGE_LOOP('',(#1433));
#1433 = ORIENTED_EDGE('',*,*,#1391,.T.);
#1434 = FACE_BOUND('',#1435,.T.);
#1435 = EDGE_LOOP('',(#1436));
#1436 = ORIENTED_EDGE('',*,*,#1437,.T.);
#1437 = EDGE_CURVE('',#1438,#1438,#1440,.T.);
#1438 = VERTEX_POINT('',#1439);
#1439 = CARTESIAN_POINT('',(125.25,-83.575,1.55));
#1440 = CIRCLE('',#1441,0.575);
#1441 = AXIS2_PLACEMENT_3D('',#1442,#1443,#1444);
#1442 = CARTESIAN_POINT('',(125.25,-83.,1.55));
#1443 = DIRECTION('',(-0.,0.,-1.));
#1444 = DIRECTION('',(-0.,-1.,0.));
#1445 = PLANE('',#1446);
#1446 = AXIS2_PLACEMENT_3D('',#1447,#1448,#1449);
#1447 = CARTESIAN_POINT('',(125.25,-83.6,1.55));
#1448 = DIRECTION('',(0.,0.,1.));
#1449 = DIRECTION('',(1.,0.,-0.));
#1450 = ADVANCED_FACE('',(#1451),#1462,.F.);
#1451 = FACE_BOUND('',#1452,.T.);
#1452 = EDGE_LOOP('',(#1453,#1454,#1460,#1461));
#1453 = ORIENTED_EDGE('',*,*,#1417,.T.);
#1454 = ORIENTED_EDGE('',*,*,#1455,.T.);
#1455 = EDGE_CURVE('',#1418,#1438,#1456,.T.);
#1456 = LINE('',#1457,#1458);
#1457 = CARTESIAN_POINT('',(125.25,-83.575,-4.6E-02));
#1458 = VECTOR('',#1459,1.);
#1459 = DIRECTION('',(0.,0.,1.));
#1460 = ORIENTED_EDGE('',*,*,#1437,.F.);
#1461 = ORIENTED_EDGE('',*,*,#1455,.F.);
#1462 = CYLINDRICAL_SURFACE('',#1463,0.575);
#1463 = AXIS2_PLACEMENT_3D('',#1464,#1465,#1466);
#1464 = CARTESIAN_POINT('',(125.25,-83.,-4.6E-02));
#1465 = DIRECTION('',(-0.,-0.,-1.));
#1466 = DIRECTION('',(-0.,-1.,0.));
#1467 = MANIFOLD_SOLID_BREP('',#1468);
#1468 = CLOSED_SHELL('',(#1469,#1502,#1522,#1542));
#1469 = ADVANCED_FACE('',(#1470),#1497,.T.);
#1470 = FACE_BOUND('',#1471,.F.);
#1471 = EDGE_LOOP('',(#1472,#1482,#1489,#1490));
#1472 = ORIENTED_EDGE('',*,*,#1473,.T.);
#1473 = EDGE_CURVE('',#1474,#1476,#1478,.T.);
#1474 = VERTEX_POINT('',#1475);
#1475 = CARTESIAN_POINT('',(126.449999,-87.75,1.51));
#1476 = VERTEX_POINT('',#1477);
#1477 = CARTESIAN_POINT('',(126.449999,-87.75,1.55));
#1478 = LINE('',#1479,#1480);
#1479 = CARTESIAN_POINT('',(126.449999,-87.75,1.51));
#1480 = VECTOR('',#1481,1.);
#1481 = DIRECTION('',(0.,0.,1.));
#1482 = ORIENTED_EDGE('',*,*,#1483,.T.);
#1483 = EDGE_CURVE('',#1476,#1476,#1484,.T.);
#1484 = CIRCLE('',#1485,1.199999);
#1485 = AXIS2_PLACEMENT_3D('',#1486,#1487,#1488);
#1486 = CARTESIAN_POINT('',(125.25,-87.75,1.55));
#1487 = DIRECTION('',(0.,0.,1.));
#1488 = DIRECTION('',(1.,0.,-0.));
#1489 = ORIENTED_EDGE('',*,*,#1473,.F.);
#1490 = ORIENTED_EDGE('',*,*,#1491,.F.);
#1491 = EDGE_CURVE('',#1474,#1474,#1492,.T.);
#1492 = CIRCLE('',#1493,1.199999);
#1493 = AXIS2_PLACEMENT_3D('',#1494,#1495,#1496);
#1494 = CARTESIAN_POINT('',(125.25,-87.75,1.51));
#1495 = DIRECTION('',(0.,0.,1.));
#1496 = DIRECTION('',(1.,0.,-0.));
#1497 = CYLINDRICAL_SURFACE('',#1498,1.199999);
#1498 = AXIS2_PLACEMENT_3D('',#1499,#1500,#1501);
#1499 = CARTESIAN_POINT('',(125.25,-87.75,1.51));
#1500 = DIRECTION('',(-0.,-0.,-1.));
#1501 = DIRECTION('',(1.,0.,-0.));
#1502 = ADVANCED_FACE('',(#1503,#1506),#1517,.F.);
#1503 = FACE_BOUND('',#1504,.F.);
#1504 = EDGE_LOOP('',(#1505));
#1505 = ORIENTED_EDGE('',*,*,#1491,.T.);
#1506 = FACE_BOUND('',#1507,.F.);
#1507 = EDGE_LOOP('',(#1508));
#1508 = ORIENTED_EDGE('',*,*,#1509,.T.);
#1509 = EDGE_CURVE('',#1510,#1510,#1512,.T.);
#1510 = VERTEX_POINT('',#1511);
#1511 = CARTESIAN_POINT('',(125.25,-88.325,1.51));
#1512 = CIRCLE('',#1513,0.575);
#1513 = AXIS2_PLACEMENT_3D('',#1514,#1515,#1516);
#1514 = CARTESIAN_POINT('',(125.25,-87.75,1.51));
#1515 = DIRECTION('',(-0.,0.,-1.));
#1516 = DIRECTION('',(-0.,-1.,0.));
#1517 = PLANE('',#1518);
#1518 = AXIS2_PLACEMENT_3D('',#1519,#1520,#1521);
#1519 = CARTESIAN_POINT('',(0.,0.,1.51));
#1520 = DIRECTION('',(0.,0.,1.));
#1521 = DIRECTION('',(1.,0.,-0.));
#1522 = ADVANCED_FACE('',(#1523,#1526),#1537,.T.);
#1523 = FACE_BOUND('',#1524,.T.);
#1524 = EDGE_LOOP('',(#1525));
#1525 = ORIENTED_EDGE('',*,*,#1483,.T.);
#1526 = FACE_BOUND('',#1527,.T.);
#1527 = EDGE_LOOP('',(#1528));
#1528 = ORIENTED_EDGE('',*,*,#1529,.T.);
#1529 = EDGE_CURVE('',#1530,#1530,#1532,.T.);
#1530 = VERTEX_POINT('',#1531);
#1531 = CARTESIAN_POINT('',(125.25,-88.325,1.55));
#1532 = CIRCLE('',#1533,0.575);
#1533 = AXIS2_PLACEMENT_3D('',#1534,#1535,#1536);
#1534 = CARTESIAN_POINT('',(125.25,-87.75,1.55));
#1535 = DIRECTION('',(-0.,0.,-1.));
#1536 = DIRECTION('',(-0.,-1.,0.));
#1537 = PLANE('',#1538);
#1538 = AXIS2_PLACEMENT_3D('',#1539,#1540,#1541);
#1539 = CARTESIAN_POINT('',(0.,0.,1.55));
#1540 = DIRECTION('',(0.,0.,1.));
#1541 = DIRECTION('',(1.,0.,-0.));
#1542 = ADVANCED_FACE('',(#1543),#1554,.F.);
#1543 = FACE_BOUND('',#1544,.T.);
#1544 = EDGE_LOOP('',(#1545,#1546,#1552,#1553));
#1545 = ORIENTED_EDGE('',*,*,#1509,.T.);
#1546 = ORIENTED_EDGE('',*,*,#1547,.T.);
#1547 = EDGE_CURVE('',#1510,#1530,#1548,.T.);
#1548 = LINE('',#1549,#1550);
#1549 = CARTESIAN_POINT('',(125.25,-88.325,-4.6E-02));
#1550 = VECTOR('',#1551,1.);
#1551 = DIRECTION('',(0.,0.,1.));
#1552 = ORIENTED_EDGE('',*,*,#1529,.F.);
#1553 = ORIENTED_EDGE('',*,*,#1547,.F.);
#1554 = CYLINDRICAL_SURFACE('',#1555,0.575);
#1555 = AXIS2_PLACEMENT_3D('',#1556,#1557,#1558);
#1556 = CARTESIAN_POINT('',(125.25,-87.75,-4.6E-02));
#1557 = DIRECTION('',(-0.,-0.,-1.));
#1558 = DIRECTION('',(-0.,-1.,0.));
#1559 = MANIFOLD_SOLID_BREP('',#1560);
#1560 = CLOSED_SHELL('',(#1561,#1594,#1614,#1634));
#1561 = ADVANCED_FACE('',(#1562),#1589,.T.);
#1562 = FACE_BOUND('',#1563,.T.);
#1563 = EDGE_LOOP('',(#1564,#1574,#1581,#1582));
#1564 = ORIENTED_EDGE('',*,*,#1565,.T.);
#1565 = EDGE_CURVE('',#1566,#1568,#1570,.T.);
#1566 = VERTEX_POINT('',#1567);
#1567 = CARTESIAN_POINT('',(126.449999,-87.75,0.));
#1568 = VERTEX_POINT('',#1569);
#1569 = CARTESIAN_POINT('',(126.449999,-87.75,-4.E-02));
#1570 = LINE('',#1571,#1572);
#1571 = CARTESIAN_POINT('',(126.449999,-87.75,0.));
#1572 = VECTOR('',#1573,1.);
#1573 = DIRECTION('',(0.,0.,-1.));
#1574 = ORIENTED_EDGE('',*,*,#1575,.T.);
#1575 = EDGE_CURVE('',#1568,#1568,#1576,.T.);
#1576 = CIRCLE('',#1577,1.199999);
#1577 = AXIS2_PLACEMENT_3D('',#1578,#1579,#1580);
#1578 = CARTESIAN_POINT('',(125.25,-87.75,-4.E-02));
#1579 = DIRECTION('',(0.,0.,1.));
#1580 = DIRECTION('',(1.,0.,-0.));
#1581 = ORIENTED_EDGE('',*,*,#1565,.F.);
#1582 = ORIENTED_EDGE('',*,*,#1583,.F.);
#1583 = EDGE_CURVE('',#1566,#1566,#1584,.T.);
#1584 = CIRCLE('',#1585,1.199999);
#1585 = AXIS2_PLACEMENT_3D('',#1586,#1587,#1588);
#1586 = CARTESIAN_POINT('',(125.25,-87.75,0.));
#1587 = DIRECTION('',(0.,0.,1.));
#1588 = DIRECTION('',(1.,0.,-0.));
#1589 = CYLINDRICAL_SURFACE('',#1590,1.199999);
#1590 = AXIS2_PLACEMENT_3D('',#1591,#1592,#1593);
#1591 = CARTESIAN_POINT('',(125.25,-87.75,0.));
#1592 = DIRECTION('',(0.,0.,1.));
#1593 = DIRECTION('',(1.,0.,-0.));
#1594 = ADVANCED_FACE('',(#1595,#1598),#1609,.F.);
#1595 = FACE_BOUND('',#1596,.F.);
#1596 = EDGE_LOOP('',(#1597));
#1597 = ORIENTED_EDGE('',*,*,#1583,.F.);
#1598 = FACE_BOUND('',#1599,.F.);
#1599 = EDGE_LOOP('',(#1600));
#1600 = ORIENTED_EDGE('',*,*,#1601,.F.);
#1601 = EDGE_CURVE('',#1602,#1602,#1604,.T.);
#1602 = VERTEX_POINT('',#1603);
#1603 = CARTESIAN_POINT('',(125.25,-88.325,0.));
#1604 = CIRCLE('',#1605,0.575);
#1605 = AXIS2_PLACEMENT_3D('',#1606,#1607,#1608);
#1606 = CARTESIAN_POINT('',(125.25,-87.75,0.));
#1607 = DIRECTION('',(-0.,0.,-1.));
#1608 = DIRECTION('',(-0.,-1.,0.));
#1609 = PLANE('',#1610);
#1610 = AXIS2_PLACEMENT_3D('',#1611,#1612,#1613);
#1611 = CARTESIAN_POINT('',(0.,0.,0.));
#1612 = DIRECTION('',(-0.,-0.,-1.));
#1613 = DIRECTION('',(-1.,0.,0.));
#1614 = ADVANCED_FACE('',(#1615,#1618),#1629,.T.);
#1615 = FACE_BOUND('',#1616,.T.);
#1616 = EDGE_LOOP('',(#1617));
#1617 = ORIENTED_EDGE('',*,*,#1575,.F.);
#1618 = FACE_BOUND('',#1619,.T.);
#1619 = EDGE_LOOP('',(#1620));
#1620 = ORIENTED_EDGE('',*,*,#1621,.F.);
#1621 = EDGE_CURVE('',#1622,#1622,#1624,.T.);
#1622 = VERTEX_POINT('',#1623);
#1623 = CARTESIAN_POINT('',(125.25,-88.325,-4.E-02));
#1624 = CIRCLE('',#1625,0.575);
#1625 = AXIS2_PLACEMENT_3D('',#1626,#1627,#1628);
#1626 = CARTESIAN_POINT('',(125.25,-87.75,-4.E-02));
#1627 = DIRECTION('',(-0.,0.,-1.));
#1628 = DIRECTION('',(-0.,-1.,0.));
#1629 = PLANE('',#1630);
#1630 = AXIS2_PLACEMENT_3D('',#1631,#1632,#1633);
#1631 = CARTESIAN_POINT('',(0.,0.,-4.E-02));
#1632 = DIRECTION('',(-0.,-0.,-1.));
#1633 = DIRECTION('',(-1.,0.,0.));
#1634 = ADVANCED_FACE('',(#1635),#1646,.F.);
#1635 = FACE_BOUND('',#1636,.T.);
#1636 = EDGE_LOOP('',(#1637,#1638,#1644,#1645));
#1637 = ORIENTED_EDGE('',*,*,#1621,.T.);
#1638 = ORIENTED_EDGE('',*,*,#1639,.T.);
#1639 = EDGE_CURVE('',#1622,#1602,#1640,.T.);
#1640 = LINE('',#1641,#1642);
#1641 = CARTESIAN_POINT('',(125.25,-88.325,-4.6E-02));
#1642 = VECTOR('',#1643,1.);
#1643 = DIRECTION('',(0.,0.,1.));
#1644 = ORIENTED_EDGE('',*,*,#1601,.F.);
#1645 = ORIENTED_EDGE('',*,*,#1639,.F.);
#1646 = CYLINDRICAL_SURFACE('',#1647,0.575);
#1647 = AXIS2_PLACEMENT_3D('',#1648,#1649,#1650);
#1648 = CARTESIAN_POINT('',(125.25,-87.75,-4.6E-02));
#1649 = DIRECTION('',(-0.,-0.,-1.));
#1650 = DIRECTION('',(-0.,-1.,0.));
#1651 = MANIFOLD_SOLID_BREP('',#1652);
#1652 = CLOSED_SHELL('',(#1653,#1686,#1706,#1726));
#1653 = ADVANCED_FACE('',(#1654),#1681,.T.);
#1654 = FACE_BOUND('',#1655,.F.);
#1655 = EDGE_LOOP('',(#1656,#1666,#1673,#1674));
#1656 = ORIENTED_EDGE('',*,*,#1657,.T.);
#1657 = EDGE_CURVE('',#1658,#1660,#1662,.T.);
#1658 = VERTEX_POINT('',#1659);
#1659 = CARTESIAN_POINT('',(125.25,-88.35,-4.E-02));
#1660 = VERTEX_POINT('',#1661);
#1661 = CARTESIAN_POINT('',(125.25,-88.35,1.55));
#1662 = LINE('',#1663,#1664);
#1663 = CARTESIAN_POINT('',(125.25,-88.35,-4.E-02));
#1664 = VECTOR('',#1665,1.);
#1665 = DIRECTION('',(0.,0.,1.));
#1666 = ORIENTED_EDGE('',*,*,#1667,.T.);
#1667 = EDGE_CURVE('',#1660,#1660,#1668,.T.);
#1668 = CIRCLE('',#1669,0.6);
#1669 = AXIS2_PLACEMENT_3D('',#1670,#1671,#1672);
#1670 = CARTESIAN_POINT('',(125.25,-87.75,1.55));
#1671 = DIRECTION('',(0.,0.,1.));
#1672 = DIRECTION('',(-0.,-1.,0.));
#1673 = ORIENTED_EDGE('',*,*,#1657,.F.);
#1674 = ORIENTED_EDGE('',*,*,#1675,.F.);
#1675 = EDGE_CURVE('',#1658,#1658,#1676,.T.);
#1676 = CIRCLE('',#1677,0.6);
#1677 = AXIS2_PLACEMENT_3D('',#1678,#1679,#1680);
#1678 = CARTESIAN_POINT('',(125.25,-87.75,-4.E-02));
#1679 = DIRECTION('',(0.,0.,1.));
#1680 = DIRECTION('',(-0.,-1.,0.));
#1681 = CYLINDRICAL_SURFACE('',#1682,0.6);
#1682 = AXIS2_PLACEMENT_3D('',#1683,#1684,#1685);
#1683 = CARTESIAN_POINT('',(125.25,-87.75,-4.E-02));
#1684 = DIRECTION('',(-0.,-0.,-1.));
#1685 = DIRECTION('',(-0.,-1.,0.));
#1686 = ADVANCED_FACE('',(#1687,#1690),#1701,.F.);
#1687 = FACE_BOUND('',#1688,.F.);
#1688 = EDGE_LOOP('',(#1689));
#1689 = ORIENTED_EDGE('',*,*,#1675,.T.);
#1690 = FACE_BOUND('',#1691,.F.);
#1691 = EDGE_LOOP('',(#1692));
#1692 = ORIENTED_EDGE('',*,*,#1693,.T.);
#1693 = EDGE_CURVE('',#1694,#1694,#1696,.T.);
#1694 = VERTEX_POINT('',#1695);
#1695 = CARTESIAN_POINT('',(125.25,-88.325,-4.E-02));
#1696 = CIRCLE('',#1697,0.575);
#1697 = AXIS2_PLACEMENT_3D('',#1698,#1699,#1700);
#1698 = CARTESIAN_POINT('',(125.25,-87.75,-4.E-02));
#1699 = DIRECTION('',(-0.,0.,-1.));
#1700 = DIRECTION('',(-0.,-1.,0.));
#1701 = PLANE('',#1702);
#1702 = AXIS2_PLACEMENT_3D('',#1703,#1704,#1705);
#1703 = CARTESIAN_POINT('',(125.25,-88.35,-4.E-02));
#1704 = DIRECTION('',(0.,0.,1.));
#1705 = DIRECTION('',(1.,0.,-0.));
#1706 = ADVANCED_FACE('',(#1707,#1710),#1721,.T.);
#1707 = FACE_BOUND('',#1708,.T.);
#1708 = EDGE_LOOP('',(#1709));
#1709 = ORIENTED_EDGE('',*,*,#1667,.T.);
#1710 = FACE_BOUND('',#1711,.T.);
#1711 = EDGE_LOOP('',(#1712));
#1712 = ORIENTED_EDGE('',*,*,#1713,.T.);
#1713 = EDGE_CURVE('',#1714,#1714,#1716,.T.);
#1714 = VERTEX_POINT('',#1715);
#1715 = CARTESIAN_POINT('',(125.25,-88.325,1.55));
#1716 = CIRCLE('',#1717,0.575);
#1717 = AXIS2_PLACEMENT_3D('',#1718,#1719,#1720);
#1718 = CARTESIAN_POINT('',(125.25,-87.75,1.55));
#1719 = DIRECTION('',(-0.,0.,-1.));
#1720 = DIRECTION('',(-0.,-1.,0.));
#1721 = PLANE('',#1722);
#1722 = AXIS2_PLACEMENT_3D('',#1723,#1724,#1725);
#1723 = CARTESIAN_POINT('',(125.25,-88.35,1.55));
#1724 = DIRECTION('',(0.,0.,1.));
#1725 = DIRECTION('',(1.,0.,-0.));
#1726 = ADVANCED_FACE('',(#1727),#1738,.F.);
#1727 = FACE_BOUND('',#1728,.T.);
#1728 = EDGE_LOOP('',(#1729,#1730,#1736,#1737));
#1729 = ORIENTED_EDGE('',*,*,#1693,.T.);
#1730 = ORIENTED_EDGE('',*,*,#1731,.T.);
#1731 = EDGE_CURVE('',#1694,#1714,#1732,.T.);
#1732 = LINE('',#1733,#1734);
#1733 = CARTESIAN_POINT('',(125.25,-88.325,-4.6E-02));
#1734 = VECTOR('',#1735,1.);
#1735 = DIRECTION('',(0.,0.,1.));
#1736 = ORIENTED_EDGE('',*,*,#1713,.F.);
#1737 = ORIENTED_EDGE('',*,*,#1731,.F.);
#1738 = CYLINDRICAL_SURFACE('',#1739,0.575);
#1739 = AXIS2_PLACEMENT_3D('',#1740,#1741,#1742);
#1740 = CARTESIAN_POINT('',(125.25,-87.75,-4.6E-02));
#1741 = DIRECTION('',(-0.,-0.,-1.));
#1742 = DIRECTION('',(-0.,-1.,0.));
#1743 = MANIFOLD_SOLID_BREP('',#1744);
#1744 = CLOSED_SHELL('',(#1745,#1778,#1798,#1818));
#1745 = ADVANCED_FACE('',(#1746),#1773,.T.);
#1746 = FACE_BOUND('',#1747,.F.);
#1747 = EDGE_LOOP('',(#1748,#1758,#1765,#1766));
#1748 = ORIENTED_EDGE('',*,*,#1749,.T.);
#1749 = EDGE_CURVE('',#1750,#1752,#1754,.T.);
#1750 = VERTEX_POINT('',#1751);
#1751 = CARTESIAN_POINT('',(126.449999,-115.25,1.51));
#1752 = VERTEX_POINT('',#1753);
#1753 = CARTESIAN_POINT('',(126.449999,-115.25,1.55));
#1754 = LINE('',#1755,#1756);
#1755 = CARTESIAN_POINT('',(126.449999,-115.25,1.51));
#1756 = VECTOR('',#1757,1.);
#1757 = DIRECTION('',(0.,0.,1.));
#1758 = ORIENTED_EDGE('',*,*,#1759,.T.);
#1759 = EDGE_CURVE('',#1752,#1752,#1760,.T.);
#1760 = CIRCLE('',#1761,1.199999);
#1761 = AXIS2_PLACEMENT_3D('',#1762,#1763,#1764);
#1762 = CARTESIAN_POINT('',(125.25,-115.25,1.55));
#1763 = DIRECTION('',(0.,0.,1.));
#1764 = DIRECTION('',(1.,0.,-0.));
#1765 = ORIENTED_EDGE('',*,*,#1749,.F.);
#1766 = ORIENTED_EDGE('',*,*,#1767,.F.);
#1767 = EDGE_CURVE('',#1750,#1750,#1768,.T.);
#1768 = CIRCLE('',#1769,1.199999);
#1769 = AXIS2_PLACEMENT_3D('',#1770,#1771,#1772);
#1770 = CARTESIAN_POINT('',(125.25,-115.25,1.51));
#1771 = DIRECTION('',(0.,0.,1.));
#1772 = DIRECTION('',(1.,0.,-0.));
#1773 = CYLINDRICAL_SURFACE('',#1774,1.199999);
#1774 = AXIS2_PLACEMENT_3D('',#1775,#1776,#1777);
#1775 = CARTESIAN_POINT('',(125.25,-115.25,1.51));
#1776 = DIRECTION('',(-0.,-0.,-1.));
#1777 = DIRECTION('',(1.,0.,-0.));
#1778 = ADVANCED_FACE('',(#1779,#1782),#1793,.F.);
#1779 = FACE_BOUND('',#1780,.F.);
#1780 = EDGE_LOOP('',(#1781));
#1781 = ORIENTED_EDGE('',*,*,#1767,.T.);
#1782 = FACE_BOUND('',#1783,.F.);
#1783 = EDGE_LOOP('',(#1784));
#1784 = ORIENTED_EDGE('',*,*,#1785,.T.);
#1785 = EDGE_CURVE('',#1786,#1786,#1788,.T.);
#1786 = VERTEX_POINT('',#1787);
#1787 = CARTESIAN_POINT('',(125.25,-115.825,1.51));
#1788 = CIRCLE('',#1789,0.575);
#1789 = AXIS2_PLACEMENT_3D('',#1790,#1791,#1792);
#1790 = CARTESIAN_POINT('',(125.25,-115.25,1.51));
#1791 = DIRECTION('',(-0.,0.,-1.));
#1792 = DIRECTION('',(-0.,-1.,0.));
#1793 = PLANE('',#1794);
#1794 = AXIS2_PLACEMENT_3D('',#1795,#1796,#1797);
#1795 = CARTESIAN_POINT('',(0.,0.,1.51));
#1796 = DIRECTION('',(0.,0.,1.));
#1797 = DIRECTION('',(1.,0.,-0.));
#1798 = ADVANCED_FACE('',(#1799,#1802),#1813,.T.);
#1799 = FACE_BOUND('',#1800,.T.);
#1800 = EDGE_LOOP('',(#1801));
#1801 = ORIENTED_EDGE('',*,*,#1759,.T.);
#1802 = FACE_BOUND('',#1803,.T.);
#1803 = EDGE_LOOP('',(#1804));
#1804 = ORIENTED_EDGE('',*,*,#1805,.T.);
#1805 = EDGE_CURVE('',#1806,#1806,#1808,.T.);
#1806 = VERTEX_POINT('',#1807);
#1807 = CARTESIAN_POINT('',(125.25,-115.825,1.55));
#1808 = CIRCLE('',#1809,0.575);
#1809 = AXIS2_PLACEMENT_3D('',#1810,#1811,#1812);
#1810 = CARTESIAN_POINT('',(125.25,-115.25,1.55));
#1811 = DIRECTION('',(-0.,0.,-1.));
#1812 = DIRECTION('',(-0.,-1.,0.));
#1813 = PLANE('',#1814);
#1814 = AXIS2_PLACEMENT_3D('',#1815,#1816,#1817);
#1815 = CARTESIAN_POINT('',(0.,0.,1.55));
#1816 = DIRECTION('',(0.,0.,1.));
#1817 = DIRECTION('',(1.,0.,-0.));
#1818 = ADVANCED_FACE('',(#1819),#1830,.F.);
#1819 = FACE_BOUND('',#1820,.T.);
#1820 = EDGE_LOOP('',(#1821,#1822,#1828,#1829));
#1821 = ORIENTED_EDGE('',*,*,#1785,.T.);
#1822 = ORIENTED_EDGE('',*,*,#1823,.T.);
#1823 = EDGE_CURVE('',#1786,#1806,#1824,.T.);
#1824 = LINE('',#1825,#1826);
#1825 = CARTESIAN_POINT('',(125.25,-115.825,-4.6E-02));
#1826 = VECTOR('',#1827,1.);
#1827 = DIRECTION('',(0.,0.,1.));
#1828 = ORIENTED_EDGE('',*,*,#1805,.F.);
#1829 = ORIENTED_EDGE('',*,*,#1823,.F.);
#1830 = CYLINDRICAL_SURFACE('',#1831,0.575);
#1831 = AXIS2_PLACEMENT_3D('',#1832,#1833,#1834);
#1832 = CARTESIAN_POINT('',(125.25,-115.25,-4.6E-02));
#1833 = DIRECTION('',(-0.,-0.,-1.));
#1834 = DIRECTION('',(-0.,-1.,0.));
#1835 = MANIFOLD_SOLID_BREP('',#1836);
#1836 = CLOSED_SHELL('',(#1837,#1870,#1890,#1910));
#1837 = ADVANCED_FACE('',(#1838),#1865,.T.);
#1838 = FACE_BOUND('',#1839,.T.);
#1839 = EDGE_LOOP('',(#1840,#1850,#1857,#1858));
#1840 = ORIENTED_EDGE('',*,*,#1841,.T.);
#1841 = EDGE_CURVE('',#1842,#1844,#1846,.T.);
#1842 = VERTEX_POINT('',#1843);
#1843 = CARTESIAN_POINT('',(126.449999,-115.25,0.));
#1844 = VERTEX_POINT('',#1845);
#1845 = CARTESIAN_POINT('',(126.449999,-115.25,-4.E-02));
#1846 = LINE('',#1847,#1848);
#1847 = CARTESIAN_POINT('',(126.449999,-115.25,0.));
#1848 = VECTOR('',#1849,1.);
#1849 = DIRECTION('',(0.,0.,-1.));
#1850 = ORIENTED_EDGE('',*,*,#1851,.T.);
#1851 = EDGE_CURVE('',#1844,#1844,#1852,.T.);
#1852 = CIRCLE('',#1853,1.199999);
#1853 = AXIS2_PLACEMENT_3D('',#1854,#1855,#1856);
#1854 = CARTESIAN_POINT('',(125.25,-115.25,-4.E-02));
#1855 = DIRECTION('',(0.,0.,1.));
#1856 = DIRECTION('',(1.,0.,-0.));
#1857 = ORIENTED_EDGE('',*,*,#1841,.F.);
#1858 = ORIENTED_EDGE('',*,*,#1859,.F.);
#1859 = EDGE_CURVE('',#1842,#1842,#1860,.T.);
#1860 = CIRCLE('',#1861,1.199999);
#1861 = AXIS2_PLACEMENT_3D('',#1862,#1863,#1864);
#1862 = CARTESIAN_POINT('',(125.25,-115.25,0.));
#1863 = DIRECTION('',(0.,0.,1.));
#1864 = DIRECTION('',(1.,0.,-0.));
#1865 = CYLINDRICAL_SURFACE('',#1866,1.199999);
#1866 = AXIS2_PLACEMENT_3D('',#1867,#1868,#1869);
#1867 = CARTESIAN_POINT('',(125.25,-115.25,0.));
#1868 = DIRECTION('',(0.,0.,1.));
#1869 = DIRECTION('',(1.,0.,-0.));
#1870 = ADVANCED_FACE('',(#1871,#1874),#1885,.F.);
#1871 = FACE_BOUND('',#1872,.F.);
#1872 = EDGE_LOOP('',(#1873));
#1873 = ORIENTED_EDGE('',*,*,#1859,.F.);
#1874 = FACE_BOUND('',#1875,.F.);
#1875 = EDGE_LOOP('',(#1876));
#1876 = ORIENTED_EDGE('',*,*,#1877,.F.);
#1877 = EDGE_CURVE('',#1878,#1878,#1880,.T.);
#1878 = VERTEX_POINT('',#1879);
#1879 = CARTESIAN_POINT('',(125.25,-115.825,0.));
#1880 = CIRCLE('',#1881,0.575);
#1881 = AXIS2_PLACEMENT_3D('',#1882,#1883,#1884);
#1882 = CARTESIAN_POINT('',(125.25,-115.25,0.));
#1883 = DIRECTION('',(-0.,0.,-1.));
#1884 = DIRECTION('',(-0.,-1.,0.));
#1885 = PLANE('',#1886);
#1886 = AXIS2_PLACEMENT_3D('',#1887,#1888,#1889);
#1887 = CARTESIAN_POINT('',(0.,0.,0.));
#1888 = DIRECTION('',(-0.,-0.,-1.));
#1889 = DIRECTION('',(-1.,0.,0.));
#1890 = ADVANCED_FACE('',(#1891,#1894),#1905,.T.);
#1891 = FACE_BOUND('',#1892,.T.);
#1892 = EDGE_LOOP('',(#1893));
#1893 = ORIENTED_EDGE('',*,*,#1851,.F.);
#1894 = FACE_BOUND('',#1895,.T.);
#1895 = EDGE_LOOP('',(#1896));
#1896 = ORIENTED_EDGE('',*,*,#1897,.F.);
#1897 = EDGE_CURVE('',#1898,#1898,#1900,.T.);
#1898 = VERTEX_POINT('',#1899);
#1899 = CARTESIAN_POINT('',(125.25,-115.825,-4.E-02));
#1900 = CIRCLE('',#1901,0.575);
#1901 = AXIS2_PLACEMENT_3D('',#1902,#1903,#1904);
#1902 = CARTESIAN_POINT('',(125.25,-115.25,-4.E-02));
#1903 = DIRECTION('',(-0.,0.,-1.));
#1904 = DIRECTION('',(-0.,-1.,0.));
#1905 = PLANE('',#1906);
#1906 = AXIS2_PLACEMENT_3D('',#1907,#1908,#1909);
#1907 = CARTESIAN_POINT('',(0.,0.,-4.E-02));
#1908 = DIRECTION('',(-0.,-0.,-1.));
#1909 = DIRECTION('',(-1.,0.,0.));
#1910 = ADVANCED_FACE('',(#1911),#1922,.F.);
#1911 = FACE_BOUND('',#1912,.T.);
#1912 = EDGE_LOOP('',(#1913,#1914,#1920,#1921));
#1913 = ORIENTED_EDGE('',*,*,#1897,.T.);
#1914 = ORIENTED_EDGE('',*,*,#1915,.T.);
#1915 = EDGE_CURVE('',#1898,#1878,#1916,.T.);
#1916 = LINE('',#1917,#1918);
#1917 = CARTESIAN_POINT('',(125.25,-115.825,-4.6E-02));
#1918 = VECTOR('',#1919,1.);
#1919 = DIRECTION('',(0.,0.,1.));
#1920 = ORIENTED_EDGE('',*,*,#1877,.F.);
#1921 = ORIENTED_EDGE('',*,*,#1915,.F.);
#1922 = CYLINDRICAL_SURFACE('',#1923,0.575);
#1923 = AXIS2_PLACEMENT_3D('',#1924,#1925,#1926);
#1924 = CARTESIAN_POINT('',(125.25,-115.25,-4.6E-02));
#1925 = DIRECTION('',(-0.,-0.,-1.));
#1926 = DIRECTION('',(-0.,-1.,0.));
#1927 = MANIFOLD_SOLID_BREP('',#1928);
#1928 = CLOSED_SHELL('',(#1929,#1962,#1982,#2002));
#1929 = ADVANCED_FACE('',(#1930),#1957,.T.);
#1930 = FACE_BOUND('',#1931,.F.);
#1931 = EDGE_LOOP('',(#1932,#1942,#1949,#1950));
#1932 = ORIENTED_EDGE('',*,*,#1933,.T.);
#1933 = EDGE_CURVE('',#1934,#1936,#1938,.T.);
#1934 = VERTEX_POINT('',#1935);
#1935 = CARTESIAN_POINT('',(125.25,-115.85,-4.E-02));
#1936 = VERTEX_POINT('',#1937);
#1937 = CARTESIAN_POINT('',(125.25,-115.85,1.55));
#1938 = LINE('',#1939,#1940);
#1939 = CARTESIAN_POINT('',(125.25,-115.85,-4.E-02));
#1940 = VECTOR('',#1941,1.);
#1941 = DIRECTION('',(0.,0.,1.));
#1942 = ORIENTED_EDGE('',*,*,#1943,.T.);
#1943 = EDGE_CURVE('',#1936,#1936,#1944,.T.);
#1944 = CIRCLE('',#1945,0.6);
#1945 = AXIS2_PLACEMENT_3D('',#1946,#1947,#1948);
#1946 = CARTESIAN_POINT('',(125.25,-115.25,1.55));
#1947 = DIRECTION('',(0.,0.,1.));
#1948 = DIRECTION('',(-0.,-1.,0.));
#1949 = ORIENTED_EDGE('',*,*,#1933,.F.);
#1950 = ORIENTED_EDGE('',*,*,#1951,.F.);
#1951 = EDGE_CURVE('',#1934,#1934,#1952,.T.);
#1952 = CIRCLE('',#1953,0.6);
#1953 = AXIS2_PLACEMENT_3D('',#1954,#1955,#1956);
#1954 = CARTESIAN_POINT('',(125.25,-115.25,-4.E-02));
#1955 = DIRECTION('',(0.,0.,1.));
#1956 = DIRECTION('',(-0.,-1.,0.));
#1957 = CYLINDRICAL_SURFACE('',#1958,0.6);
#1958 = AXIS2_PLACEMENT_3D('',#1959,#1960,#1961);
#1959 = CARTESIAN_POINT('',(125.25,-115.25,-4.E-02));
#1960 = DIRECTION('',(-0.,-0.,-1.));
#1961 = DIRECTION('',(-0.,-1.,0.));
#1962 = ADVANCED_FACE('',(#1963,#1966),#1977,.F.);
#1963 = FACE_BOUND('',#1964,.F.);
#1964 = EDGE_LOOP('',(#1965));
#1965 = ORIENTED_EDGE('',*,*,#1951,.T.);
#1966 = FACE_BOUND('',#1967,.F.);
#1967 = EDGE_LOOP('',(#1968));
#1968 = ORIENTED_EDGE('',*,*,#1969,.T.);
#1969 = EDGE_CURVE('',#1970,#1970,#1972,.T.);
#1970 = VERTEX_POINT('',#1971);
#1971 = CARTESIAN_POINT('',(125.25,-115.825,-4.E-02));
#1972 = CIRCLE('',#1973,0.575);
#1973 = AXIS2_PLACEMENT_3D('',#1974,#1975,#1976);
#1974 = CARTESIAN_POINT('',(125.25,-115.25,-4.E-02));
#1975 = DIRECTION('',(-0.,0.,-1.));
#1976 = DIRECTION('',(-0.,-1.,0.));
#1977 = PLANE('',#1978);
#1978 = AXIS2_PLACEMENT_3D('',#1979,#1980,#1981);
#1979 = CARTESIAN_POINT('',(125.25,-115.85,-4.E-02));
#1980 = DIRECTION('',(0.,0.,1.));
#1981 = DIRECTION('',(1.,0.,-0.));
#1982 = ADVANCED_FACE('',(#1983,#1986),#1997,.T.);
#1983 = FACE_BOUND('',#1984,.T.);
#1984 = EDGE_LOOP('',(#1985));
#1985 = ORIENTED_EDGE('',*,*,#1943,.T.);
#1986 = FACE_BOUND('',#1987,.T.);
#1987 = EDGE_LOOP('',(#1988));
#1988 = ORIENTED_EDGE('',*,*,#1989,.T.);
#1989 = EDGE_CURVE('',#1990,#1990,#1992,.T.);
#1990 = VERTEX_POINT('',#1991);
#1991 = CARTESIAN_POINT('',(125.25,-115.825,1.55));
#1992 = CIRCLE('',#1993,0.575);
#1993 = AXIS2_PLACEMENT_3D('',#1994,#1995,#1996);
#1994 = CARTESIAN_POINT('',(125.25,-115.25,1.55));
#1995 = DIRECTION('',(-0.,0.,-1.));
#1996 = DIRECTION('',(-0.,-1.,0.));
#1997 = PLANE('',#1998);
#1998 = AXIS2_PLACEMENT_3D('',#1999,#2000,#2001);
#1999 = CARTESIAN_POINT('',(125.25,-115.85,1.55));
#2000 = DIRECTION('',(0.,0.,1.));
#2001 = DIRECTION('',(1.,0.,-0.));
#2002 = ADVANCED_FACE('',(#2003),#2014,.F.);
#2003 = FACE_BOUND('',#2004,.T.);
#2004 = EDGE_LOOP('',(#2005,#2006,#2012,#2013));
#2005 = ORIENTED_EDGE('',*,*,#1969,.T.);
#2006 = ORIENTED_EDGE('',*,*,#2007,.T.);
#2007 = EDGE_CURVE('',#1970,#1990,#2008,.T.);
#2008 = LINE('',#2009,#2010);
#2009 = CARTESIAN_POINT('',(125.25,-115.825,-4.6E-02));
#2010 = VECTOR('',#2011,1.);
#2011 = DIRECTION('',(0.,0.,1.));
#2012 = ORIENTED_EDGE('',*,*,#1989,.F.);
#2013 = ORIENTED_EDGE('',*,*,#2007,.F.);
#2014 = CYLINDRICAL_SURFACE('',#2015,0.575);
#2015 = AXIS2_PLACEMENT_3D('',#2016,#2017,#2018);
#2016 = CARTESIAN_POINT('',(125.25,-115.25,-4.6E-02));
#2017 = DIRECTION('',(-0.,-0.,-1.));
#2018 = DIRECTION('',(-0.,-1.,0.));
#2019 = MANIFOLD_SOLID_BREP('',#2020);
#2020 = CLOSED_SHELL('',(#2021,#2054,#2074,#2094));
#2021 = ADVANCED_FACE('',(#2022),#2049,.T.);
#2022 = FACE_BOUND('',#2023,.F.);
#2023 = EDGE_LOOP('',(#2024,#2034,#2041,#2042));
#2024 = ORIENTED_EDGE('',*,*,#2025,.T.);
#2025 = EDGE_CURVE('',#2026,#2028,#2030,.T.);
#2026 = VERTEX_POINT('',#2027);
#2027 = CARTESIAN_POINT('',(168.949999,-115.25,1.51));
#2028 = VERTEX_POINT('',#2029);
#2029 = CARTESIAN_POINT('',(168.949999,-115.25,1.55));
#2030 = LINE('',#2031,#2032);
#2031 = CARTESIAN_POINT('',(168.949999,-115.25,1.51));
#2032 = VECTOR('',#2033,1.);
#2033 = DIRECTION('',(0.,0.,1.));
#2034 = ORIENTED_EDGE('',*,*,#2035,.T.);
#2035 = EDGE_CURVE('',#2028,#2028,#2036,.T.);
#2036 = CIRCLE('',#2037,1.199999);
#2037 = AXIS2_PLACEMENT_3D('',#2038,#2039,#2040);
#2038 = CARTESIAN_POINT('',(167.75,-115.25,1.55));
#2039 = DIRECTION('',(0.,0.,1.));
#2040 = DIRECTION('',(1.,0.,-0.));
#2041 = ORIENTED_EDGE('',*,*,#2025,.F.);
#2042 = ORIENTED_EDGE('',*,*,#2043,.F.);
#2043 = EDGE_CURVE('',#2026,#2026,#2044,.T.);
#2044 = CIRCLE('',#2045,1.199999);
#2045 = AXIS2_PLACEMENT_3D('',#2046,#2047,#2048);
#2046 = CARTESIAN_POINT('',(167.75,-115.25,1.51));
#2047 = DIRECTION('',(0.,0.,1.));
#2048 = DIRECTION('',(1.,0.,-0.));
#2049 = CYLINDRICAL_SURFACE('',#2050,1.199999);
#2050 = AXIS2_PLACEMENT_3D('',#2051,#2052,#2053);
#2051 = CARTESIAN_POINT('',(167.75,-115.25,1.51));
#2052 = DIRECTION('',(-0.,-0.,-1.));
#2053 = DIRECTION('',(1.,0.,-0.));
#2054 = ADVANCED_FACE('',(#2055,#2058),#2069,.F.);
#2055 = FACE_BOUND('',#2056,.F.);
#2056 = EDGE_LOOP('',(#2057));
#2057 = ORIENTED_EDGE('',*,*,#2043,.T.);
#2058 = FACE_BOUND('',#2059,.F.);
#2059 = EDGE_LOOP('',(#2060));
#2060 = ORIENTED_EDGE('',*,*,#2061,.T.);
#2061 = EDGE_CURVE('',#2062,#2062,#2064,.T.);
#2062 = VERTEX_POINT('',#2063);
#2063 = CARTESIAN_POINT('',(167.75,-115.825,1.51));
#2064 = CIRCLE('',#2065,0.575);
#2065 = AXIS2_PLACEMENT_3D('',#2066,#2067,#2068);
#2066 = CARTESIAN_POINT('',(167.75,-115.25,1.51));
#2067 = DIRECTION('',(-0.,0.,-1.));
#2068 = DIRECTION('',(-0.,-1.,0.));
#2069 = PLANE('',#2070);
#2070 = AXIS2_PLACEMENT_3D('',#2071,#2072,#2073);
#2071 = CARTESIAN_POINT('',(0.,0.,1.51));
#2072 = DIRECTION('',(0.,0.,1.));
#2073 = DIRECTION('',(1.,0.,-0.));
#2074 = ADVANCED_FACE('',(#2075,#2078),#2089,.T.);
#2075 = FACE_BOUND('',#2076,.T.);
#2076 = EDGE_LOOP('',(#2077));
#2077 = ORIENTED_EDGE('',*,*,#2035,.T.);
#2078 = FACE_BOUND('',#2079,.T.);
#2079 = EDGE_LOOP('',(#2080));
#2080 = ORIENTED_EDGE('',*,*,#2081,.T.);
#2081 = EDGE_CURVE('',#2082,#2082,#2084,.T.);
#2082 = VERTEX_POINT('',#2083);
#2083 = CARTESIAN_POINT('',(167.75,-115.825,1.55));
#2084 = CIRCLE('',#2085,0.575);
#2085 = AXIS2_PLACEMENT_3D('',#2086,#2087,#2088);
#2086 = CARTESIAN_POINT('',(167.75,-115.25,1.55));
#2087 = DIRECTION('',(-0.,0.,-1.));
#2088 = DIRECTION('',(-0.,-1.,0.));
#2089 = PLANE('',#2090);
#2090 = AXIS2_PLACEMENT_3D('',#2091,#2092,#2093);
#2091 = CARTESIAN_POINT('',(0.,0.,1.55));
#2092 = DIRECTION('',(0.,0.,1.));
#2093 = DIRECTION('',(1.,0.,-0.));
#2094 = ADVANCED_FACE('',(#2095),#2106,.F.);
#2095 = FACE_BOUND('',#2096,.T.);
#2096 = EDGE_LOOP('',(#2097,#2098,#2104,#2105));
#2097 = ORIENTED_EDGE('',*,*,#2061,.T.);
#2098 = ORIENTED_EDGE('',*,*,#2099,.T.);
#2099 = EDGE_CURVE('',#2062,#2082,#2100,.T.);
#2100 = LINE('',#2101,#2102);
#2101 = CARTESIAN_POINT('',(167.75,-115.825,-4.6E-02));
#2102 = VECTOR('',#2103,1.);
#2103 = DIRECTION('',(0.,0.,1.));
#2104 = ORIENTED_EDGE('',*,*,#2081,.F.);
#2105 = ORIENTED_EDGE('',*,*,#2099,.F.);
#2106 = CYLINDRICAL_SURFACE('',#2107,0.575);
#2107 = AXIS2_PLACEMENT_3D('',#2108,#2109,#2110);
#2108 = CARTESIAN_POINT('',(167.75,-115.25,-4.6E-02));
#2109 = DIRECTION('',(-0.,-0.,-1.));
#2110 = DIRECTION('',(-0.,-1.,0.));
#2111 = MANIFOLD_SOLID_BREP('',#2112);
#2112 = CLOSED_SHELL('',(#2113,#2146,#2166,#2186));
#2113 = ADVANCED_FACE('',(#2114),#2141,.T.);
#2114 = FACE_BOUND('',#2115,.T.);
#2115 = EDGE_LOOP('',(#2116,#2126,#2133,#2134));
#2116 = ORIENTED_EDGE('',*,*,#2117,.T.);
#2117 = EDGE_CURVE('',#2118,#2120,#2122,.T.);
#2118 = VERTEX_POINT('',#2119);
#2119 = CARTESIAN_POINT('',(168.949999,-115.25,0.));
#2120 = VERTEX_POINT('',#2121);
#2121 = CARTESIAN_POINT('',(168.949999,-115.25,-4.E-02));
#2122 = LINE('',#2123,#2124);
#2123 = CARTESIAN_POINT('',(168.949999,-115.25,0.));
#2124 = VECTOR('',#2125,1.);
#2125 = DIRECTION('',(0.,0.,-1.));
#2126 = ORIENTED_EDGE('',*,*,#2127,.T.);
#2127 = EDGE_CURVE('',#2120,#2120,#2128,.T.);
#2128 = CIRCLE('',#2129,1.199999);
#2129 = AXIS2_PLACEMENT_3D('',#2130,#2131,#2132);
#2130 = CARTESIAN_POINT('',(167.75,-115.25,-4.E-02));
#2131 = DIRECTION('',(0.,0.,1.));
#2132 = DIRECTION('',(1.,0.,-0.));
#2133 = ORIENTED_EDGE('',*,*,#2117,.F.);
#2134 = ORIENTED_EDGE('',*,*,#2135,.F.);
#2135 = EDGE_CURVE('',#2118,#2118,#2136,.T.);
#2136 = CIRCLE('',#2137,1.199999);
#2137 = AXIS2_PLACEMENT_3D('',#2138,#2139,#2140);
#2138 = CARTESIAN_POINT('',(167.75,-115.25,0.));
#2139 = DIRECTION('',(0.,0.,1.));
#2140 = DIRECTION('',(1.,0.,-0.));
#2141 = CYLINDRICAL_SURFACE('',#2142,1.199999);
#2142 = AXIS2_PLACEMENT_3D('',#2143,#2144,#2145);
#2143 = CARTESIAN_POINT('',(167.75,-115.25,0.));
#2144 = DIRECTION('',(0.,0.,1.));
#2145 = DIRECTION('',(1.,0.,-0.));
#2146 = ADVANCED_FACE('',(#2147,#2150),#2161,.F.);
#2147 = FACE_BOUND('',#2148,.F.);
#2148 = EDGE_LOOP('',(#2149));
#2149 = ORIENTED_EDGE('',*,*,#2135,.F.);
#2150 = FACE_BOUND('',#2151,.F.);
#2151 = EDGE_LOOP('',(#2152));
#2152 = ORIENTED_EDGE('',*,*,#2153,.F.);
#2153 = EDGE_CURVE('',#2154,#2154,#2156,.T.);
#2154 = VERTEX_POINT('',#2155);
#2155 = CARTESIAN_POINT('',(167.75,-115.825,0.));
#2156 = CIRCLE('',#2157,0.575);
#2157 = AXIS2_PLACEMENT_3D('',#2158,#2159,#2160);
#2158 = CARTESIAN_POINT('',(167.75,-115.25,0.));
#2159 = DIRECTION('',(-0.,0.,-1.));
#2160 = DIRECTION('',(-0.,-1.,0.));
#2161 = PLANE('',#2162);
#2162 = AXIS2_PLACEMENT_3D('',#2163,#2164,#2165);
#2163 = CARTESIAN_POINT('',(0.,0.,0.));
#2164 = DIRECTION('',(-0.,-0.,-1.));
#2165 = DIRECTION('',(-1.,0.,0.));
#2166 = ADVANCED_FACE('',(#2167,#2170),#2181,.T.);
#2167 = FACE_BOUND('',#2168,.T.);
#2168 = EDGE_LOOP('',(#2169));
#2169 = ORIENTED_EDGE('',*,*,#2127,.F.);
#2170 = FACE_BOUND('',#2171,.T.);
#2171 = EDGE_LOOP('',(#2172));
#2172 = ORIENTED_EDGE('',*,*,#2173,.F.);
#2173 = EDGE_CURVE('',#2174,#2174,#2176,.T.);
#2174 = VERTEX_POINT('',#2175);
#2175 = CARTESIAN_POINT('',(167.75,-115.825,-4.E-02));
#2176 = CIRCLE('',#2177,0.575);
#2177 = AXIS2_PLACEMENT_3D('',#2178,#2179,#2180);
#2178 = CARTESIAN_POINT('',(167.75,-115.25,-4.E-02));
#2179 = DIRECTION('',(-0.,0.,-1.));
#2180 = DIRECTION('',(-0.,-1.,0.));
#2181 = PLANE('',#2182);
#2182 = AXIS2_PLACEMENT_3D('',#2183,#2184,#2185);
#2183 = CARTESIAN_POINT('',(0.,0.,-4.E-02));
#2184 = DIRECTION('',(-0.,-0.,-1.));
#2185 = DIRECTION('',(-1.,0.,0.));
#2186 = ADVANCED_FACE('',(#2187),#2198,.F.);
#2187 = FACE_BOUND('',#2188,.T.);
#2188 = EDGE_LOOP('',(#2189,#2190,#2196,#2197));
#2189 = ORIENTED_EDGE('',*,*,#2173,.T.);
#2190 = ORIENTED_EDGE('',*,*,#2191,.T.);
#2191 = EDGE_CURVE('',#2174,#2154,#2192,.T.);
#2192 = LINE('',#2193,#2194);
#2193 = CARTESIAN_POINT('',(167.75,-115.825,-4.6E-02));
#2194 = VECTOR('',#2195,1.);
#2195 = DIRECTION('',(0.,0.,1.));
#2196 = ORIENTED_EDGE('',*,*,#2153,.F.);
#2197 = ORIENTED_EDGE('',*,*,#2191,.F.);
#2198 = CYLINDRICAL_SURFACE('',#2199,0.575);
#2199 = AXIS2_PLACEMENT_3D('',#2200,#2201,#2202);
#2200 = CARTESIAN_POINT('',(167.75,-115.25,-4.6E-02));
#2201 = DIRECTION('',(-0.,-0.,-1.));
#2202 = DIRECTION('',(-0.,-1.,0.));
#2203 = MANIFOLD_SOLID_BREP('',#2204);
#2204 = CLOSED_SHELL('',(#2205,#2238,#2258,#2278));
#2205 = ADVANCED_FACE('',(#2206),#2233,.T.);
#2206 = FACE_BOUND('',#2207,.F.);
#2207 = EDGE_LOOP('',(#2208,#2218,#2225,#2226));
#2208 = ORIENTED_EDGE('',*,*,#2209,.T.);
#2209 = EDGE_CURVE('',#2210,#2212,#2214,.T.);
#2210 = VERTEX_POINT('',#2211);
#2211 = CARTESIAN_POINT('',(167.75,-115.85,-4.E-02));
#2212 = VERTEX_POINT('',#2213);
#2213 = CARTESIAN_POINT('',(167.75,-115.85,1.55));
#2214 = LINE('',#2215,#2216);
#2215 = CARTESIAN_POINT('',(167.75,-115.85,-4.E-02));
#2216 = VECTOR('',#2217,1.);
#2217 = DIRECTION('',(0.,0.,1.));
#2218 = ORIENTED_EDGE('',*,*,#2219,.T.);
#2219 = EDGE_CURVE('',#2212,#2212,#2220,.T.);
#2220 = CIRCLE('',#2221,0.6);
#2221 = AXIS2_PLACEMENT_3D('',#2222,#2223,#2224);
#2222 = CARTESIAN_POINT('',(167.75,-115.25,1.55));
#2223 = DIRECTION('',(0.,0.,1.));
#2224 = DIRECTION('',(-0.,-1.,0.));
#2225 = ORIENTED_EDGE('',*,*,#2209,.F.);
#2226 = ORIENTED_EDGE('',*,*,#2227,.F.);
#2227 = EDGE_CURVE('',#2210,#2210,#2228,.T.);
#2228 = CIRCLE('',#2229,0.6);
#2229 = AXIS2_PLACEMENT_3D('',#2230,#2231,#2232);
#2230 = CARTESIAN_POINT('',(167.75,-115.25,-4.E-02));
#2231 = DIRECTION('',(0.,0.,1.));
#2232 = DIRECTION('',(-0.,-1.,0.));
#2233 = CYLINDRICAL_SURFACE('',#2234,0.6);
#2234 = AXIS2_PLACEMENT_3D('',#2235,#2236,#2237);
#2235 = CARTESIAN_POINT('',(167.75,-115.25,-4.E-02));
#2236 = DIRECTION('',(-0.,-0.,-1.));
#2237 = DIRECTION('',(-0.,-1.,0.));
#2238 = ADVANCED_FACE('',(#2239,#2242),#2253,.F.);
#2239 = FACE_BOUND('',#2240,.F.);
#2240 = EDGE_LOOP('',(#2241));
#2241 = ORIENTED_EDGE('',*,*,#2227,.T.);
#2242 = FACE_BOUND('',#2243,.F.);
#2243 = EDGE_LOOP('',(#2244));
#2244 = ORIENTED_EDGE('',*,*,#2245,.T.);
#2245 = EDGE_CURVE('',#2246,#2246,#2248,.T.);
#2246 = VERTEX_POINT('',#2247);
#2247 = CARTESIAN_POINT('',(167.75,-115.825,-4.E-02));
#2248 = CIRCLE('',#2249,0.575);
#2249 = AXIS2_PLACEMENT_3D('',#2250,#2251,#2252);
#2250 = CARTESIAN_POINT('',(167.75,-115.25,-4.E-02));
#2251 = DIRECTION('',(-0.,0.,-1.));
#2252 = DIRECTION('',(-0.,-1.,0.));
#2253 = PLANE('',#2254);
#2254 = AXIS2_PLACEMENT_3D('',#2255,#2256,#2257);
#2255 = CARTESIAN_POINT('',(167.75,-115.85,-4.E-02));
#2256 = DIRECTION('',(0.,0.,1.));
#2257 = DIRECTION('',(1.,0.,-0.));
#2258 = ADVANCED_FACE('',(#2259,#2262),#2273,.T.);
#2259 = FACE_BOUND('',#2260,.T.);
#2260 = EDGE_LOOP('',(#2261));
#2261 = ORIENTED_EDGE('',*,*,#2219,.T.);
#2262 = FACE_BOUND('',#2263,.T.);
#2263 = EDGE_LOOP('',(#2264));
#2264 = ORIENTED_EDGE('',*,*,#2265,.T.);
#2265 = EDGE_CURVE('',#2266,#2266,#2268,.T.);
#2266 = VERTEX_POINT('',#2267);
#2267 = CARTESIAN_POINT('',(167.75,-115.825,1.55));
#2268 = CIRCLE('',#2269,0.575);
#2269 = AXIS2_PLACEMENT_3D('',#2270,#2271,#2272);
#2270 = CARTESIAN_POINT('',(167.75,-115.25,1.55));
#2271 = DIRECTION('',(-0.,0.,-1.));
#2272 = DIRECTION('',(-0.,-1.,0.));
#2273 = PLANE('',#2274);
#2274 = AXIS2_PLACEMENT_3D('',#2275,#2276,#2277);
#2275 = CARTESIAN_POINT('',(167.75,-115.85,1.55));
#2276 = DIRECTION('',(0.,0.,1.));
#2277 = DIRECTION('',(1.,0.,-0.));
#2278 = ADVANCED_FACE('',(#2279),#2290,.F.);
#2279 = FACE_BOUND('',#2280,.T.);
#2280 = EDGE_LOOP('',(#2281,#2282,#2288,#2289));
#2281 = ORIENTED_EDGE('',*,*,#2245,.T.);
#2282 = ORIENTED_EDGE('',*,*,#2283,.T.);
#2283 = EDGE_CURVE('',#2246,#2266,#2284,.T.);
#2284 = LINE('',#2285,#2286);
#2285 = CARTESIAN_POINT('',(167.75,-115.825,-4.6E-02));
#2286 = VECTOR('',#2287,1.);
#2287 = DIRECTION('',(0.,0.,1.));
#2288 = ORIENTED_EDGE('',*,*,#2265,.F.);
#2289 = ORIENTED_EDGE('',*,*,#2283,.F.);
#2290 = CYLINDRICAL_SURFACE('',#2291,0.575);
#2291 = AXIS2_PLACEMENT_3D('',#2292,#2293,#2294);
#2292 = CARTESIAN_POINT('',(167.75,-115.25,-4.6E-02));
#2293 = DIRECTION('',(-0.,-0.,-1.));
#2294 = DIRECTION('',(-0.,-1.,0.));
#2295 = MANIFOLD_SOLID_BREP('',#2296);
#2296 = CLOSED_SHELL('',(#2297,#2330,#2350,#2370));
#2297 = ADVANCED_FACE('',(#2298),#2325,.T.);
#2298 = FACE_BOUND('',#2299,.F.);
#2299 = EDGE_LOOP('',(#2300,#2310,#2317,#2318));
#2300 = ORIENTED_EDGE('',*,*,#2301,.T.);
#2301 = EDGE_CURVE('',#2302,#2304,#2306,.T.);
#2302 = VERTEX_POINT('',#2303);
#2303 = CARTESIAN_POINT('',(168.949999,-83.,1.51));
#2304 = VERTEX_POINT('',#2305);
#2305 = CARTESIAN_POINT('',(168.949999,-83.,1.55));
#2306 = LINE('',#2307,#2308);
#2307 = CARTESIAN_POINT('',(168.949999,-83.,1.51));
#2308 = VECTOR('',#2309,1.);
#2309 = DIRECTION('',(0.,0.,1.));
#2310 = ORIENTED_EDGE('',*,*,#2311,.T.);
#2311 = EDGE_CURVE('',#2304,#2304,#2312,.T.);
#2312 = CIRCLE('',#2313,1.199999);
#2313 = AXIS2_PLACEMENT_3D('',#2314,#2315,#2316);
#2314 = CARTESIAN_POINT('',(167.75,-83.,1.55));
#2315 = DIRECTION('',(0.,0.,1.));
#2316 = DIRECTION('',(1.,0.,-0.));
#2317 = ORIENTED_EDGE('',*,*,#2301,.F.);
#2318 = ORIENTED_EDGE('',*,*,#2319,.F.);
#2319 = EDGE_CURVE('',#2302,#2302,#2320,.T.);
#2320 = CIRCLE('',#2321,1.199999);
#2321 = AXIS2_PLACEMENT_3D('',#2322,#2323,#2324);
#2322 = CARTESIAN_POINT('',(167.75,-83.,1.51));
#2323 = DIRECTION('',(0.,0.,1.));
#2324 = DIRECTION('',(1.,0.,-0.));
#2325 = CYLINDRICAL_SURFACE('',#2326,1.199999);
#2326 = AXIS2_PLACEMENT_3D('',#2327,#2328,#2329);
#2327 = CARTESIAN_POINT('',(167.75,-83.,1.51));
#2328 = DIRECTION('',(-0.,-0.,-1.));
#2329 = DIRECTION('',(1.,0.,-0.));
#2330 = ADVANCED_FACE('',(#2331,#2334),#2345,.F.);
#2331 = FACE_BOUND('',#2332,.F.);
#2332 = EDGE_LOOP('',(#2333));
#2333 = ORIENTED_EDGE('',*,*,#2319,.T.);
#2334 = FACE_BOUND('',#2335,.F.);
#2335 = EDGE_LOOP('',(#2336));
#2336 = ORIENTED_EDGE('',*,*,#2337,.T.);
#2337 = EDGE_CURVE('',#2338,#2338,#2340,.T.);
#2338 = VERTEX_POINT('',#2339);
#2339 = CARTESIAN_POINT('',(167.75,-83.575,1.51));
#2340 = CIRCLE('',#2341,0.575);
#2341 = AXIS2_PLACEMENT_3D('',#2342,#2343,#2344);
#2342 = CARTESIAN_POINT('',(167.75,-83.,1.51));
#2343 = DIRECTION('',(-0.,0.,-1.));
#2344 = DIRECTION('',(-0.,-1.,0.));
#2345 = PLANE('',#2346);
#2346 = AXIS2_PLACEMENT_3D('',#2347,#2348,#2349);
#2347 = CARTESIAN_POINT('',(0.,0.,1.51));
#2348 = DIRECTION('',(0.,0.,1.));
#2349 = DIRECTION('',(1.,0.,-0.));
#2350 = ADVANCED_FACE('',(#2351,#2354),#2365,.T.);
#2351 = FACE_BOUND('',#2352,.T.);
#2352 = EDGE_LOOP('',(#2353));
#2353 = ORIENTED_EDGE('',*,*,#2311,.T.);
#2354 = FACE_BOUND('',#2355,.T.);
#2355 = EDGE_LOOP('',(#2356));
#2356 = ORIENTED_EDGE('',*,*,#2357,.T.);
#2357 = EDGE_CURVE('',#2358,#2358,#2360,.T.);
#2358 = VERTEX_POINT('',#2359);
#2359 = CARTESIAN_POINT('',(167.75,-83.575,1.55));
#2360 = CIRCLE('',#2361,0.575);
#2361 = AXIS2_PLACEMENT_3D('',#2362,#2363,#2364);
#2362 = CARTESIAN_POINT('',(167.75,-83.,1.55));
#2363 = DIRECTION('',(-0.,0.,-1.));
#2364 = DIRECTION('',(-0.,-1.,0.));
#2365 = PLANE('',#2366);
#2366 = AXIS2_PLACEMENT_3D('',#2367,#2368,#2369);
#2367 = CARTESIAN_POINT('',(0.,0.,1.55));
#2368 = DIRECTION('',(0.,0.,1.));
#2369 = DIRECTION('',(1.,0.,-0.));
#2370 = ADVANCED_FACE('',(#2371),#2382,.F.);
#2371 = FACE_BOUND('',#2372,.T.);
#2372 = EDGE_LOOP('',(#2373,#2374,#2380,#2381));
#2373 = ORIENTED_EDGE('',*,*,#2337,.T.);
#2374 = ORIENTED_EDGE('',*,*,#2375,.T.);
#2375 = EDGE_CURVE('',#2338,#2358,#2376,.T.);
#2376 = LINE('',#2377,#2378);
#2377 = CARTESIAN_POINT('',(167.75,-83.575,-4.6E-02));
#2378 = VECTOR('',#2379,1.);
#2379 = DIRECTION('',(0.,0.,1.));
#2380 = ORIENTED_EDGE('',*,*,#2357,.F.);
#2381 = ORIENTED_EDGE('',*,*,#2375,.F.);
#2382 = CYLINDRICAL_SURFACE('',#2383,0.575);
#2383 = AXIS2_PLACEMENT_3D('',#2384,#2385,#2386);
#2384 = CARTESIAN_POINT('',(167.75,-83.,-4.6E-02));
#2385 = DIRECTION('',(-0.,-0.,-1.));
#2386 = DIRECTION('',(-0.,-1.,0.));
#2387 = MANIFOLD_SOLID_BREP('',#2388);
#2388 = CLOSED_SHELL('',(#2389,#2422,#2442,#2462));
#2389 = ADVANCED_FACE('',(#2390),#2417,.T.);
#2390 = FACE_BOUND('',#2391,.T.);
#2391 = EDGE_LOOP('',(#2392,#2402,#2409,#2410));
#2392 = ORIENTED_EDGE('',*,*,#2393,.T.);
#2393 = EDGE_CURVE('',#2394,#2396,#2398,.T.);
#2394 = VERTEX_POINT('',#2395);
#2395 = CARTESIAN_POINT('',(168.949999,-83.,0.));
#2396 = VERTEX_POINT('',#2397);
#2397 = CARTESIAN_POINT('',(168.949999,-83.,-4.E-02));
#2398 = LINE('',#2399,#2400);
#2399 = CARTESIAN_POINT('',(168.949999,-83.,0.));
#2400 = VECTOR('',#2401,1.);
#2401 = DIRECTION('',(0.,0.,-1.));
#2402 = ORIENTED_EDGE('',*,*,#2403,.T.);
#2403 = EDGE_CURVE('',#2396,#2396,#2404,.T.);
#2404 = CIRCLE('',#2405,1.199999);
#2405 = AXIS2_PLACEMENT_3D('',#2406,#2407,#2408);
#2406 = CARTESIAN_POINT('',(167.75,-83.,-4.E-02));
#2407 = DIRECTION('',(0.,0.,1.));
#2408 = DIRECTION('',(1.,0.,-0.));
#2409 = ORIENTED_EDGE('',*,*,#2393,.F.);
#2410 = ORIENTED_EDGE('',*,*,#2411,.F.);
#2411 = EDGE_CURVE('',#2394,#2394,#2412,.T.);
#2412 = CIRCLE('',#2413,1.199999);
#2413 = AXIS2_PLACEMENT_3D('',#2414,#2415,#2416);
#2414 = CARTESIAN_POINT('',(167.75,-83.,0.));
#2415 = DIRECTION('',(0.,0.,1.));
#2416 = DIRECTION('',(1.,0.,-0.));
#2417 = CYLINDRICAL_SURFACE('',#2418,1.199999);
#2418 = AXIS2_PLACEMENT_3D('',#2419,#2420,#2421);
#2419 = CARTESIAN_POINT('',(167.75,-83.,0.));
#2420 = DIRECTION('',(0.,0.,1.));
#2421 = DIRECTION('',(1.,0.,-0.));
#2422 = ADVANCED_FACE('',(#2423,#2426),#2437,.F.);
#2423 = FACE_BOUND('',#2424,.F.);
#2424 = EDGE_LOOP('',(#2425));
#2425 = ORIENTED_EDGE('',*,*,#2411,.F.);
#2426 = FACE_BOUND('',#2427,.F.);
#2427 = EDGE_LOOP('',(#2428));
#2428 = ORIENTED_EDGE('',*,*,#2429,.F.);
#2429 = EDGE_CURVE('',#2430,#2430,#2432,.T.);
#2430 = VERTEX_POINT('',#2431);
#2431 = CARTESIAN_POINT('',(167.75,-83.575,0.));
#2432 = CIRCLE('',#2433,0.575);
#2433 = AXIS2_PLACEMENT_3D('',#2434,#2435,#2436);
#2434 = CARTESIAN_POINT('',(167.75,-83.,0.));
#2435 = DIRECTION('',(-0.,0.,-1.));
#2436 = DIRECTION('',(-0.,-1.,0.));
#2437 = PLANE('',#2438);
#2438 = AXIS2_PLACEMENT_3D('',#2439,#2440,#2441);
#2439 = CARTESIAN_POINT('',(0.,0.,0.));
#2440 = DIRECTION('',(-0.,-0.,-1.));
#2441 = DIRECTION('',(-1.,0.,0.));
#2442 = ADVANCED_FACE('',(#2443,#2446),#2457,.T.);
#2443 = FACE_BOUND('',#2444,.T.);
#2444 = EDGE_LOOP('',(#2445));
#2445 = ORIENTED_EDGE('',*,*,#2403,.F.);
#2446 = FACE_BOUND('',#2447,.T.);
#2447 = EDGE_LOOP('',(#2448));
#2448 = ORIENTED_EDGE('',*,*,#2449,.F.);
#2449 = EDGE_CURVE('',#2450,#2450,#2452,.T.);
#2450 = VERTEX_POINT('',#2451);
#2451 = CARTESIAN_POINT('',(167.75,-83.575,-4.E-02));
#2452 = CIRCLE('',#2453,0.575);
#2453 = AXIS2_PLACEMENT_3D('',#2454,#2455,#2456);
#2454 = CARTESIAN_POINT('',(167.75,-83.,-4.E-02));
#2455 = DIRECTION('',(-0.,0.,-1.));
#2456 = DIRECTION('',(-0.,-1.,0.));
#2457 = PLANE('',#2458);
#2458 = AXIS2_PLACEMENT_3D('',#2459,#2460,#2461);
#2459 = CARTESIAN_POINT('',(0.,0.,-4.E-02));
#2460 = DIRECTION('',(-0.,-0.,-1.));
#2461 = DIRECTION('',(-1.,0.,0.));
#2462 = ADVANCED_FACE('',(#2463),#2474,.F.);
#2463 = FACE_BOUND('',#2464,.T.);
#2464 = EDGE_LOOP('',(#2465,#2466,#2472,#2473));
#2465 = ORIENTED_EDGE('',*,*,#2449,.T.);
#2466 = ORIENTED_EDGE('',*,*,#2467,.T.);
#2467 = EDGE_CURVE('',#2450,#2430,#2468,.T.);
#2468 = LINE('',#2469,#2470);
#2469 = CARTESIAN_POINT('',(167.75,-83.575,-4.6E-02));
#2470 = VECTOR('',#2471,1.);
#2471 = DIRECTION('',(0.,0.,1.));
#2472 = ORIENTED_EDGE('',*,*,#2429,.F.);
#2473 = ORIENTED_EDGE('',*,*,#2467,.F.);
#2474 = CYLINDRICAL_SURFACE('',#2475,0.575);
#2475 = AXIS2_PLACEMENT_3D('',#2476,#2477,#2478);
#2476 = CARTESIAN_POINT('',(167.75,-83.,-4.6E-02));
#2477 = DIRECTION('',(-0.,-0.,-1.));
#2478 = DIRECTION('',(-0.,-1.,0.));
#2479 = MANIFOLD_SOLID_BREP('',#2480);
#2480 = CLOSED_SHELL('',(#2481,#2514,#2534,#2554));
#2481 = ADVANCED_FACE('',(#2482),#2509,.T.);
#2482 = FACE_BOUND('',#2483,.F.);
#2483 = EDGE_LOOP('',(#2484,#2494,#2501,#2502));
#2484 = ORIENTED_EDGE('',*,*,#2485,.T.);
#2485 = EDGE_CURVE('',#2486,#2488,#2490,.T.);
#2486 = VERTEX_POINT('',#2487);
#2487 = CARTESIAN_POINT('',(167.75,-83.6,-4.E-02));
#2488 = VERTEX_POINT('',#2489);
#2489 = CARTESIAN_POINT('',(167.75,-83.6,1.55));
#2490 = LINE('',#2491,#2492);
#2491 = CARTESIAN_POINT('',(167.75,-83.6,-4.E-02));
#2492 = VECTOR('',#2493,1.);
#2493 = DIRECTION('',(0.,0.,1.));
#2494 = ORIENTED_EDGE('',*,*,#2495,.T.);
#2495 = EDGE_CURVE('',#2488,#2488,#2496,.T.);
#2496 = CIRCLE('',#2497,0.6);
#2497 = AXIS2_PLACEMENT_3D('',#2498,#2499,#2500);
#2498 = CARTESIAN_POINT('',(167.75,-83.,1.55));
#2499 = DIRECTION('',(0.,0.,1.));
#2500 = DIRECTION('',(-0.,-1.,0.));
#2501 = ORIENTED_EDGE('',*,*,#2485,.F.);
#2502 = ORIENTED_EDGE('',*,*,#2503,.F.);
#2503 = EDGE_CURVE('',#2486,#2486,#2504,.T.);
#2504 = CIRCLE('',#2505,0.6);
#2505 = AXIS2_PLACEMENT_3D('',#2506,#2507,#2508);
#2506 = CARTESIAN_POINT('',(167.75,-83.,-4.E-02));
#2507 = DIRECTION('',(0.,0.,1.));
#2508 = DIRECTION('',(-0.,-1.,0.));
#2509 = CYLINDRICAL_SURFACE('',#2510,0.6);
#2510 = AXIS2_PLACEMENT_3D('',#2511,#2512,#2513);
#2511 = CARTESIAN_POINT('',(167.75,-83.,-4.E-02));
#2512 = DIRECTION('',(-0.,-0.,-1.));
#2513 = DIRECTION('',(-0.,-1.,0.));
#2514 = ADVANCED_FACE('',(#2515,#2518),#2529,.F.);
#2515 = FACE_BOUND('',#2516,.F.);
#2516 = EDGE_LOOP('',(#2517));
#2517 = ORIENTED_EDGE('',*,*,#2503,.T.);
#2518 = FACE_BOUND('',#2519,.F.);
#2519 = EDGE_LOOP('',(#2520));
#2520 = ORIENTED_EDGE('',*,*,#2521,.T.);
#2521 = EDGE_CURVE('',#2522,#2522,#2524,.T.);
#2522 = VERTEX_POINT('',#2523);
#2523 = CARTESIAN_POINT('',(167.75,-83.575,-4.E-02));
#2524 = CIRCLE('',#2525,0.575);
#2525 = AXIS2_PLACEMENT_3D('',#2526,#2527,#2528);
#2526 = CARTESIAN_POINT('',(167.75,-83.,-4.E-02));
#2527 = DIRECTION('',(-0.,0.,-1.));
#2528 = DIRECTION('',(-0.,-1.,0.));
#2529 = PLANE('',#2530);
#2530 = AXIS2_PLACEMENT_3D('',#2531,#2532,#2533);
#2531 = CARTESIAN_POINT('',(167.75,-83.6,-4.E-02));
#2532 = DIRECTION('',(0.,0.,1.));
#2533 = DIRECTION('',(1.,0.,-0.));
#2534 = ADVANCED_FACE('',(#2535,#2538),#2549,.T.);
#2535 = FACE_BOUND('',#2536,.T.);
#2536 = EDGE_LOOP('',(#2537));
#2537 = ORIENTED_EDGE('',*,*,#2495,.T.);
#2538 = FACE_BOUND('',#2539,.T.);
#2539 = EDGE_LOOP('',(#2540));
#2540 = ORIENTED_EDGE('',*,*,#2541,.T.);
#2541 = EDGE_CURVE('',#2542,#2542,#2544,.T.);
#2542 = VERTEX_POINT('',#2543);
#2543 = CARTESIAN_POINT('',(167.75,-83.575,1.55));
#2544 = CIRCLE('',#2545,0.575);
#2545 = AXIS2_PLACEMENT_3D('',#2546,#2547,#2548);
#2546 = CARTESIAN_POINT('',(167.75,-83.,1.55));
#2547 = DIRECTION('',(-0.,0.,-1.));
#2548 = DIRECTION('',(-0.,-1.,0.));
#2549 = PLANE('',#2550);
#2550 = AXIS2_PLACEMENT_3D('',#2551,#2552,#2553);
#2551 = CARTESIAN_POINT('',(167.75,-83.6,1.55));
#2552 = DIRECTION('',(0.,0.,1.));
#2553 = DIRECTION('',(1.,0.,-0.));
#2554 = ADVANCED_FACE('',(#2555),#2566,.F.);
#2555 = FACE_BOUND('',#2556,.T.);
#2556 = EDGE_LOOP('',(#2557,#2558,#2564,#2565));
#2557 = ORIENTED_EDGE('',*,*,#2521,.T.);
#2558 = ORIENTED_EDGE('',*,*,#2559,.T.);
#2559 = EDGE_CURVE('',#2522,#2542,#2560,.T.);
#2560 = LINE('',#2561,#2562);
#2561 = CARTESIAN_POINT('',(167.75,-83.575,-4.6E-02));
#2562 = VECTOR('',#2563,1.);
#2563 = DIRECTION('',(0.,0.,1.));
#2564 = ORIENTED_EDGE('',*,*,#2541,.F.);
#2565 = ORIENTED_EDGE('',*,*,#2559,.F.);
#2566 = CYLINDRICAL_SURFACE('',#2567,0.575);
#2567 = AXIS2_PLACEMENT_3D('',#2568,#2569,#2570);
#2568 = CARTESIAN_POINT('',(167.75,-83.,-4.6E-02));
#2569 = DIRECTION('',(-0.,-0.,-1.));
#2570 = DIRECTION('',(-0.,-1.,0.));
#2571 = MANIFOLD_SOLID_BREP('',#2572);
#2572 = CLOSED_SHELL('',(#2573,#2606,#2626,#2646));
#2573 = ADVANCED_FACE('',(#2574),#2601,.T.);
#2574 = FACE_BOUND('',#2575,.F.);
#2575 = EDGE_LOOP('',(#2576,#2586,#2593,#2594));
#2576 = ORIENTED_EDGE('',*,*,#2577,.T.);
#2577 = EDGE_CURVE('',#2578,#2580,#2582,.T.);
#2578 = VERTEX_POINT('',#2579);
#2579 = CARTESIAN_POINT('',(168.949999,-87.75,1.51));
#2580 = VERTEX_POINT('',#2581);
#2581 = CARTESIAN_POINT('',(168.949999,-87.75,1.55));
#2582 = LINE('',#2583,#2584);
#2583 = CARTESIAN_POINT('',(168.949999,-87.75,1.51));
#2584 = VECTOR('',#2585,1.);
#2585 = DIRECTION('',(0.,0.,1.));
#2586 = ORIENTED_EDGE('',*,*,#2587,.T.);
#2587 = EDGE_CURVE('',#2580,#2580,#2588,.T.);
#2588 = CIRCLE('',#2589,1.199999);
#2589 = AXIS2_PLACEMENT_3D('',#2590,#2591,#2592);
#2590 = CARTESIAN_POINT('',(167.75,-87.75,1.55));
#2591 = DIRECTION('',(0.,0.,1.));
#2592 = DIRECTION('',(1.,0.,-0.));
#2593 = ORIENTED_EDGE('',*,*,#2577,.F.);
#2594 = ORIENTED_EDGE('',*,*,#2595,.F.);
#2595 = EDGE_CURVE('',#2578,#2578,#2596,.T.);
#2596 = CIRCLE('',#2597,1.199999);
#2597 = AXIS2_PLACEMENT_3D('',#2598,#2599,#2600);
#2598 = CARTESIAN_POINT('',(167.75,-87.75,1.51));
#2599 = DIRECTION('',(0.,0.,1.));
#2600 = DIRECTION('',(1.,0.,-0.));
#2601 = CYLINDRICAL_SURFACE('',#2602,1.199999);
#2602 = AXIS2_PLACEMENT_3D('',#2603,#2604,#2605);
#2603 = CARTESIAN_POINT('',(167.75,-87.75,1.51));
#2604 = DIRECTION('',(-0.,-0.,-1.));
#2605 = DIRECTION('',(1.,0.,-0.));
#2606 = ADVANCED_FACE('',(#2607,#2610),#2621,.F.);
#2607 = FACE_BOUND('',#2608,.F.);
#2608 = EDGE_LOOP('',(#2609));
#2609 = ORIENTED_EDGE('',*,*,#2595,.T.);
#2610 = FACE_BOUND('',#2611,.F.);
#2611 = EDGE_LOOP('',(#2612));
#2612 = ORIENTED_EDGE('',*,*,#2613,.T.);
#2613 = EDGE_CURVE('',#2614,#2614,#2616,.T.);
#2614 = VERTEX_POINT('',#2615);
#2615 = CARTESIAN_POINT('',(167.75,-88.325,1.51));
#2616 = CIRCLE('',#2617,0.575);
#2617 = AXIS2_PLACEMENT_3D('',#2618,#2619,#2620);
#2618 = CARTESIAN_POINT('',(167.75,-87.75,1.51));
#2619 = DIRECTION('',(-0.,0.,-1.));
#2620 = DIRECTION('',(-0.,-1.,0.));
#2621 = PLANE('',#2622);
#2622 = AXIS2_PLACEMENT_3D('',#2623,#2624,#2625);
#2623 = CARTESIAN_POINT('',(0.,0.,1.51));
#2624 = DIRECTION('',(0.,0.,1.));
#2625 = DIRECTION('',(1.,0.,-0.));
#2626 = ADVANCED_FACE('',(#2627,#2630),#2641,.T.);
#2627 = FACE_BOUND('',#2628,.T.);
#2628 = EDGE_LOOP('',(#2629));
#2629 = ORIENTED_EDGE('',*,*,#2587,.T.);
#2630 = FACE_BOUND('',#2631,.T.);
#2631 = EDGE_LOOP('',(#2632));
#2632 = ORIENTED_EDGE('',*,*,#2633,.T.);
#2633 = EDGE_CURVE('',#2634,#2634,#2636,.T.);
#2634 = VERTEX_POINT('',#2635);
#2635 = CARTESIAN_POINT('',(167.75,-88.325,1.55));
#2636 = CIRCLE('',#2637,0.575);
#2637 = AXIS2_PLACEMENT_3D('',#2638,#2639,#2640);
#2638 = CARTESIAN_POINT('',(167.75,-87.75,1.55));
#2639 = DIRECTION('',(-0.,0.,-1.));
#2640 = DIRECTION('',(-0.,-1.,0.));
#2641 = PLANE('',#2642);
#2642 = AXIS2_PLACEMENT_3D('',#2643,#2644,#2645);
#2643 = CARTESIAN_POINT('',(0.,0.,1.55));
#2644 = DIRECTION('',(0.,0.,1.));
#2645 = DIRECTION('',(1.,0.,-0.));
#2646 = ADVANCED_FACE('',(#2647),#2658,.F.);
#2647 = FACE_BOUND('',#2648,.T.);
#2648 = EDGE_LOOP('',(#2649,#2650,#2656,#2657));
#2649 = ORIENTED_EDGE('',*,*,#2613,.T.);
#2650 = ORIENTED_EDGE('',*,*,#2651,.T.);
#2651 = EDGE_CURVE('',#2614,#2634,#2652,.T.);
#2652 = LINE('',#2653,#2654);
#2653 = CARTESIAN_POINT('',(167.75,-88.325,-4.6E-02));
#2654 = VECTOR('',#2655,1.);
#2655 = DIRECTION('',(0.,0.,1.));
#2656 = ORIENTED_EDGE('',*,*,#2633,.F.);
#2657 = ORIENTED_EDGE('',*,*,#2651,.F.);
#2658 = CYLINDRICAL_SURFACE('',#2659,0.575);
#2659 = AXIS2_PLACEMENT_3D('',#2660,#2661,#2662);
#2660 = CARTESIAN_POINT('',(167.75,-87.75,-4.6E-02));
#2661 = DIRECTION('',(-0.,-0.,-1.));
#2662 = DIRECTION('',(-0.,-1.,0.));
#2663 = MANIFOLD_SOLID_BREP('',#2664);
#2664 = CLOSED_SHELL('',(#2665,#2698,#2718,#2738));
#2665 = ADVANCED_FACE('',(#2666),#2693,.T.);
#2666 = FACE_BOUND('',#2667,.T.);
#2667 = EDGE_LOOP('',(#2668,#2678,#2685,#2686));
#2668 = ORIENTED_EDGE('',*,*,#2669,.T.);
#2669 = EDGE_CURVE('',#2670,#2672,#2674,.T.);
#2670 = VERTEX_POINT('',#2671);
#2671 = CARTESIAN_POINT('',(168.949999,-87.75,0.));
#2672 = VERTEX_POINT('',#2673);
#2673 = CARTESIAN_POINT('',(168.949999,-87.75,-4.E-02));
#2674 = LINE('',#2675,#2676);
#2675 = CARTESIAN_POINT('',(168.949999,-87.75,0.));
#2676 = VECTOR('',#2677,1.);
#2677 = DIRECTION('',(0.,0.,-1.));
#2678 = ORIENTED_EDGE('',*,*,#2679,.T.);
#2679 = EDGE_CURVE('',#2672,#2672,#2680,.T.);
#2680 = CIRCLE('',#2681,1.199999);
#2681 = AXIS2_PLACEMENT_3D('',#2682,#2683,#2684);
#2682 = CARTESIAN_POINT('',(167.75,-87.75,-4.E-02));
#2683 = DIRECTION('',(0.,0.,1.));
#2684 = DIRECTION('',(1.,0.,-0.));
#2685 = ORIENTED_EDGE('',*,*,#2669,.F.);
#2686 = ORIENTED_EDGE('',*,*,#2687,.F.);
#2687 = EDGE_CURVE('',#2670,#2670,#2688,.T.);
#2688 = CIRCLE('',#2689,1.199999);
#2689 = AXIS2_PLACEMENT_3D('',#2690,#2691,#2692);
#2690 = CARTESIAN_POINT('',(167.75,-87.75,0.));
#2691 = DIRECTION('',(0.,0.,1.));
#2692 = DIRECTION('',(1.,0.,-0.));
#2693 = CYLINDRICAL_SURFACE('',#2694,1.199999);
#2694 = AXIS2_PLACEMENT_3D('',#2695,#2696,#2697);
#2695 = CARTESIAN_POINT('',(167.75,-87.75,0.));
#2696 = DIRECTION('',(0.,0.,1.));
#2697 = DIRECTION('',(1.,0.,-0.));
#2698 = ADVANCED_FACE('',(#2699,#2702),#2713,.F.);
#2699 = FACE_BOUND('',#2700,.F.);
#2700 = EDGE_LOOP('',(#2701));
#2701 = ORIENTED_EDGE('',*,*,#2687,.F.);
#2702 = FACE_BOUND('',#2703,.F.);
#2703 = EDGE_LOOP('',(#2704));
#2704 = ORIENTED_EDGE('',*,*,#2705,.F.);
#2705 = EDGE_CURVE('',#2706,#2706,#2708,.T.);
#2706 = VERTEX_POINT('',#2707);
#2707 = CARTESIAN_POINT('',(167.75,-88.325,0.));
#2708 = CIRCLE('',#2709,0.575);
#2709 = AXIS2_PLACEMENT_3D('',#2710,#2711,#2712);
#2710 = CARTESIAN_POINT('',(167.75,-87.75,0.));
#2711 = DIRECTION('',(-0.,0.,-1.));
#2712 = DIRECTION('',(-0.,-1.,0.));
#2713 = PLANE('',#2714);
#2714 = AXIS2_PLACEMENT_3D('',#2715,#2716,#2717);
#2715 = CARTESIAN_POINT('',(0.,0.,0.));
#2716 = DIRECTION('',(-0.,-0.,-1.));
#2717 = DIRECTION('',(-1.,0.,0.));
#2718 = ADVANCED_FACE('',(#2719,#2722),#2733,.T.);
#2719 = FACE_BOUND('',#2720,.T.);
#2720 = EDGE_LOOP('',(#2721));
#2721 = ORIENTED_EDGE('',*,*,#2679,.F.);
#2722 = FACE_BOUND('',#2723,.T.);
#2723 = EDGE_LOOP('',(#2724));
#2724 = ORIENTED_EDGE('',*,*,#2725,.F.);
#2725 = EDGE_CURVE('',#2726,#2726,#2728,.T.);
#2726 = VERTEX_POINT('',#2727);
#2727 = CARTESIAN_POINT('',(167.75,-88.325,-4.E-02));
#2728 = CIRCLE('',#2729,0.575);
#2729 = AXIS2_PLACEMENT_3D('',#2730,#2731,#2732);
#2730 = CARTESIAN_POINT('',(167.75,-87.75,-4.E-02));
#2731 = DIRECTION('',(-0.,0.,-1.));
#2732 = DIRECTION('',(-0.,-1.,0.));
#2733 = PLANE('',#2734);
#2734 = AXIS2_PLACEMENT_3D('',#2735,#2736,#2737);
#2735 = CARTESIAN_POINT('',(0.,0.,-4.E-02));
#2736 = DIRECTION('',(-0.,-0.,-1.));
#2737 = DIRECTION('',(-1.,0.,0.));
#2738 = ADVANCED_FACE('',(#2739),#2750,.F.);
#2739 = FACE_BOUND('',#2740,.T.);
#2740 = EDGE_LOOP('',(#2741,#2742,#2748,#2749));
#2741 = ORIENTED_EDGE('',*,*,#2725,.T.);
#2742 = ORIENTED_EDGE('',*,*,#2743,.T.);
#2743 = EDGE_CURVE('',#2726,#2706,#2744,.T.);
#2744 = LINE('',#2745,#2746);
#2745 = CARTESIAN_POINT('',(167.75,-88.325,-4.6E-02));
#2746 = VECTOR('',#2747,1.);
#2747 = DIRECTION('',(0.,0.,1.));
#2748 = ORIENTED_EDGE('',*,*,#2705,.F.);
#2749 = ORIENTED_EDGE('',*,*,#2743,.F.);
#2750 = CYLINDRICAL_SURFACE('',#2751,0.575);
#2751 = AXIS2_PLACEMENT_3D('',#2752,#2753,#2754);
#2752 = CARTESIAN_POINT('',(167.75,-87.75,-4.6E-02));
#2753 = DIRECTION('',(-0.,-0.,-1.));
#2754 = DIRECTION('',(-0.,-1.,0.));
#2755 = MANIFOLD_SOLID_BREP('',#2756);
#2756 = CLOSED_SHELL('',(#2757,#2790,#2810,#2830));
#2757 = ADVANCED_FACE('',(#2758),#2785,.T.);
#2758 = FACE_BOUND('',#2759,.F.);
#2759 = EDGE_LOOP('',(#2760,#2770,#2777,#2778));
#2760 = ORIENTED_EDGE('',*,*,#2761,.T.);
#2761 = EDGE_CURVE('',#2762,#2764,#2766,.T.);
#2762 = VERTEX_POINT('',#2763);
#2763 = CARTESIAN_POINT('',(167.75,-88.35,-4.E-02));
#2764 = VERTEX_POINT('',#2765);
#2765 = CARTESIAN_POINT('',(167.75,-88.35,1.55));
#2766 = LINE('',#2767,#2768);
#2767 = CARTESIAN_POINT('',(167.75,-88.35,-4.E-02));
#2768 = VECTOR('',#2769,1.);
#2769 = DIRECTION('',(0.,0.,1.));
#2770 = ORIENTED_EDGE('',*,*,#2771,.T.);
#2771 = EDGE_CURVE('',#2764,#2764,#2772,.T.);
#2772 = CIRCLE('',#2773,0.6);
#2773 = AXIS2_PLACEMENT_3D('',#2774,#2775,#2776);
#2774 = CARTESIAN_POINT('',(167.75,-87.75,1.55));
#2775 = DIRECTION('',(0.,0.,1.));
#2776 = DIRECTION('',(-0.,-1.,0.));
#2777 = ORIENTED_EDGE('',*,*,#2761,.F.);
#2778 = ORIENTED_EDGE('',*,*,#2779,.F.);
#2779 = EDGE_CURVE('',#2762,#2762,#2780,.T.);
#2780 = CIRCLE('',#2781,0.6);
#2781 = AXIS2_PLACEMENT_3D('',#2782,#2783,#2784);
#2782 = CARTESIAN_POINT('',(167.75,-87.75,-4.E-02));
#2783 = DIRECTION('',(0.,0.,1.));
#2784 = DIRECTION('',(-0.,-1.,0.));
#2785 = CYLINDRICAL_SURFACE('',#2786,0.6);
#2786 = AXIS2_PLACEMENT_3D('',#2787,#2788,#2789);
#2787 = CARTESIAN_POINT('',(167.75,-87.75,-4.E-02));
#2788 = DIRECTION('',(-0.,-0.,-1.));
#2789 = DIRECTION('',(-0.,-1.,0.));
#2790 = ADVANCED_FACE('',(#2791,#2794),#2805,.F.);
#2791 = FACE_BOUND('',#2792,.F.);
#2792 = EDGE_LOOP('',(#2793));
#2793 = ORIENTED_EDGE('',*,*,#2779,.T.);
#2794 = FACE_BOUND('',#2795,.F.);
#2795 = EDGE_LOOP('',(#2796));
#2796 = ORIENTED_EDGE('',*,*,#2797,.T.);
#2797 = EDGE_CURVE('',#2798,#2798,#2800,.T.);
#2798 = VERTEX_POINT('',#2799);
#2799 = CARTESIAN_POINT('',(167.75,-88.325,-4.E-02));
#2800 = CIRCLE('',#2801,0.575);
#2801 = AXIS2_PLACEMENT_3D('',#2802,#2803,#2804);
#2802 = CARTESIAN_POINT('',(167.75,-87.75,-4.E-02));
#2803 = DIRECTION('',(-0.,0.,-1.));
#2804 = DIRECTION('',(-0.,-1.,0.));
#2805 = PLANE('',#2806);
#2806 = AXIS2_PLACEMENT_3D('',#2807,#2808,#2809);
#2807 = CARTESIAN_POINT('',(167.75,-88.35,-4.E-02));
#2808 = DIRECTION('',(0.,0.,1.));
#2809 = DIRECTION('',(1.,0.,-0.));
#2810 = ADVANCED_FACE('',(#2811,#2814),#2825,.T.);
#2811 = FACE_BOUND('',#2812,.T.);
#2812 = EDGE_LOOP('',(#2813));
#2813 = ORIENTED_EDGE('',*,*,#2771,.T.);
#2814 = FACE_BOUND('',#2815,.T.);
#2815 = EDGE_LOOP('',(#2816));
#2816 = ORIENTED_EDGE('',*,*,#2817,.T.);
#2817 = EDGE_CURVE('',#2818,#2818,#2820,.T.);
#2818 = VERTEX_POINT('',#2819);
#2819 = CARTESIAN_POINT('',(167.75,-88.325,1.55));
#2820 = CIRCLE('',#2821,0.575);
#2821 = AXIS2_PLACEMENT_3D('',#2822,#2823,#2824);
#2822 = CARTESIAN_POINT('',(167.75,-87.75,1.55));
#2823 = DIRECTION('',(-0.,0.,-1.));
#2824 = DIRECTION('',(-0.,-1.,0.));
#2825 = PLANE('',#2826);
#2826 = AXIS2_PLACEMENT_3D('',#2827,#2828,#2829);
#2827 = CARTESIAN_POINT('',(167.75,-88.35,1.55));
#2828 = DIRECTION('',(0.,0.,1.));
#2829 = DIRECTION('',(1.,0.,-0.));
#2830 = ADVANCED_FACE('',(#2831),#2842,.F.);
#2831 = FACE_BOUND('',#2832,.T.);
#2832 = EDGE_LOOP('',(#2833,#2834,#2840,#2841));
#2833 = ORIENTED_EDGE('',*,*,#2797,.T.);
#2834 = ORIENTED_EDGE('',*,*,#2835,.T.);
#2835 = EDGE_CURVE('',#2798,#2818,#2836,.T.);
#2836 = LINE('',#2837,#2838);
#2837 = CARTESIAN_POINT('',(167.75,-88.325,-4.6E-02));
#2838 = VECTOR('',#2839,1.);
#2839 = DIRECTION('',(0.,0.,1.));
#2840 = ORIENTED_EDGE('',*,*,#2817,.F.);
#2841 = ORIENTED_EDGE('',*,*,#2835,.F.);
#2842 = CYLINDRICAL_SURFACE('',#2843,0.575);
#2843 = AXIS2_PLACEMENT_3D('',#2844,#2845,#2846);
#2844 = CARTESIAN_POINT('',(167.75,-87.75,-4.6E-02));
#2845 = DIRECTION('',(-0.,-0.,-1.));
#2846 = DIRECTION('',(-0.,-1.,0.));
#2847 = MANIFOLD_SOLID_BREP('',#2848);
#2848 = CLOSED_SHELL('',(#2849,#2891,#2922,#2953,#2982,#3011,#3023));
#2849 = ADVANCED_FACE('',(#2850),#2886,.T.);
#2850 = FACE_BOUND('',#2851,.T.);
#2851 = EDGE_LOOP('',(#2852,#2862,#2871,#2879));
#2852 = ORIENTED_EDGE('',*,*,#2853,.T.);
#2853 = EDGE_CURVE('',#2854,#2856,#2858,.T.);
#2854 = VERTEX_POINT('',#2855);
#2855 = CARTESIAN_POINT('',(138.,-72.3,1.51));
#2856 = VERTEX_POINT('',#2857);
#2857 = CARTESIAN_POINT('',(138.,-72.3,1.55));
#2858 = LINE('',#2859,#2860);
#2859 = CARTESIAN_POINT('',(138.,-72.3,1.51));
#2860 = VECTOR('',#2861,1.);
#2861 = DIRECTION('',(0.,0.,1.));
#2862 = ORIENTED_EDGE('',*,*,#2863,.T.);
#2863 = EDGE_CURVE('',#2856,#2864,#2866,.T.);
#2864 = VERTEX_POINT('',#2865);
#2865 = CARTESIAN_POINT('',(138.,-69.8,1.55));
#2866 = CIRCLE('',#2867,1.25);
#2867 = AXIS2_PLACEMENT_3D('',#2868,#2869,#2870);
#2868 = CARTESIAN_POINT('',(137.9999996569,-71.05,1.55));
#2869 = DIRECTION('',(0.,0.,-1.));
#2870 = DIRECTION('',(2.74473245554E-07,-1.,0.));
#2871 = ORIENTED_EDGE('',*,*,#2872,.F.);
#2872 = EDGE_CURVE('',#2873,#2864,#2875,.T.);
#2873 = VERTEX_POINT('',#2874);
#2874 = CARTESIAN_POINT('',(138.,-69.8,1.51));
#2875 = LINE('',#2876,#2877);
#2876 = CARTESIAN_POINT('',(138.,-69.8,1.51));
#2877 = VECTOR('',#2878,1.);
#2878 = DIRECTION('',(0.,0.,1.));
#2879 = ORIENTED_EDGE('',*,*,#2880,.F.);
#2880 = EDGE_CURVE('',#2854,#2873,#2881,.T.);
#2881 = CIRCLE('',#2882,1.25);
#2882 = AXIS2_PLACEMENT_3D('',#2883,#2884,#2885);
#2883 = CARTESIAN_POINT('',(137.9999996569,-71.05,1.51));
#2884 = DIRECTION('',(0.,0.,-1.));
#2885 = DIRECTION('',(2.74473245554E-07,-1.,0.));
#2886 = CYLINDRICAL_SURFACE('',#2887,1.25);
#2887 = AXIS2_PLACEMENT_3D('',#2888,#2889,#2890);
#2888 = CARTESIAN_POINT('',(137.9999996569,-71.05,1.51));
#2889 = DIRECTION('',(0.,0.,-1.));
#2890 = DIRECTION('',(2.74473245554E-07,-1.,0.));
#2891 = ADVANCED_FACE('',(#2892),#2917,.T.);
#2892 = FACE_BOUND('',#2893,.T.);
#2893 = EDGE_LOOP('',(#2894,#2904,#2910,#2911));
#2894 = ORIENTED_EDGE('',*,*,#2895,.T.);
#2895 = EDGE_CURVE('',#2896,#2898,#2900,.T.);
#2896 = VERTEX_POINT('',#2897);
#2897 = CARTESIAN_POINT('',(140.,-72.3,1.51));
#2898 = VERTEX_POINT('',#2899);
#2899 = CARTESIAN_POINT('',(140.,-72.3,1.55));
#2900 = LINE('',#2901,#2902);
#2901 = CARTESIAN_POINT('',(140.,-72.3,1.51));
#2902 = VECTOR('',#2903,1.);
#2903 = DIRECTION('',(0.,0.,1.));
#2904 = ORIENTED_EDGE('',*,*,#2905,.T.);
#2905 = EDGE_CURVE('',#2898,#2856,#2906,.T.);
#2906 = LINE('',#2907,#2908);
#2907 = CARTESIAN_POINT('',(140.,-72.3,1.55));
#2908 = VECTOR('',#2909,1.);
#2909 = DIRECTION('',(-1.,0.,0.));
#2910 = ORIENTED_EDGE('',*,*,#2853,.F.);
#2911 = ORIENTED_EDGE('',*,*,#2912,.F.);
#2912 = EDGE_CURVE('',#2896,#2854,#2913,.T.);
#2913 = LINE('',#2914,#2915);
#2914 = CARTESIAN_POINT('',(140.,-72.3,1.51));
#2915 = VECTOR('',#2916,1.);
#2916 = DIRECTION('',(-1.,0.,0.));
#2917 = PLANE('',#2918);
#2918 = AXIS2_PLACEMENT_3D('',#2919,#2920,#2921);
#2919 = CARTESIAN_POINT('',(140.,-72.3,1.51));
#2920 = DIRECTION('',(0.,-1.,0.));
#2921 = DIRECTION('',(-1.,0.,0.));
#2922 = ADVANCED_FACE('',(#2923),#2948,.T.);
#2923 = FACE_BOUND('',#2924,.T.);
#2924 = EDGE_LOOP('',(#2925,#2926,#2934,#2942));
#2925 = ORIENTED_EDGE('',*,*,#2872,.T.);
#2926 = ORIENTED_EDGE('',*,*,#2927,.T.);
#2927 = EDGE_CURVE('',#2864,#2928,#2930,.T.);
#2928 = VERTEX_POINT('',#2929);
#2929 = CARTESIAN_POINT('',(140.,-69.8,1.55));
#2930 = LINE('',#2931,#2932);
#2931 = CARTESIAN_POINT('',(138.,-69.8,1.55));
#2932 = VECTOR('',#2933,1.);
#2933 = DIRECTION('',(1.,0.,0.));
#2934 = ORIENTED_EDGE('',*,*,#2935,.F.);
#2935 = EDGE_CURVE('',#2936,#2928,#2938,.T.);
#2936 = VERTEX_POINT('',#2937);
#2937 = CARTESIAN_POINT('',(140.,-69.8,1.51));
#2938 = LINE('',#2939,#2940);
#2939 = CARTESIAN_POINT('',(140.,-69.8,1.51));
#2940 = VECTOR('',#2941,1.);
#2941 = DIRECTION('',(0.,0.,1.));
#2942 = ORIENTED_EDGE('',*,*,#2943,.F.);
#2943 = EDGE_CURVE('',#2873,#2936,#2944,.T.);
#2944 = LINE('',#2945,#2946);
#2945 = CARTESIAN_POINT('',(138.,-69.8,1.51));
#2946 = VECTOR('',#2947,1.);
#2947 = DIRECTION('',(1.,0.,0.));
#2948 = PLANE('',#2949);
#2949 = AXIS2_PLACEMENT_3D('',#2950,#2951,#2952);
#2950 = CARTESIAN_POINT('',(138.,-69.8,1.51));
#2951 = DIRECTION('',(0.,1.,0.));
#2952 = DIRECTION('',(1.,0.,0.));
#2953 = ADVANCED_FACE('',(#2954,#2966),#2977,.F.);
#2954 = FACE_BOUND('',#2955,.F.);
#2955 = EDGE_LOOP('',(#2956,#2957,#2958,#2965));
#2956 = ORIENTED_EDGE('',*,*,#2880,.F.);
#2957 = ORIENTED_EDGE('',*,*,#2912,.F.);
#2958 = ORIENTED_EDGE('',*,*,#2959,.F.);
#2959 = EDGE_CURVE('',#2936,#2896,#2960,.T.);
#2960 = CIRCLE('',#2961,1.25);
#2961 = AXIS2_PLACEMENT_3D('',#2962,#2963,#2964);
#2962 = CARTESIAN_POINT('',(140.00000034309,-71.05,1.51));
#2963 = DIRECTION('',(0.,0.,-1.));
#2964 = DIRECTION('',(-2.74473245554E-07,1.,-0.));
#2965 = ORIENTED_EDGE('',*,*,#2943,.F.);
#2966 = FACE_BOUND('',#2967,.F.);
#2967 = EDGE_LOOP('',(#2968));
#2968 = ORIENTED_EDGE('',*,*,#2969,.T.);
#2969 = EDGE_CURVE('',#2970,#2970,#2972,.T.);
#2970 = VERTEX_POINT('',#2971);
#2971 = CARTESIAN_POINT('',(139.,-71.775,1.51));
#2972 = CIRCLE('',#2973,0.725);
#2973 = AXIS2_PLACEMENT_3D('',#2974,#2975,#2976);
#2974 = CARTESIAN_POINT('',(139.,-71.05,1.51));
#2975 = DIRECTION('',(-0.,0.,-1.));
#2976 = DIRECTION('',(-0.,-1.,0.));
#2977 = PLANE('',#2978);
#2978 = AXIS2_PLACEMENT_3D('',#2979,#2980,#2981);
#2979 = CARTESIAN_POINT('',(0.,0.,1.51));
#2980 = DIRECTION('',(0.,0.,1.));
#2981 = DIRECTION('',(1.,0.,-0.));
#2982 = ADVANCED_FACE('',(#2983,#2995),#3006,.T.);
#2983 = FACE_BOUND('',#2984,.T.);
#2984 = EDGE_LOOP('',(#2985,#2986,#2987,#2994));
#2985 = ORIENTED_EDGE('',*,*,#2863,.F.);
#2986 = ORIENTED_EDGE('',*,*,#2905,.F.);
#2987 = ORIENTED_EDGE('',*,*,#2988,.F.);
#2988 = EDGE_CURVE('',#2928,#2898,#2989,.T.);
#2989 = CIRCLE('',#2990,1.25);
#2990 = AXIS2_PLACEMENT_3D('',#2991,#2992,#2993);
#2991 = CARTESIAN_POINT('',(140.00000034309,-71.05,1.55));
#2992 = DIRECTION('',(0.,0.,-1.));
#2993 = DIRECTION('',(-2.74473245554E-07,1.,-0.));
#2994 = ORIENTED_EDGE('',*,*,#2927,.F.);
#2995 = FACE_BOUND('',#2996,.T.);
#2996 = EDGE_LOOP('',(#2997));
#2997 = ORIENTED_EDGE('',*,*,#2998,.T.);
#2998 = EDGE_CURVE('',#2999,#2999,#3001,.T.);
#2999 = VERTEX_POINT('',#3000);
#3000 = CARTESIAN_POINT('',(139.,-71.775,1.55));
#3001 = CIRCLE('',#3002,0.725);
#3002 = AXIS2_PLACEMENT_3D('',#3003,#3004,#3005);
#3003 = CARTESIAN_POINT('',(139.,-71.05,1.55));
#3004 = DIRECTION('',(-0.,0.,-1.));
#3005 = DIRECTION('',(-0.,-1.,0.));
#3006 = PLANE('',#3007);
#3007 = AXIS2_PLACEMENT_3D('',#3008,#3009,#3010);
#3008 = CARTESIAN_POINT('',(0.,0.,1.55));
#3009 = DIRECTION('',(0.,0.,1.));
#3010 = DIRECTION('',(1.,0.,-0.));
#3011 = ADVANCED_FACE('',(#3012),#3018,.T.);
#3012 = FACE_BOUND('',#3013,.T.);
#3013 = EDGE_LOOP('',(#3014,#3015,#3016,#3017));
#3014 = ORIENTED_EDGE('',*,*,#2935,.T.);
#3015 = ORIENTED_EDGE('',*,*,#2988,.T.);
#3016 = ORIENTED_EDGE('',*,*,#2895,.F.);
#3017 = ORIENTED_EDGE('',*,*,#2959,.F.);
#3018 = CYLINDRICAL_SURFACE('',#3019,1.25);
#3019 = AXIS2_PLACEMENT_3D('',#3020,#3021,#3022);
#3020 = CARTESIAN_POINT('',(140.00000034309,-71.05,1.51));
#3021 = DIRECTION('',(0.,0.,-1.));
#3022 = DIRECTION('',(-2.74473245554E-07,1.,-0.));
#3023 = ADVANCED_FACE('',(#3024),#3035,.F.);
#3024 = FACE_BOUND('',#3025,.T.);
#3025 = EDGE_LOOP('',(#3026,#3027,#3033,#3034));
#3026 = ORIENTED_EDGE('',*,*,#2969,.T.);
#3027 = ORIENTED_EDGE('',*,*,#3028,.T.);
#3028 = EDGE_CURVE('',#2970,#2999,#3029,.T.);
#3029 = LINE('',#3030,#3031);
#3030 = CARTESIAN_POINT('',(139.,-71.775,-4.6E-02));
#3031 = VECTOR('',#3032,1.);
#3032 = DIRECTION('',(0.,0.,1.));
#3033 = ORIENTED_EDGE('',*,*,#2998,.F.);
#3034 = ORIENTED_EDGE('',*,*,#3028,.F.);
#3035 = CYLINDRICAL_SURFACE('',#3036,0.725);
#3036 = AXIS2_PLACEMENT_3D('',#3037,#3038,#3039);
#3037 = CARTESIAN_POINT('',(139.,-71.05,-4.6E-02));
#3038 = DIRECTION('',(-0.,-0.,-1.));
#3039 = DIRECTION('',(-0.,-1.,0.));
#3040 = MANIFOLD_SOLID_BREP('',#3041);
#3041 = CLOSED_SHELL('',(#3042,#3084,#3115,#3146,#3175,#3204,#3216));
#3042 = ADVANCED_FACE('',(#3043),#3079,.T.);
#3043 = FACE_BOUND('',#3044,.F.);
#3044 = EDGE_LOOP('',(#3045,#3055,#3064,#3072));
#3045 = ORIENTED_EDGE('',*,*,#3046,.T.);
#3046 = EDGE_CURVE('',#3047,#3049,#3051,.T.);
#3047 = VERTEX_POINT('',#3048);
#3048 = CARTESIAN_POINT('',(138.,-72.3,0.));
#3049 = VERTEX_POINT('',#3050);
#3050 = CARTESIAN_POINT('',(138.,-72.3,-4.E-02));
#3051 = LINE('',#3052,#3053);
#3052 = CARTESIAN_POINT('',(138.,-72.3,0.));
#3053 = VECTOR('',#3054,1.);
#3054 = DIRECTION('',(0.,0.,-1.));
#3055 = ORIENTED_EDGE('',*,*,#3056,.T.);
#3056 = EDGE_CURVE('',#3049,#3057,#3059,.T.);
#3057 = VERTEX_POINT('',#3058);
#3058 = CARTESIAN_POINT('',(138.,-69.8,-4.E-02));
#3059 = CIRCLE('',#3060,1.25);
#3060 = AXIS2_PLACEMENT_3D('',#3061,#3062,#3063);
#3061 = CARTESIAN_POINT('',(137.9999996569,-71.05,-4.E-02));
#3062 = DIRECTION('',(0.,0.,-1.));
#3063 = DIRECTION('',(2.74473245554E-07,-1.,0.));
#3064 = ORIENTED_EDGE('',*,*,#3065,.F.);
#3065 = EDGE_CURVE('',#3066,#3057,#3068,.T.);
#3066 = VERTEX_POINT('',#3067);
#3067 = CARTESIAN_POINT('',(138.,-69.8,0.));
#3068 = LINE('',#3069,#3070);
#3069 = CARTESIAN_POINT('',(138.,-69.8,0.));
#3070 = VECTOR('',#3071,1.);
#3071 = DIRECTION('',(0.,0.,-1.));
#3072 = ORIENTED_EDGE('',*,*,#3073,.F.);
#3073 = EDGE_CURVE('',#3047,#3066,#3074,.T.);
#3074 = CIRCLE('',#3075,1.25);
#3075 = AXIS2_PLACEMENT_3D('',#3076,#3077,#3078);
#3076 = CARTESIAN_POINT('',(137.9999996569,-71.05,0.));
#3077 = DIRECTION('',(0.,0.,-1.));
#3078 = DIRECTION('',(2.74473245554E-07,-1.,0.));
#3079 = CYLINDRICAL_SURFACE('',#3080,1.25);
#3080 = AXIS2_PLACEMENT_3D('',#3081,#3082,#3083);
#3081 = CARTESIAN_POINT('',(137.9999996569,-71.05,0.));
#3082 = DIRECTION('',(-0.,-0.,1.));
#3083 = DIRECTION('',(2.74473245554E-07,-1.,0.));
#3084 = ADVANCED_FACE('',(#3085),#3110,.F.);
#3085 = FACE_BOUND('',#3086,.F.);
#3086 = EDGE_LOOP('',(#3087,#3097,#3103,#3104));
#3087 = ORIENTED_EDGE('',*,*,#3088,.T.);
#3088 = EDGE_CURVE('',#3089,#3091,#3093,.T.);
#3089 = VERTEX_POINT('',#3090);
#3090 = CARTESIAN_POINT('',(140.,-72.3,0.));
#3091 = VERTEX_POINT('',#3092);
#3092 = CARTESIAN_POINT('',(140.,-72.3,-4.E-02));
#3093 = LINE('',#3094,#3095);
#3094 = CARTESIAN_POINT('',(140.,-72.3,0.));
#3095 = VECTOR('',#3096,1.);
#3096 = DIRECTION('',(0.,0.,-1.));
#3097 = ORIENTED_EDGE('',*,*,#3098,.T.);
#3098 = EDGE_CURVE('',#3091,#3049,#3099,.T.);
#3099 = LINE('',#3100,#3101);
#3100 = CARTESIAN_POINT('',(140.,-72.3,-4.E-02));
#3101 = VECTOR('',#3102,1.);
#3102 = DIRECTION('',(-1.,0.,0.));
#3103 = ORIENTED_EDGE('',*,*,#3046,.F.);
#3104 = ORIENTED_EDGE('',*,*,#3105,.F.);
#3105 = EDGE_CURVE('',#3089,#3047,#3106,.T.);
#3106 = LINE('',#3107,#3108);
#3107 = CARTESIAN_POINT('',(140.,-72.3,0.));
#3108 = VECTOR('',#3109,1.);
#3109 = DIRECTION('',(-1.,0.,0.));
#3110 = PLANE('',#3111);
#3111 = AXIS2_PLACEMENT_3D('',#3112,#3113,#3114);
#3112 = CARTESIAN_POINT('',(140.,-72.3,0.));
#3113 = DIRECTION('',(0.,1.,0.));
#3114 = DIRECTION('',(-1.,0.,0.));
#3115 = ADVANCED_FACE('',(#3116),#3141,.F.);
#3116 = FACE_BOUND('',#3117,.F.);
#3117 = EDGE_LOOP('',(#3118,#3119,#3127,#3135));
#3118 = ORIENTED_EDGE('',*,*,#3065,.T.);
#3119 = ORIENTED_EDGE('',*,*,#3120,.T.);
#3120 = EDGE_CURVE('',#3057,#3121,#3123,.T.);
#3121 = VERTEX_POINT('',#3122);
#3122 = CARTESIAN_POINT('',(140.,-69.8,-4.E-02));
#3123 = LINE('',#3124,#3125);
#3124 = CARTESIAN_POINT('',(138.,-69.8,-4.E-02));
#3125 = VECTOR('',#3126,1.);
#3126 = DIRECTION('',(1.,0.,0.));
#3127 = ORIENTED_EDGE('',*,*,#3128,.F.);
#3128 = EDGE_CURVE('',#3129,#3121,#3131,.T.);
#3129 = VERTEX_POINT('',#3130);
#3130 = CARTESIAN_POINT('',(140.,-69.8,0.));
#3131 = LINE('',#3132,#3133);
#3132 = CARTESIAN_POINT('',(140.,-69.8,0.));
#3133 = VECTOR('',#3134,1.);
#3134 = DIRECTION('',(0.,0.,-1.));
#3135 = ORIENTED_EDGE('',*,*,#3136,.F.);
#3136 = EDGE_CURVE('',#3066,#3129,#3137,.T.);
#3137 = LINE('',#3138,#3139);
#3138 = CARTESIAN_POINT('',(138.,-69.8,0.));
#3139 = VECTOR('',#3140,1.);
#3140 = DIRECTION('',(1.,0.,0.));
#3141 = PLANE('',#3142);
#3142 = AXIS2_PLACEMENT_3D('',#3143,#3144,#3145);
#3143 = CARTESIAN_POINT('',(138.,-69.8,0.));
#3144 = DIRECTION('',(0.,-1.,0.));
#3145 = DIRECTION('',(1.,0.,0.));
#3146 = ADVANCED_FACE('',(#3147,#3159),#3170,.F.);
#3147 = FACE_BOUND('',#3148,.F.);
#3148 = EDGE_LOOP('',(#3149,#3150,#3151,#3158));
#3149 = ORIENTED_EDGE('',*,*,#3073,.T.);
#3150 = ORIENTED_EDGE('',*,*,#3136,.T.);
#3151 = ORIENTED_EDGE('',*,*,#3152,.T.);
#3152 = EDGE_CURVE('',#3129,#3089,#3153,.T.);
#3153 = CIRCLE('',#3154,1.25);
#3154 = AXIS2_PLACEMENT_3D('',#3155,#3156,#3157);
#3155 = CARTESIAN_POINT('',(140.00000034309,-71.05,0.));
#3156 = DIRECTION('',(0.,0.,-1.));
#3157 = DIRECTION('',(-2.74473245554E-07,1.,-0.));
#3158 = ORIENTED_EDGE('',*,*,#3105,.T.);
#3159 = FACE_BOUND('',#3160,.F.);
#3160 = EDGE_LOOP('',(#3161));
#3161 = ORIENTED_EDGE('',*,*,#3162,.F.);
#3162 = EDGE_CURVE('',#3163,#3163,#3165,.T.);
#3163 = VERTEX_POINT('',#3164);
#3164 = CARTESIAN_POINT('',(139.,-71.775,0.));
#3165 = CIRCLE('',#3166,0.725);
#3166 = AXIS2_PLACEMENT_3D('',#3167,#3168,#3169);
#3167 = CARTESIAN_POINT('',(139.,-71.05,0.));
#3168 = DIRECTION('',(-0.,0.,-1.));
#3169 = DIRECTION('',(-0.,-1.,0.));
#3170 = PLANE('',#3171);
#3171 = AXIS2_PLACEMENT_3D('',#3172,#3173,#3174);
#3172 = CARTESIAN_POINT('',(0.,0.,0.));
#3173 = DIRECTION('',(-0.,-0.,-1.));
#3174 = DIRECTION('',(-1.,0.,0.));
#3175 = ADVANCED_FACE('',(#3176,#3188),#3199,.T.);
#3176 = FACE_BOUND('',#3177,.T.);
#3177 = EDGE_LOOP('',(#3178,#3179,#3180,#3187));
#3178 = ORIENTED_EDGE('',*,*,#3056,.T.);
#3179 = ORIENTED_EDGE('',*,*,#3120,.T.);
#3180 = ORIENTED_EDGE('',*,*,#3181,.T.);
#3181 = EDGE_CURVE('',#3121,#3091,#3182,.T.);
#3182 = CIRCLE('',#3183,1.25);
#3183 = AXIS2_PLACEMENT_3D('',#3184,#3185,#3186);
#3184 = CARTESIAN_POINT('',(140.00000034309,-71.05,-4.E-02));
#3185 = DIRECTION('',(0.,0.,-1.));
#3186 = DIRECTION('',(-2.74473245554E-07,1.,-0.));
#3187 = ORIENTED_EDGE('',*,*,#3098,.T.);
#3188 = FACE_BOUND('',#3189,.T.);
#3189 = EDGE_LOOP('',(#3190));
#3190 = ORIENTED_EDGE('',*,*,#3191,.F.);
#3191 = EDGE_CURVE('',#3192,#3192,#3194,.T.);
#3192 = VERTEX_POINT('',#3193);
#3193 = CARTESIAN_POINT('',(139.,-71.775,-4.E-02));
#3194 = CIRCLE('',#3195,0.725);
#3195 = AXIS2_PLACEMENT_3D('',#3196,#3197,#3198);
#3196 = CARTESIAN_POINT('',(139.,-71.05,-4.E-02));
#3197 = DIRECTION('',(-0.,0.,-1.));
#3198 = DIRECTION('',(-0.,-1.,0.));
#3199 = PLANE('',#3200);
#3200 = AXIS2_PLACEMENT_3D('',#3201,#3202,#3203);
#3201 = CARTESIAN_POINT('',(0.,0.,-4.E-02));
#3202 = DIRECTION('',(-0.,-0.,-1.));
#3203 = DIRECTION('',(-1.,0.,0.));
#3204 = ADVANCED_FACE('',(#3205),#3211,.T.);
#3205 = FACE_BOUND('',#3206,.F.);
#3206 = EDGE_LOOP('',(#3207,#3208,#3209,#3210));
#3207 = ORIENTED_EDGE('',*,*,#3128,.T.);
#3208 = ORIENTED_EDGE('',*,*,#3181,.T.);
#3209 = ORIENTED_EDGE('',*,*,#3088,.F.);
#3210 = ORIENTED_EDGE('',*,*,#3152,.F.);
#3211 = CYLINDRICAL_SURFACE('',#3212,1.25);
#3212 = AXIS2_PLACEMENT_3D('',#3213,#3214,#3215);
#3213 = CARTESIAN_POINT('',(140.00000034309,-71.05,0.));
#3214 = DIRECTION('',(-0.,-0.,1.));
#3215 = DIRECTION('',(-2.74473245554E-07,1.,-0.));
#3216 = ADVANCED_FACE('',(#3217),#3228,.F.);
#3217 = FACE_BOUND('',#3218,.T.);
#3218 = EDGE_LOOP('',(#3219,#3220,#3226,#3227));
#3219 = ORIENTED_EDGE('',*,*,#3191,.T.);
#3220 = ORIENTED_EDGE('',*,*,#3221,.T.);
#3221 = EDGE_CURVE('',#3192,#3163,#3222,.T.);
#3222 = LINE('',#3223,#3224);
#3223 = CARTESIAN_POINT('',(139.,-71.775,-4.6E-02));
#3224 = VECTOR('',#3225,1.);
#3225 = DIRECTION('',(0.,0.,1.));
#3226 = ORIENTED_EDGE('',*,*,#3162,.F.);
#3227 = ORIENTED_EDGE('',*,*,#3221,.F.);
#3228 = CYLINDRICAL_SURFACE('',#3229,0.725);
#3229 = AXIS2_PLACEMENT_3D('',#3230,#3231,#3232);
#3230 = CARTESIAN_POINT('',(139.,-71.05,-4.6E-02));
#3231 = DIRECTION('',(-0.,-0.,-1.));
#3232 = DIRECTION('',(-0.,-1.,0.));
#3233 = MANIFOLD_SOLID_BREP('',#3234);
#3234 = CLOSED_SHELL('',(#3235,#3268,#3288,#3308));
#3235 = ADVANCED_FACE('',(#3236),#3263,.T.);
#3236 = FACE_BOUND('',#3237,.F.);
#3237 = EDGE_LOOP('',(#3238,#3248,#3255,#3256));
#3238 = ORIENTED_EDGE('',*,*,#3239,.T.);
#3239 = EDGE_CURVE('',#3240,#3242,#3244,.T.);
#3240 = VERTEX_POINT('',#3241);
#3241 = CARTESIAN_POINT('',(139.,-71.8,-4.E-02));
#3242 = VERTEX_POINT('',#3243);
#3243 = CARTESIAN_POINT('',(139.,-71.8,1.55));
#3244 = LINE('',#3245,#3246);
#3245 = CARTESIAN_POINT('',(139.,-71.8,-4.E-02));
#3246 = VECTOR('',#3247,1.);
#3247 = DIRECTION('',(0.,0.,1.));
#3248 = ORIENTED_EDGE('',*,*,#3249,.T.);
#3249 = EDGE_CURVE('',#3242,#3242,#3250,.T.);
#3250 = CIRCLE('',#3251,0.75);
#3251 = AXIS2_PLACEMENT_3D('',#3252,#3253,#3254);
#3252 = CARTESIAN_POINT('',(139.,-71.05,1.55));
#3253 = DIRECTION('',(0.,0.,1.));
#3254 = DIRECTION('',(-0.,-1.,0.));
#3255 = ORIENTED_EDGE('',*,*,#3239,.F.);
#3256 = ORIENTED_EDGE('',*,*,#3257,.F.);
#3257 = EDGE_CURVE('',#3240,#3240,#3258,.T.);
#3258 = CIRCLE('',#3259,0.75);
#3259 = AXIS2_PLACEMENT_3D('',#3260,#3261,#3262);
#3260 = CARTESIAN_POINT('',(139.,-71.05,-4.E-02));
#3261 = DIRECTION('',(0.,0.,1.));
#3262 = DIRECTION('',(-0.,-1.,0.));
#3263 = CYLINDRICAL_SURFACE('',#3264,0.75);
#3264 = AXIS2_PLACEMENT_3D('',#3265,#3266,#3267);
#3265 = CARTESIAN_POINT('',(139.,-71.05,-4.E-02));
#3266 = DIRECTION('',(-0.,-0.,-1.));
#3267 = DIRECTION('',(-0.,-1.,0.));
#3268 = ADVANCED_FACE('',(#3269,#3272),#3283,.F.);
#3269 = FACE_BOUND('',#3270,.F.);
#3270 = EDGE_LOOP('',(#3271));
#3271 = ORIENTED_EDGE('',*,*,#3257,.T.);
#3272 = FACE_BOUND('',#3273,.F.);
#3273 = EDGE_LOOP('',(#3274));
#3274 = ORIENTED_EDGE('',*,*,#3275,.T.);
#3275 = EDGE_CURVE('',#3276,#3276,#3278,.T.);
#3276 = VERTEX_POINT('',#3277);
#3277 = CARTESIAN_POINT('',(139.,-71.775,-4.E-02));
#3278 = CIRCLE('',#3279,0.725);
#3279 = AXIS2_PLACEMENT_3D('',#3280,#3281,#3282);
#3280 = CARTESIAN_POINT('',(139.,-71.05,-4.E-02));
#3281 = DIRECTION('',(-0.,0.,-1.));
#3282 = DIRECTION('',(-0.,-1.,0.));
#3283 = PLANE('',#3284);
#3284 = AXIS2_PLACEMENT_3D('',#3285,#3286,#3287);
#3285 = CARTESIAN_POINT('',(139.,-71.8,-4.E-02));
#3286 = DIRECTION('',(0.,0.,1.));
#3287 = DIRECTION('',(1.,0.,-0.));
#3288 = ADVANCED_FACE('',(#3289,#3292),#3303,.T.);
#3289 = FACE_BOUND('',#3290,.T.);
#3290 = EDGE_LOOP('',(#3291));
#3291 = ORIENTED_EDGE('',*,*,#3249,.T.);
#3292 = FACE_BOUND('',#3293,.T.);
#3293 = EDGE_LOOP('',(#3294));
#3294 = ORIENTED_EDGE('',*,*,#3295,.T.);
#3295 = EDGE_CURVE('',#3296,#3296,#3298,.T.);
#3296 = VERTEX_POINT('',#3297);
#3297 = CARTESIAN_POINT('',(139.,-71.775,1.55));
#3298 = CIRCLE('',#3299,0.725);
#3299 = AXIS2_PLACEMENT_3D('',#3300,#3301,#3302);
#3300 = CARTESIAN_POINT('',(139.,-71.05,1.55));
#3301 = DIRECTION('',(-0.,0.,-1.));
#3302 = DIRECTION('',(-0.,-1.,0.));
#3303 = PLANE('',#3304);
#3304 = AXIS2_PLACEMENT_3D('',#3305,#3306,#3307);
#3305 = CARTESIAN_POINT('',(139.,-71.8,1.55));
#3306 = DIRECTION('',(0.,0.,1.));
#3307 = DIRECTION('',(1.,0.,-0.));
#3308 = ADVANCED_FACE('',(#3309),#3320,.F.);
#3309 = FACE_BOUND('',#3310,.T.);
#3310 = EDGE_LOOP('',(#3311,#3312,#3318,#3319));
#3311 = ORIENTED_EDGE('',*,*,#3275,.T.);
#3312 = ORIENTED_EDGE('',*,*,#3313,.T.);
#3313 = EDGE_CURVE('',#3276,#3296,#3314,.T.);
#3314 = LINE('',#3315,#3316);
#3315 = CARTESIAN_POINT('',(139.,-71.775,-4.6E-02));
#3316 = VECTOR('',#3317,1.);
#3317 = DIRECTION('',(0.,0.,1.));
#3318 = ORIENTED_EDGE('',*,*,#3295,.F.);
#3319 = ORIENTED_EDGE('',*,*,#3313,.F.);
#3320 = CYLINDRICAL_SURFACE('',#3321,0.725);
#3321 = AXIS2_PLACEMENT_3D('',#3322,#3323,#3324);
#3322 = CARTESIAN_POINT('',(139.,-71.05,-4.6E-02));
#3323 = DIRECTION('',(-0.,-0.,-1.));
#3324 = DIRECTION('',(-0.,-1.,0.));
#3325 = MANIFOLD_SOLID_BREP('',#3326);
#3326 = CLOSED_SHELL('',(#3327,#3369,#3400,#3431,#3460,#3489,#3501));
#3327 = ADVANCED_FACE('',(#3328),#3364,.T.);
#3328 = FACE_BOUND('',#3329,.T.);
#3329 = EDGE_LOOP('',(#3330,#3340,#3349,#3357));
#3330 = ORIENTED_EDGE('',*,*,#3331,.T.);
#3331 = EDGE_CURVE('',#3332,#3334,#3336,.T.);
#3332 = VERTEX_POINT('',#3333);
#3333 = CARTESIAN_POINT('',(153.,-77.7,1.51));
#3334 = VERTEX_POINT('',#3335);
#3335 = CARTESIAN_POINT('',(153.,-77.7,1.55));
#3336 = LINE('',#3337,#3338);
#3337 = CARTESIAN_POINT('',(153.,-77.7,1.51));
#3338 = VECTOR('',#3339,1.);
#3339 = DIRECTION('',(0.,0.,1.));
#3340 = ORIENTED_EDGE('',*,*,#3341,.T.);
#3341 = EDGE_CURVE('',#3334,#3342,#3344,.T.);
#3342 = VERTEX_POINT('',#3343);
#3343 = CARTESIAN_POINT('',(153.,-75.2,1.55));
#3344 = CIRCLE('',#3345,1.25);
#3345 = AXIS2_PLACEMENT_3D('',#3346,#3347,#3348);
#3346 = CARTESIAN_POINT('',(152.9999996569,-76.45,1.55));
#3347 = DIRECTION('',(0.,0.,-1.));
#3348 = DIRECTION('',(2.74473245554E-07,-1.,0.));
#3349 = ORIENTED_EDGE('',*,*,#3350,.F.);
#3350 = EDGE_CURVE('',#3351,#3342,#3353,.T.);
#3351 = VERTEX_POINT('',#3352);
#3352 = CARTESIAN_POINT('',(153.,-75.2,1.51));
#3353 = LINE('',#3354,#3355);
#3354 = CARTESIAN_POINT('',(153.,-75.2,1.51));
#3355 = VECTOR('',#3356,1.);
#3356 = DIRECTION('',(0.,0.,1.));
#3357 = ORIENTED_EDGE('',*,*,#3358,.F.);
#3358 = EDGE_CURVE('',#3332,#3351,#3359,.T.);
#3359 = CIRCLE('',#3360,1.25);
#3360 = AXIS2_PLACEMENT_3D('',#3361,#3362,#3363);
#3361 = CARTESIAN_POINT('',(152.9999996569,-76.45,1.51));
#3362 = DIRECTION('',(0.,0.,-1.));
#3363 = DIRECTION('',(2.74473245554E-07,-1.,0.));
#3364 = CYLINDRICAL_SURFACE('',#3365,1.25);
#3365 = AXIS2_PLACEMENT_3D('',#3366,#3367,#3368);
#3366 = CARTESIAN_POINT('',(152.9999996569,-76.45,1.51));
#3367 = DIRECTION('',(0.,0.,-1.));
#3368 = DIRECTION('',(2.74473245554E-07,-1.,0.));
#3369 = ADVANCED_FACE('',(#3370),#3395,.T.);
#3370 = FACE_BOUND('',#3371,.T.);
#3371 = EDGE_LOOP('',(#3372,#3382,#3388,#3389));
#3372 = ORIENTED_EDGE('',*,*,#3373,.T.);
#3373 = EDGE_CURVE('',#3374,#3376,#3378,.T.);
#3374 = VERTEX_POINT('',#3375);
#3375 = CARTESIAN_POINT('',(155.,-77.7,1.51));
#3376 = VERTEX_POINT('',#3377);
#3377 = CARTESIAN_POINT('',(155.,-77.7,1.55));
#3378 = LINE('',#3379,#3380);
#3379 = CARTESIAN_POINT('',(155.,-77.7,1.51));
#3380 = VECTOR('',#3381,1.);
#3381 = DIRECTION('',(0.,0.,1.));
#3382 = ORIENTED_EDGE('',*,*,#3383,.T.);
#3383 = EDGE_CURVE('',#3376,#3334,#3384,.T.);
#3384 = LINE('',#3385,#3386);
#3385 = CARTESIAN_POINT('',(155.,-77.7,1.55));
#3386 = VECTOR('',#3387,1.);
#3387 = DIRECTION('',(-1.,0.,0.));
#3388 = ORIENTED_EDGE('',*,*,#3331,.F.);
#3389 = ORIENTED_EDGE('',*,*,#3390,.F.);
#3390 = EDGE_CURVE('',#3374,#3332,#3391,.T.);
#3391 = LINE('',#3392,#3393);
#3392 = CARTESIAN_POINT('',(155.,-77.7,1.51));
#3393 = VECTOR('',#3394,1.);
#3394 = DIRECTION('',(-1.,0.,0.));
#3395 = PLANE('',#3396);
#3396 = AXIS2_PLACEMENT_3D('',#3397,#3398,#3399);
#3397 = CARTESIAN_POINT('',(155.,-77.7,1.51));
#3398 = DIRECTION('',(0.,-1.,0.));
#3399 = DIRECTION('',(-1.,0.,0.));
#3400 = ADVANCED_FACE('',(#3401),#3426,.T.);
#3401 = FACE_BOUND('',#3402,.T.);
#3402 = EDGE_LOOP('',(#3403,#3404,#3412,#3420));
#3403 = ORIENTED_EDGE('',*,*,#3350,.T.);
#3404 = ORIENTED_EDGE('',*,*,#3405,.T.);
#3405 = EDGE_CURVE('',#3342,#3406,#3408,.T.);
#3406 = VERTEX_POINT('',#3407);
#3407 = CARTESIAN_POINT('',(155.,-75.2,1.55));
#3408 = LINE('',#3409,#3410);
#3409 = CARTESIAN_POINT('',(153.,-75.2,1.55));
#3410 = VECTOR('',#3411,1.);
#3411 = DIRECTION('',(1.,0.,0.));
#3412 = ORIENTED_EDGE('',*,*,#3413,.F.);
#3413 = EDGE_CURVE('',#3414,#3406,#3416,.T.);
#3414 = VERTEX_POINT('',#3415);
#3415 = CARTESIAN_POINT('',(155.,-75.2,1.51));
#3416 = LINE('',#3417,#3418);
#3417 = CARTESIAN_POINT('',(155.,-75.2,1.51));
#3418 = VECTOR('',#3419,1.);
#3419 = DIRECTION('',(0.,0.,1.));
#3420 = ORIENTED_EDGE('',*,*,#3421,.F.);
#3421 = EDGE_CURVE('',#3351,#3414,#3422,.T.);
#3422 = LINE('',#3423,#3424);
#3423 = CARTESIAN_POINT('',(153.,-75.2,1.51));
#3424 = VECTOR('',#3425,1.);
#3425 = DIRECTION('',(1.,0.,0.));
#3426 = PLANE('',#3427);
#3427 = AXIS2_PLACEMENT_3D('',#3428,#3429,#3430);
#3428 = CARTESIAN_POINT('',(153.,-75.2,1.51));
#3429 = DIRECTION('',(0.,1.,0.));
#3430 = DIRECTION('',(1.,0.,0.));
#3431 = ADVANCED_FACE('',(#3432,#3444),#3455,.F.);
#3432 = FACE_BOUND('',#3433,.F.);
#3433 = EDGE_LOOP('',(#3434,#3435,#3436,#3443));
#3434 = ORIENTED_EDGE('',*,*,#3358,.F.);
#3435 = ORIENTED_EDGE('',*,*,#3390,.F.);
#3436 = ORIENTED_EDGE('',*,*,#3437,.F.);
#3437 = EDGE_CURVE('',#3414,#3374,#3438,.T.);
#3438 = CIRCLE('',#3439,1.25);
#3439 = AXIS2_PLACEMENT_3D('',#3440,#3441,#3442);
#3440 = CARTESIAN_POINT('',(155.00000034309,-76.45,1.51));
#3441 = DIRECTION('',(0.,0.,-1.));
#3442 = DIRECTION('',(-2.74473245554E-07,1.,-0.));
#3443 = ORIENTED_EDGE('',*,*,#3421,.F.);
#3444 = FACE_BOUND('',#3445,.F.);
#3445 = EDGE_LOOP('',(#3446));
#3446 = ORIENTED_EDGE('',*,*,#3447,.T.);
#3447 = EDGE_CURVE('',#3448,#3448,#3450,.T.);
#3448 = VERTEX_POINT('',#3449);
#3449 = CARTESIAN_POINT('',(154.,-77.175,1.51));
#3450 = CIRCLE('',#3451,0.725);
#3451 = AXIS2_PLACEMENT_3D('',#3452,#3453,#3454);
#3452 = CARTESIAN_POINT('',(154.,-76.45,1.51));
#3453 = DIRECTION('',(-0.,0.,-1.));
#3454 = DIRECTION('',(-0.,-1.,0.));
#3455 = PLANE('',#3456);
#3456 = AXIS2_PLACEMENT_3D('',#3457,#3458,#3459);
#3457 = CARTESIAN_POINT('',(0.,0.,1.51));
#3458 = DIRECTION('',(0.,0.,1.));
#3459 = DIRECTION('',(1.,0.,-0.));
#3460 = ADVANCED_FACE('',(#3461,#3473),#3484,.T.);
#3461 = FACE_BOUND('',#3462,.T.);
#3462 = EDGE_LOOP('',(#3463,#3464,#3465,#3472));
#3463 = ORIENTED_EDGE('',*,*,#3341,.F.);
#3464 = ORIENTED_EDGE('',*,*,#3383,.F.);
#3465 = ORIENTED_EDGE('',*,*,#3466,.F.);
#3466 = EDGE_CURVE('',#3406,#3376,#3467,.T.);
#3467 = CIRCLE('',#3468,1.25);
#3468 = AXIS2_PLACEMENT_3D('',#3469,#3470,#3471);
#3469 = CARTESIAN_POINT('',(155.00000034309,-76.45,1.55));
#3470 = DIRECTION('',(0.,0.,-1.));
#3471 = DIRECTION('',(-2.74473245554E-07,1.,-0.));
#3472 = ORIENTED_EDGE('',*,*,#3405,.F.);
#3473 = FACE_BOUND('',#3474,.T.);
#3474 = EDGE_LOOP('',(#3475));
#3475 = ORIENTED_EDGE('',*,*,#3476,.T.);
#3476 = EDGE_CURVE('',#3477,#3477,#3479,.T.);
#3477 = VERTEX_POINT('',#3478);
#3478 = CARTESIAN_POINT('',(154.,-77.175,1.55));
#3479 = CIRCLE('',#3480,0.725);
#3480 = AXIS2_PLACEMENT_3D('',#3481,#3482,#3483);
#3481 = CARTESIAN_POINT('',(154.,-76.45,1.55));
#3482 = DIRECTION('',(-0.,0.,-1.));
#3483 = DIRECTION('',(-0.,-1.,0.));
#3484 = PLANE('',#3485);
#3485 = AXIS2_PLACEMENT_3D('',#3486,#3487,#3488);
#3486 = CARTESIAN_POINT('',(0.,0.,1.55));
#3487 = DIRECTION('',(0.,0.,1.));
#3488 = DIRECTION('',(1.,0.,-0.));
#3489 = ADVANCED_FACE('',(#3490),#3496,.T.);
#3490 = FACE_BOUND('',#3491,.T.);
#3491 = EDGE_LOOP('',(#3492,#3493,#3494,#3495));
#3492 = ORIENTED_EDGE('',*,*,#3413,.T.);
#3493 = ORIENTED_EDGE('',*,*,#3466,.T.);
#3494 = ORIENTED_EDGE('',*,*,#3373,.F.);
#3495 = ORIENTED_EDGE('',*,*,#3437,.F.);
#3496 = CYLINDRICAL_SURFACE('',#3497,1.25);
#3497 = AXIS2_PLACEMENT_3D('',#3498,#3499,#3500);
#3498 = CARTESIAN_POINT('',(155.00000034309,-76.45,1.51));
#3499 = DIRECTION('',(0.,0.,-1.));
#3500 = DIRECTION('',(-2.74473245554E-07,1.,-0.));
#3501 = ADVANCED_FACE('',(#3502),#3513,.F.);
#3502 = FACE_BOUND('',#3503,.T.);
#3503 = EDGE_LOOP('',(#3504,#3505,#3511,#3512));
#3504 = ORIENTED_EDGE('',*,*,#3447,.T.);
#3505 = ORIENTED_EDGE('',*,*,#3506,.T.);
#3506 = EDGE_CURVE('',#3448,#3477,#3507,.T.);
#3507 = LINE('',#3508,#3509);
#3508 = CARTESIAN_POINT('',(154.,-77.175,-4.6E-02));
#3509 = VECTOR('',#3510,1.);
#3510 = DIRECTION('',(0.,0.,1.));
#3511 = ORIENTED_EDGE('',*,*,#3476,.F.);
#3512 = ORIENTED_EDGE('',*,*,#3506,.F.);
#3513 = CYLINDRICAL_SURFACE('',#3514,0.725);
#3514 = AXIS2_PLACEMENT_3D('',#3515,#3516,#3517);
#3515 = CARTESIAN_POINT('',(154.,-76.45,-4.6E-02));
#3516 = DIRECTION('',(-0.,-0.,-1.));
#3517 = DIRECTION('',(-0.,-1.,0.));
#3518 = MANIFOLD_SOLID_BREP('',#3519);
#3519 = CLOSED_SHELL('',(#3520,#3562,#3593,#3624,#3653,#3682,#3694));
#3520 = ADVANCED_FACE('',(#3521),#3557,.T.);
#3521 = FACE_BOUND('',#3522,.F.);
#3522 = EDGE_LOOP('',(#3523,#3533,#3542,#3550));
#3523 = ORIENTED_EDGE('',*,*,#3524,.T.);
#3524 = EDGE_CURVE('',#3525,#3527,#3529,.T.);
#3525 = VERTEX_POINT('',#3526);
#3526 = CARTESIAN_POINT('',(153.,-77.7,0.));
#3527 = VERTEX_POINT('',#3528);
#3528 = CARTESIAN_POINT('',(153.,-77.7,-4.E-02));
#3529 = LINE('',#3530,#3531);
#3530 = CARTESIAN_POINT('',(153.,-77.7,0.));
#3531 = VECTOR('',#3532,1.);
#3532 = DIRECTION('',(0.,0.,-1.));
#3533 = ORIENTED_EDGE('',*,*,#3534,.T.);
#3534 = EDGE_CURVE('',#3527,#3535,#3537,.T.);
#3535 = VERTEX_POINT('',#3536);
#3536 = CARTESIAN_POINT('',(153.,-75.2,-4.E-02));
#3537 = CIRCLE('',#3538,1.25);
#3538 = AXIS2_PLACEMENT_3D('',#3539,#3540,#3541);
#3539 = CARTESIAN_POINT('',(152.9999996569,-76.45,-4.E-02));
#3540 = DIRECTION('',(0.,0.,-1.));
#3541 = DIRECTION('',(2.74473245554E-07,-1.,0.));
#3542 = ORIENTED_EDGE('',*,*,#3543,.F.);
#3543 = EDGE_CURVE('',#3544,#3535,#3546,.T.);
#3544 = VERTEX_POINT('',#3545);
#3545 = CARTESIAN_POINT('',(153.,-75.2,0.));
#3546 = LINE('',#3547,#3548);
#3547 = CARTESIAN_POINT('',(153.,-75.2,0.));
#3548 = VECTOR('',#3549,1.);
#3549 = DIRECTION('',(0.,0.,-1.));
#3550 = ORIENTED_EDGE('',*,*,#3551,.F.);
#3551 = EDGE_CURVE('',#3525,#3544,#3552,.T.);
#3552 = CIRCLE('',#3553,1.25);
#3553 = AXIS2_PLACEMENT_3D('',#3554,#3555,#3556);
#3554 = CARTESIAN_POINT('',(152.9999996569,-76.45,0.));
#3555 = DIRECTION('',(0.,0.,-1.));
#3556 = DIRECTION('',(2.74473245554E-07,-1.,0.));
#3557 = CYLINDRICAL_SURFACE('',#3558,1.25);
#3558 = AXIS2_PLACEMENT_3D('',#3559,#3560,#3561);
#3559 = CARTESIAN_POINT('',(152.9999996569,-76.45,0.));
#3560 = DIRECTION('',(-0.,-0.,1.));
#3561 = DIRECTION('',(2.74473245554E-07,-1.,0.));
#3562 = ADVANCED_FACE('',(#3563),#3588,.F.);
#3563 = FACE_BOUND('',#3564,.F.);
#3564 = EDGE_LOOP('',(#3565,#3575,#3581,#3582));
#3565 = ORIENTED_EDGE('',*,*,#3566,.T.);
#3566 = EDGE_CURVE('',#3567,#3569,#3571,.T.);
#3567 = VERTEX_POINT('',#3568);
#3568 = CARTESIAN_POINT('',(155.,-77.7,0.));
#3569 = VERTEX_POINT('',#3570);
#3570 = CARTESIAN_POINT('',(155.,-77.7,-4.E-02));
#3571 = LINE('',#3572,#3573);
#3572 = CARTESIAN_POINT('',(155.,-77.7,0.));
#3573 = VECTOR('',#3574,1.);
#3574 = DIRECTION('',(0.,0.,-1.));
#3575 = ORIENTED_EDGE('',*,*,#3576,.T.);
#3576 = EDGE_CURVE('',#3569,#3527,#3577,.T.);
#3577 = LINE('',#3578,#3579);
#3578 = CARTESIAN_POINT('',(155.,-77.7,-4.E-02));
#3579 = VECTOR('',#3580,1.);
#3580 = DIRECTION('',(-1.,0.,0.));
#3581 = ORIENTED_EDGE('',*,*,#3524,.F.);
#3582 = ORIENTED_EDGE('',*,*,#3583,.F.);
#3583 = EDGE_CURVE('',#3567,#3525,#3584,.T.);
#3584 = LINE('',#3585,#3586);
#3585 = CARTESIAN_POINT('',(155.,-77.7,0.));
#3586 = VECTOR('',#3587,1.);
#3587 = DIRECTION('',(-1.,0.,0.));
#3588 = PLANE('',#3589);
#3589 = AXIS2_PLACEMENT_3D('',#3590,#3591,#3592);
#3590 = CARTESIAN_POINT('',(155.,-77.7,0.));
#3591 = DIRECTION('',(0.,1.,0.));
#3592 = DIRECTION('',(-1.,0.,0.));
#3593 = ADVANCED_FACE('',(#3594),#3619,.F.);
#3594 = FACE_BOUND('',#3595,.F.);
#3595 = EDGE_LOOP('',(#3596,#3597,#3605,#3613));
#3596 = ORIENTED_EDGE('',*,*,#3543,.T.);
#3597 = ORIENTED_EDGE('',*,*,#3598,.T.);
#3598 = EDGE_CURVE('',#3535,#3599,#3601,.T.);
#3599 = VERTEX_POINT('',#3600);
#3600 = CARTESIAN_POINT('',(155.,-75.2,-4.E-02));
#3601 = LINE('',#3602,#3603);
#3602 = CARTESIAN_POINT('',(153.,-75.2,-4.E-02));
#3603 = VECTOR('',#3604,1.);
#3604 = DIRECTION('',(1.,0.,0.));
#3605 = ORIENTED_EDGE('',*,*,#3606,.F.);
#3606 = EDGE_CURVE('',#3607,#3599,#3609,.T.);
#3607 = VERTEX_POINT('',#3608);
#3608 = CARTESIAN_POINT('',(155.,-75.2,0.));
#3609 = LINE('',#3610,#3611);
#3610 = CARTESIAN_POINT('',(155.,-75.2,0.));
#3611 = VECTOR('',#3612,1.);
#3612 = DIRECTION('',(0.,0.,-1.));
#3613 = ORIENTED_EDGE('',*,*,#3614,.F.);
#3614 = EDGE_CURVE('',#3544,#3607,#3615,.T.);
#3615 = LINE('',#3616,#3617);
#3616 = CARTESIAN_POINT('',(153.,-75.2,0.));
#3617 = VECTOR('',#3618,1.);
#3618 = DIRECTION('',(1.,0.,0.));
#3619 = PLANE('',#3620);
#3620 = AXIS2_PLACEMENT_3D('',#3621,#3622,#3623);
#3621 = CARTESIAN_POINT('',(153.,-75.2,0.));
#3622 = DIRECTION('',(0.,-1.,0.));
#3623 = DIRECTION('',(1.,0.,0.));
#3624 = ADVANCED_FACE('',(#3625,#3637),#3648,.F.);
#3625 = FACE_BOUND('',#3626,.F.);
#3626 = EDGE_LOOP('',(#3627,#3628,#3629,#3636));
#3627 = ORIENTED_EDGE('',*,*,#3551,.T.);
#3628 = ORIENTED_EDGE('',*,*,#3614,.T.);
#3629 = ORIENTED_EDGE('',*,*,#3630,.T.);
#3630 = EDGE_CURVE('',#3607,#3567,#3631,.T.);
#3631 = CIRCLE('',#3632,1.25);
#3632 = AXIS2_PLACEMENT_3D('',#3633,#3634,#3635);
#3633 = CARTESIAN_POINT('',(155.00000034309,-76.45,0.));
#3634 = DIRECTION('',(0.,0.,-1.));
#3635 = DIRECTION('',(-2.74473245554E-07,1.,-0.));
#3636 = ORIENTED_EDGE('',*,*,#3583,.T.);
#3637 = FACE_BOUND('',#3638,.F.);
#3638 = EDGE_LOOP('',(#3639));
#3639 = ORIENTED_EDGE('',*,*,#3640,.F.);
#3640 = EDGE_CURVE('',#3641,#3641,#3643,.T.);
#3641 = VERTEX_POINT('',#3642);
#3642 = CARTESIAN_POINT('',(154.,-77.175,0.));
#3643 = CIRCLE('',#3644,0.725);
#3644 = AXIS2_PLACEMENT_3D('',#3645,#3646,#3647);
#3645 = CARTESIAN_POINT('',(154.,-76.45,0.));
#3646 = DIRECTION('',(-0.,0.,-1.));
#3647 = DIRECTION('',(-0.,-1.,0.));
#3648 = PLANE('',#3649);
#3649 = AXIS2_PLACEMENT_3D('',#3650,#3651,#3652);
#3650 = CARTESIAN_POINT('',(0.,0.,0.));
#3651 = DIRECTION('',(-0.,-0.,-1.));
#3652 = DIRECTION('',(-1.,0.,0.));
#3653 = ADVANCED_FACE('',(#3654,#3666),#3677,.T.);
#3654 = FACE_BOUND('',#3655,.T.);
#3655 = EDGE_LOOP('',(#3656,#3657,#3658,#3665));
#3656 = ORIENTED_EDGE('',*,*,#3534,.T.);
#3657 = ORIENTED_EDGE('',*,*,#3598,.T.);
#3658 = ORIENTED_EDGE('',*,*,#3659,.T.);
#3659 = EDGE_CURVE('',#3599,#3569,#3660,.T.);
#3660 = CIRCLE('',#3661,1.25);
#3661 = AXIS2_PLACEMENT_3D('',#3662,#3663,#3664);
#3662 = CARTESIAN_POINT('',(155.00000034309,-76.45,-4.E-02));
#3663 = DIRECTION('',(0.,0.,-1.));
#3664 = DIRECTION('',(-2.74473245554E-07,1.,-0.));
#3665 = ORIENTED_EDGE('',*,*,#3576,.T.);
#3666 = FACE_BOUND('',#3667,.T.);
#3667 = EDGE_LOOP('',(#3668));
#3668 = ORIENTED_EDGE('',*,*,#3669,.F.);
#3669 = EDGE_CURVE('',#3670,#3670,#3672,.T.);
#3670 = VERTEX_POINT('',#3671);
#3671 = CARTESIAN_POINT('',(154.,-77.175,-4.E-02));
#3672 = CIRCLE('',#3673,0.725);
#3673 = AXIS2_PLACEMENT_3D('',#3674,#3675,#3676);
#3674 = CARTESIAN_POINT('',(154.,-76.45,-4.E-02));
#3675 = DIRECTION('',(-0.,0.,-1.));
#3676 = DIRECTION('',(-0.,-1.,0.));
#3677 = PLANE('',#3678);
#3678 = AXIS2_PLACEMENT_3D('',#3679,#3680,#3681);
#3679 = CARTESIAN_POINT('',(0.,0.,-4.E-02));
#3680 = DIRECTION('',(-0.,-0.,-1.));
#3681 = DIRECTION('',(-1.,0.,0.));
#3682 = ADVANCED_FACE('',(#3683),#3689,.T.);
#3683 = FACE_BOUND('',#3684,.F.);
#3684 = EDGE_LOOP('',(#3685,#3686,#3687,#3688));
#3685 = ORIENTED_EDGE('',*,*,#3606,.T.);
#3686 = ORIENTED_EDGE('',*,*,#3659,.T.);
#3687 = ORIENTED_EDGE('',*,*,#3566,.F.);
#3688 = ORIENTED_EDGE('',*,*,#3630,.F.);
#3689 = CYLINDRICAL_SURFACE('',#3690,1.25);
#3690 = AXIS2_PLACEMENT_3D('',#3691,#3692,#3693);
#3691 = CARTESIAN_POINT('',(155.00000034309,-76.45,0.));
#3692 = DIRECTION('',(-0.,-0.,1.));
#3693 = DIRECTION('',(-2.74473245554E-07,1.,-0.));
#3694 = ADVANCED_FACE('',(#3695),#3706,.F.);
#3695 = FACE_BOUND('',#3696,.T.);
#3696 = EDGE_LOOP('',(#3697,#3698,#3704,#3705));
#3697 = ORIENTED_EDGE('',*,*,#3669,.T.);
#3698 = ORIENTED_EDGE('',*,*,#3699,.T.);
#3699 = EDGE_CURVE('',#3670,#3641,#3700,.T.);
#3700 = LINE('',#3701,#3702);
#3701 = CARTESIAN_POINT('',(154.,-77.175,-4.6E-02));
#3702 = VECTOR('',#3703,1.);
#3703 = DIRECTION('',(0.,0.,1.));
#3704 = ORIENTED_EDGE('',*,*,#3640,.F.);
#3705 = ORIENTED_EDGE('',*,*,#3699,.F.);
#3706 = CYLINDRICAL_SURFACE('',#3707,0.725);
#3707 = AXIS2_PLACEMENT_3D('',#3708,#3709,#3710);
#3708 = CARTESIAN_POINT('',(154.,-76.45,-4.6E-02));
#3709 = DIRECTION('',(-0.,-0.,-1.));
#3710 = DIRECTION('',(-0.,-1.,0.));
#3711 = MANIFOLD_SOLID_BREP('',#3712);
#3712 = CLOSED_SHELL('',(#3713,#3746,#3766,#3786));
#3713 = ADVANCED_FACE('',(#3714),#3741,.T.);
#3714 = FACE_BOUND('',#3715,.F.);
#3715 = EDGE_LOOP('',(#3716,#3726,#3733,#3734));
#3716 = ORIENTED_EDGE('',*,*,#3717,.T.);
#3717 = EDGE_CURVE('',#3718,#3720,#3722,.T.);
#3718 = VERTEX_POINT('',#3719);
#3719 = CARTESIAN_POINT('',(154.,-77.2,-4.E-02));
#3720 = VERTEX_POINT('',#3721);
#3721 = CARTESIAN_POINT('',(154.,-77.2,1.55));
#3722 = LINE('',#3723,#3724);
#3723 = CARTESIAN_POINT('',(154.,-77.2,-4.E-02));
#3724 = VECTOR('',#3725,1.);
#3725 = DIRECTION('',(0.,0.,1.));
#3726 = ORIENTED_EDGE('',*,*,#3727,.T.);
#3727 = EDGE_CURVE('',#3720,#3720,#3728,.T.);
#3728 = CIRCLE('',#3729,0.75);
#3729 = AXIS2_PLACEMENT_3D('',#3730,#3731,#3732);
#3730 = CARTESIAN_POINT('',(154.,-76.45,1.55));
#3731 = DIRECTION('',(0.,0.,1.));
#3732 = DIRECTION('',(-0.,-1.,0.));
#3733 = ORIENTED_EDGE('',*,*,#3717,.F.);
#3734 = ORIENTED_EDGE('',*,*,#3735,.F.);
#3735 = EDGE_CURVE('',#3718,#3718,#3736,.T.);
#3736 = CIRCLE('',#3737,0.75);
#3737 = AXIS2_PLACEMENT_3D('',#3738,#3739,#3740);
#3738 = CARTESIAN_POINT('',(154.,-76.45,-4.E-02));
#3739 = DIRECTION('',(0.,0.,1.));
#3740 = DIRECTION('',(-0.,-1.,0.));
#3741 = CYLINDRICAL_SURFACE('',#3742,0.75);
#3742 = AXIS2_PLACEMENT_3D('',#3743,#3744,#3745);
#3743 = CARTESIAN_POINT('',(154.,-76.45,-4.E-02));
#3744 = DIRECTION('',(-0.,-0.,-1.));
#3745 = DIRECTION('',(-0.,-1.,0.));
#3746 = ADVANCED_FACE('',(#3747,#3750),#3761,.F.);
#3747 = FACE_BOUND('',#3748,.F.);
#3748 = EDGE_LOOP('',(#3749));
#3749 = ORIENTED_EDGE('',*,*,#3735,.T.);
#3750 = FACE_BOUND('',#3751,.F.);
#3751 = EDGE_LOOP('',(#3752));
#3752 = ORIENTED_EDGE('',*,*,#3753,.T.);
#3753 = EDGE_CURVE('',#3754,#3754,#3756,.T.);
#3754 = VERTEX_POINT('',#3755);
#3755 = CARTESIAN_POINT('',(154.,-77.175,-4.E-02));
#3756 = CIRCLE('',#3757,0.725);
#3757 = AXIS2_PLACEMENT_3D('',#3758,#3759,#3760);
#3758 = CARTESIAN_POINT('',(154.,-76.45,-4.E-02));
#3759 = DIRECTION('',(-0.,0.,-1.));
#3760 = DIRECTION('',(-0.,-1.,0.));
#3761 = PLANE('',#3762);
#3762 = AXIS2_PLACEMENT_3D('',#3763,#3764,#3765);
#3763 = CARTESIAN_POINT('',(154.,-77.2,-4.E-02));
#3764 = DIRECTION('',(0.,0.,1.));
#3765 = DIRECTION('',(1.,0.,-0.));
#3766 = ADVANCED_FACE('',(#3767,#3770),#3781,.T.);
#3767 = FACE_BOUND('',#3768,.T.);
#3768 = EDGE_LOOP('',(#3769));
#3769 = ORIENTED_EDGE('',*,*,#3727,.T.);
#3770 = FACE_BOUND('',#3771,.T.);
#3771 = EDGE_LOOP('',(#3772));
#3772 = ORIENTED_EDGE('',*,*,#3773,.T.);
#3773 = EDGE_CURVE('',#3774,#3774,#3776,.T.);
#3774 = VERTEX_POINT('',#3775);
#3775 = CARTESIAN_POINT('',(154.,-77.175,1.55));
#3776 = CIRCLE('',#3777,0.725);
#3777 = AXIS2_PLACEMENT_3D('',#3778,#3779,#3780);
#3778 = CARTESIAN_POINT('',(154.,-76.45,1.55));
#3779 = DIRECTION('',(-0.,0.,-1.));
#3780 = DIRECTION('',(-0.,-1.,0.));
#3781 = PLANE('',#3782);
#3782 = AXIS2_PLACEMENT_3D('',#3783,#3784,#3785);
#3783 = CARTESIAN_POINT('',(154.,-77.2,1.55));
#3784 = DIRECTION('',(0.,0.,1.));
#3785 = DIRECTION('',(1.,0.,-0.));
#3786 = ADVANCED_FACE('',(#3787),#3798,.F.);
#3787 = FACE_BOUND('',#3788,.T.);
#3788 = EDGE_LOOP('',(#3789,#3790,#3796,#3797));
#3789 = ORIENTED_EDGE('',*,*,#3753,.T.);
#3790 = ORIENTED_EDGE('',*,*,#3791,.T.);
#3791 = EDGE_CURVE('',#3754,#3774,#3792,.T.);
#3792 = LINE('',#3793,#3794);
#3793 = CARTESIAN_POINT('',(154.,-77.175,-4.6E-02));
#3794 = VECTOR('',#3795,1.);
#3795 = DIRECTION('',(0.,0.,1.));
#3796 = ORIENTED_EDGE('',*,*,#3773,.F.);
#3797 = ORIENTED_EDGE('',*,*,#3791,.F.);
#3798 = CYLINDRICAL_SURFACE('',#3799,0.725);
#3799 = AXIS2_PLACEMENT_3D('',#3800,#3801,#3802);
#3800 = CARTESIAN_POINT('',(154.,-76.45,-4.6E-02));
#3801 = DIRECTION('',(-0.,-0.,-1.));
#3802 = DIRECTION('',(-0.,-1.,0.));
#3803 = MANIFOLD_SOLID_BREP('',#3804);
#3804 = CLOSED_SHELL('',(#3805,#3847,#3878,#3909,#3938,#3967,#3979));
#3805 = ADVANCED_FACE('',(#3806),#3842,.T.);
#3806 = FACE_BOUND('',#3807,.T.);
#3807 = EDGE_LOOP('',(#3808,#3818,#3827,#3835));
#3808 = ORIENTED_EDGE('',*,*,#3809,.T.);
#3809 = EDGE_CURVE('',#3810,#3812,#3814,.T.);
#3810 = VERTEX_POINT('',#3811);
#3811 = CARTESIAN_POINT('',(138.,-89.3,1.51));
#3812 = VERTEX_POINT('',#3813);
#3813 = CARTESIAN_POINT('',(138.,-89.3,1.55));
#3814 = LINE('',#3815,#3816);
#3815 = CARTESIAN_POINT('',(138.,-89.3,1.51));
#3816 = VECTOR('',#3817,1.);
#3817 = DIRECTION('',(0.,0.,1.));
#3818 = ORIENTED_EDGE('',*,*,#3819,.T.);
#3819 = EDGE_CURVE('',#3812,#3820,#3822,.T.);
#3820 = VERTEX_POINT('',#3821);
#3821 = CARTESIAN_POINT('',(138.,-86.8,1.55));
#3822 = CIRCLE('',#3823,1.25);
#3823 = AXIS2_PLACEMENT_3D('',#3824,#3825,#3826);
#3824 = CARTESIAN_POINT('',(137.9999996569,-88.05,1.55));
#3825 = DIRECTION('',(0.,0.,-1.));
#3826 = DIRECTION('',(2.74473245554E-07,-1.,0.));
#3827 = ORIENTED_EDGE('',*,*,#3828,.F.);
#3828 = EDGE_CURVE('',#3829,#3820,#3831,.T.);
#3829 = VERTEX_POINT('',#3830);
#3830 = CARTESIAN_POINT('',(138.,-86.8,1.51));
#3831 = LINE('',#3832,#3833);
#3832 = CARTESIAN_POINT('',(138.,-86.8,1.51));
#3833 = VECTOR('',#3834,1.);
#3834 = DIRECTION('',(0.,0.,1.));
#3835 = ORIENTED_EDGE('',*,*,#3836,.F.);
#3836 = EDGE_CURVE('',#3810,#3829,#3837,.T.);
#3837 = CIRCLE('',#3838,1.25);
#3838 = AXIS2_PLACEMENT_3D('',#3839,#3840,#3841);
#3839 = CARTESIAN_POINT('',(137.9999996569,-88.05,1.51));
#3840 = DIRECTION('',(0.,0.,-1.));
#3841 = DIRECTION('',(2.74473245554E-07,-1.,0.));
#3842 = CYLINDRICAL_SURFACE('',#3843,1.25);
#3843 = AXIS2_PLACEMENT_3D('',#3844,#3845,#3846);
#3844 = CARTESIAN_POINT('',(137.9999996569,-88.05,1.51));
#3845 = DIRECTION('',(0.,0.,-1.));
#3846 = DIRECTION('',(2.74473245554E-07,-1.,0.));
#3847 = ADVANCED_FACE('',(#3848),#3873,.T.);
#3848 = FACE_BOUND('',#3849,.T.);
#3849 = EDGE_LOOP('',(#3850,#3860,#3866,#3867));
#3850 = ORIENTED_EDGE('',*,*,#3851,.T.);
#3851 = EDGE_CURVE('',#3852,#3854,#3856,.T.);
#3852 = VERTEX_POINT('',#3853);
#3853 = CARTESIAN_POINT('',(140.,-89.3,1.51));
#3854 = VERTEX_POINT('',#3855);
#3855 = CARTESIAN_POINT('',(140.,-89.3,1.55));
#3856 = LINE('',#3857,#3858);
#3857 = CARTESIAN_POINT('',(140.,-89.3,1.51));
#3858 = VECTOR('',#3859,1.);
#3859 = DIRECTION('',(0.,0.,1.));
#3860 = ORIENTED_EDGE('',*,*,#3861,.T.);
#3861 = EDGE_CURVE('',#3854,#3812,#3862,.T.);
#3862 = LINE('',#3863,#3864);
#3863 = CARTESIAN_POINT('',(140.,-89.3,1.55));
#3864 = VECTOR('',#3865,1.);
#3865 = DIRECTION('',(-1.,0.,0.));
#3866 = ORIENTED_EDGE('',*,*,#3809,.F.);
#3867 = ORIENTED_EDGE('',*,*,#3868,.F.);
#3868 = EDGE_CURVE('',#3852,#3810,#3869,.T.);
#3869 = LINE('',#3870,#3871);
#3870 = CARTESIAN_POINT('',(140.,-89.3,1.51));
#3871 = VECTOR('',#3872,1.);
#3872 = DIRECTION('',(-1.,0.,0.));
#3873 = PLANE('',#3874);
#3874 = AXIS2_PLACEMENT_3D('',#3875,#3876,#3877);
#3875 = CARTESIAN_POINT('',(140.,-89.3,1.51));
#3876 = DIRECTION('',(0.,-1.,0.));
#3877 = DIRECTION('',(-1.,0.,0.));
#3878 = ADVANCED_FACE('',(#3879),#3904,.T.);
#3879 = FACE_BOUND('',#3880,.T.);
#3880 = EDGE_LOOP('',(#3881,#3882,#3890,#3898));
#3881 = ORIENTED_EDGE('',*,*,#3828,.T.);
#3882 = ORIENTED_EDGE('',*,*,#3883,.T.);
#3883 = EDGE_CURVE('',#3820,#3884,#3886,.T.);
#3884 = VERTEX_POINT('',#3885);
#3885 = CARTESIAN_POINT('',(140.,-86.8,1.55));
#3886 = LINE('',#3887,#3888);
#3887 = CARTESIAN_POINT('',(138.,-86.8,1.55));
#3888 = VECTOR('',#3889,1.);
#3889 = DIRECTION('',(1.,0.,0.));
#3890 = ORIENTED_EDGE('',*,*,#3891,.F.);
#3891 = EDGE_CURVE('',#3892,#3884,#3894,.T.);
#3892 = VERTEX_POINT('',#3893);
#3893 = CARTESIAN_POINT('',(140.,-86.8,1.51));
#3894 = LINE('',#3895,#3896);
#3895 = CARTESIAN_POINT('',(140.,-86.8,1.51));
#3896 = VECTOR('',#3897,1.);
#3897 = DIRECTION('',(0.,0.,1.));
#3898 = ORIENTED_EDGE('',*,*,#3899,.F.);
#3899 = EDGE_CURVE('',#3829,#3892,#3900,.T.);
#3900 = LINE('',#3901,#3902);
#3901 = CARTESIAN_POINT('',(138.,-86.8,1.51));
#3902 = VECTOR('',#3903,1.);
#3903 = DIRECTION('',(1.,0.,0.));
#3904 = PLANE('',#3905);
#3905 = AXIS2_PLACEMENT_3D('',#3906,#3907,#3908);
#3906 = CARTESIAN_POINT('',(138.,-86.8,1.51));
#3907 = DIRECTION('',(0.,1.,0.));
#3908 = DIRECTION('',(1.,0.,0.));
#3909 = ADVANCED_FACE('',(#3910,#3922),#3933,.F.);
#3910 = FACE_BOUND('',#3911,.F.);
#3911 = EDGE_LOOP('',(#3912,#3913,#3914,#3921));
#3912 = ORIENTED_EDGE('',*,*,#3836,.F.);
#3913 = ORIENTED_EDGE('',*,*,#3868,.F.);
#3914 = ORIENTED_EDGE('',*,*,#3915,.F.);
#3915 = EDGE_CURVE('',#3892,#3852,#3916,.T.);
#3916 = CIRCLE('',#3917,1.25);
#3917 = AXIS2_PLACEMENT_3D('',#3918,#3919,#3920);
#3918 = CARTESIAN_POINT('',(140.00000034309,-88.05,1.51));
#3919 = DIRECTION('',(0.,0.,-1.));
#3920 = DIRECTION('',(-2.74473245554E-07,1.,-0.));
#3921 = ORIENTED_EDGE('',*,*,#3899,.F.);
#3922 = FACE_BOUND('',#3923,.F.);
#3923 = EDGE_LOOP('',(#3924));
#3924 = ORIENTED_EDGE('',*,*,#3925,.T.);
#3925 = EDGE_CURVE('',#3926,#3926,#3928,.T.);
#3926 = VERTEX_POINT('',#3927);
#3927 = CARTESIAN_POINT('',(139.,-88.775,1.51));
#3928 = CIRCLE('',#3929,0.725);
#3929 = AXIS2_PLACEMENT_3D('',#3930,#3931,#3932);
#3930 = CARTESIAN_POINT('',(139.,-88.05,1.51));
#3931 = DIRECTION('',(-0.,0.,-1.));
#3932 = DIRECTION('',(-0.,-1.,0.));
#3933 = PLANE('',#3934);
#3934 = AXIS2_PLACEMENT_3D('',#3935,#3936,#3937);
#3935 = CARTESIAN_POINT('',(0.,0.,1.51));
#3936 = DIRECTION('',(0.,0.,1.));
#3937 = DIRECTION('',(1.,0.,-0.));
#3938 = ADVANCED_FACE('',(#3939,#3951),#3962,.T.);
#3939 = FACE_BOUND('',#3940,.T.);
#3940 = EDGE_LOOP('',(#3941,#3942,#3943,#3950));
#3941 = ORIENTED_EDGE('',*,*,#3819,.F.);
#3942 = ORIENTED_EDGE('',*,*,#3861,.F.);
#3943 = ORIENTED_EDGE('',*,*,#3944,.F.);
#3944 = EDGE_CURVE('',#3884,#3854,#3945,.T.);
#3945 = CIRCLE('',#3946,1.25);
#3946 = AXIS2_PLACEMENT_3D('',#3947,#3948,#3949);
#3947 = CARTESIAN_POINT('',(140.00000034309,-88.05,1.55));
#3948 = DIRECTION('',(0.,0.,-1.));
#3949 = DIRECTION('',(-2.74473245554E-07,1.,-0.));
#3950 = ORIENTED_EDGE('',*,*,#3883,.F.);
#3951 = FACE_BOUND('',#3952,.T.);
#3952 = EDGE_LOOP('',(#3953));
#3953 = ORIENTED_EDGE('',*,*,#3954,.T.);
#3954 = EDGE_CURVE('',#3955,#3955,#3957,.T.);
#3955 = VERTEX_POINT('',#3956);
#3956 = CARTESIAN_POINT('',(139.,-88.775,1.55));
#3957 = CIRCLE('',#3958,0.725);
#3958 = AXIS2_PLACEMENT_3D('',#3959,#3960,#3961);
#3959 = CARTESIAN_POINT('',(139.,-88.05,1.55));
#3960 = DIRECTION('',(-0.,0.,-1.));
#3961 = DIRECTION('',(-0.,-1.,0.));
#3962 = PLANE('',#3963);
#3963 = AXIS2_PLACEMENT_3D('',#3964,#3965,#3966);
#3964 = CARTESIAN_POINT('',(0.,0.,1.55));
#3965 = DIRECTION('',(0.,0.,1.));
#3966 = DIRECTION('',(1.,0.,-0.));
#3967 = ADVANCED_FACE('',(#3968),#3974,.T.);
#3968 = FACE_BOUND('',#3969,.T.);
#3969 = EDGE_LOOP('',(#3970,#3971,#3972,#3973));
#3970 = ORIENTED_EDGE('',*,*,#3891,.T.);
#3971 = ORIENTED_EDGE('',*,*,#3944,.T.);
#3972 = ORIENTED_EDGE('',*,*,#3851,.F.);
#3973 = ORIENTED_EDGE('',*,*,#3915,.F.);
#3974 = CYLINDRICAL_SURFACE('',#3975,1.25);
#3975 = AXIS2_PLACEMENT_3D('',#3976,#3977,#3978);
#3976 = CARTESIAN_POINT('',(140.00000034309,-88.05,1.51));
#3977 = DIRECTION('',(0.,0.,-1.));
#3978 = DIRECTION('',(-2.74473245554E-07,1.,-0.));
#3979 = ADVANCED_FACE('',(#3980),#3991,.F.);
#3980 = FACE_BOUND('',#3981,.T.);
#3981 = EDGE_LOOP('',(#3982,#3983,#3989,#3990));
#3982 = ORIENTED_EDGE('',*,*,#3925,.T.);
#3983 = ORIENTED_EDGE('',*,*,#3984,.T.);
#3984 = EDGE_CURVE('',#3926,#3955,#3985,.T.);
#3985 = LINE('',#3986,#3987);
#3986 = CARTESIAN_POINT('',(139.,-88.775,-4.6E-02));
#3987 = VECTOR('',#3988,1.);
#3988 = DIRECTION('',(0.,0.,1.));
#3989 = ORIENTED_EDGE('',*,*,#3954,.F.);
#3990 = ORIENTED_EDGE('',*,*,#3984,.F.);
#3991 = CYLINDRICAL_SURFACE('',#3992,0.725);
#3992 = AXIS2_PLACEMENT_3D('',#3993,#3994,#3995);
#3993 = CARTESIAN_POINT('',(139.,-88.05,-4.6E-02));
#3994 = DIRECTION('',(-0.,-0.,-1.));
#3995 = DIRECTION('',(-0.,-1.,0.));
#3996 = MANIFOLD_SOLID_BREP('',#3997);
#3997 = CLOSED_SHELL('',(#3998,#4040,#4071,#4102,#4131,#4160,#4172));
#3998 = ADVANCED_FACE('',(#3999),#4035,.T.);
#3999 = FACE_BOUND('',#4000,.F.);
#4000 = EDGE_LOOP('',(#4001,#4011,#4020,#4028));
#4001 = ORIENTED_EDGE('',*,*,#4002,.T.);
#4002 = EDGE_CURVE('',#4003,#4005,#4007,.T.);
#4003 = VERTEX_POINT('',#4004);
#4004 = CARTESIAN_POINT('',(138.,-89.3,0.));
#4005 = VERTEX_POINT('',#4006);
#4006 = CARTESIAN_POINT('',(138.,-89.3,-4.E-02));
#4007 = LINE('',#4008,#4009);
#4008 = CARTESIAN_POINT('',(138.,-89.3,0.));
#4009 = VECTOR('',#4010,1.);
#4010 = DIRECTION('',(0.,0.,-1.));
#4011 = ORIENTED_EDGE('',*,*,#4012,.T.);
#4012 = EDGE_CURVE('',#4005,#4013,#4015,.T.);
#4013 = VERTEX_POINT('',#4014);
#4014 = CARTESIAN_POINT('',(138.,-86.8,-4.E-02));
#4015 = CIRCLE('',#4016,1.25);
#4016 = AXIS2_PLACEMENT_3D('',#4017,#4018,#4019);
#4017 = CARTESIAN_POINT('',(137.9999996569,-88.05,-4.E-02));
#4018 = DIRECTION('',(0.,0.,-1.));
#4019 = DIRECTION('',(2.74473245554E-07,-1.,0.));
#4020 = ORIENTED_EDGE('',*,*,#4021,.F.);
#4021 = EDGE_CURVE('',#4022,#4013,#4024,.T.);
#4022 = VERTEX_POINT('',#4023);
#4023 = CARTESIAN_POINT('',(138.,-86.8,0.));
#4024 = LINE('',#4025,#4026);
#4025 = CARTESIAN_POINT('',(138.,-86.8,0.));
#4026 = VECTOR('',#4027,1.);
#4027 = DIRECTION('',(0.,0.,-1.));
#4028 = ORIENTED_EDGE('',*,*,#4029,.F.);
#4029 = EDGE_CURVE('',#4003,#4022,#4030,.T.);
#4030 = CIRCLE('',#4031,1.25);
#4031 = AXIS2_PLACEMENT_3D('',#4032,#4033,#4034);
#4032 = CARTESIAN_POINT('',(137.9999996569,-88.05,0.));
#4033 = DIRECTION('',(0.,0.,-1.));
#4034 = DIRECTION('',(2.74473245554E-07,-1.,0.));
#4035 = CYLINDRICAL_SURFACE('',#4036,1.25);
#4036 = AXIS2_PLACEMENT_3D('',#4037,#4038,#4039);
#4037 = CARTESIAN_POINT('',(137.9999996569,-88.05,0.));
#4038 = DIRECTION('',(-0.,-0.,1.));
#4039 = DIRECTION('',(2.74473245554E-07,-1.,0.));
#4040 = ADVANCED_FACE('',(#4041),#4066,.F.);
#4041 = FACE_BOUND('',#4042,.F.);
#4042 = EDGE_LOOP('',(#4043,#4053,#4059,#4060));
#4043 = ORIENTED_EDGE('',*,*,#4044,.T.);
#4044 = EDGE_CURVE('',#4045,#4047,#4049,.T.);
#4045 = VERTEX_POINT('',#4046);
#4046 = CARTESIAN_POINT('',(140.,-89.3,0.));
#4047 = VERTEX_POINT('',#4048);
#4048 = CARTESIAN_POINT('',(140.,-89.3,-4.E-02));
#4049 = LINE('',#4050,#4051);
#4050 = CARTESIAN_POINT('',(140.,-89.3,0.));
#4051 = VECTOR('',#4052,1.);
#4052 = DIRECTION('',(0.,0.,-1.));
#4053 = ORIENTED_EDGE('',*,*,#4054,.T.);
#4054 = EDGE_CURVE('',#4047,#4005,#4055,.T.);
#4055 = LINE('',#4056,#4057);
#4056 = CARTESIAN_POINT('',(140.,-89.3,-4.E-02));
#4057 = VECTOR('',#4058,1.);
#4058 = DIRECTION('',(-1.,0.,0.));
#4059 = ORIENTED_EDGE('',*,*,#4002,.F.);
#4060 = ORIENTED_EDGE('',*,*,#4061,.F.);
#4061 = EDGE_CURVE('',#4045,#4003,#4062,.T.);
#4062 = LINE('',#4063,#4064);
#4063 = CARTESIAN_POINT('',(140.,-89.3,0.));
#4064 = VECTOR('',#4065,1.);
#4065 = DIRECTION('',(-1.,0.,0.));
#4066 = PLANE('',#4067);
#4067 = AXIS2_PLACEMENT_3D('',#4068,#4069,#4070);
#4068 = CARTESIAN_POINT('',(140.,-89.3,0.));
#4069 = DIRECTION('',(0.,1.,0.));
#4070 = DIRECTION('',(-1.,0.,0.));
#4071 = ADVANCED_FACE('',(#4072),#4097,.F.);
#4072 = FACE_BOUND('',#4073,.F.);
#4073 = EDGE_LOOP('',(#4074,#4075,#4083,#4091));
#4074 = ORIENTED_EDGE('',*,*,#4021,.T.);
#4075 = ORIENTED_EDGE('',*,*,#4076,.T.);
#4076 = EDGE_CURVE('',#4013,#4077,#4079,.T.);
#4077 = VERTEX_POINT('',#4078);
#4078 = CARTESIAN_POINT('',(140.,-86.8,-4.E-02));
#4079 = LINE('',#4080,#4081);
#4080 = CARTESIAN_POINT('',(138.,-86.8,-4.E-02));
#4081 = VECTOR('',#4082,1.);
#4082 = DIRECTION('',(1.,0.,0.));
#4083 = ORIENTED_EDGE('',*,*,#4084,.F.);
#4084 = EDGE_CURVE('',#4085,#4077,#4087,.T.);
#4085 = VERTEX_POINT('',#4086);
#4086 = CARTESIAN_POINT('',(140.,-86.8,0.));
#4087 = LINE('',#4088,#4089);
#4088 = CARTESIAN_POINT('',(140.,-86.8,0.));
#4089 = VECTOR('',#4090,1.);
#4090 = DIRECTION('',(0.,0.,-1.));
#4091 = ORIENTED_EDGE('',*,*,#4092,.F.);
#4092 = EDGE_CURVE('',#4022,#4085,#4093,.T.);
#4093 = LINE('',#4094,#4095);
#4094 = CARTESIAN_POINT('',(138.,-86.8,0.));
#4095 = VECTOR('',#4096,1.);
#4096 = DIRECTION('',(1.,0.,0.));
#4097 = PLANE('',#4098);
#4098 = AXIS2_PLACEMENT_3D('',#4099,#4100,#4101);
#4099 = CARTESIAN_POINT('',(138.,-86.8,0.));
#4100 = DIRECTION('',(0.,-1.,0.));
#4101 = DIRECTION('',(1.,0.,0.));
#4102 = ADVANCED_FACE('',(#4103,#4115),#4126,.F.);
#4103 = FACE_BOUND('',#4104,.F.);
#4104 = EDGE_LOOP('',(#4105,#4106,#4107,#4114));
#4105 = ORIENTED_EDGE('',*,*,#4029,.T.);
#4106 = ORIENTED_EDGE('',*,*,#4092,.T.);
#4107 = ORIENTED_EDGE('',*,*,#4108,.T.);
#4108 = EDGE_CURVE('',#4085,#4045,#4109,.T.);
#4109 = CIRCLE('',#4110,1.25);
#4110 = AXIS2_PLACEMENT_3D('',#4111,#4112,#4113);
#4111 = CARTESIAN_POINT('',(140.00000034309,-88.05,0.));
#4112 = DIRECTION('',(0.,0.,-1.));
#4113 = DIRECTION('',(-2.74473245554E-07,1.,-0.));
#4114 = ORIENTED_EDGE('',*,*,#4061,.T.);
#4115 = FACE_BOUND('',#4116,.F.);
#4116 = EDGE_LOOP('',(#4117));
#4117 = ORIENTED_EDGE('',*,*,#4118,.F.);
#4118 = EDGE_CURVE('',#4119,#4119,#4121,.T.);
#4119 = VERTEX_POINT('',#4120);
#4120 = CARTESIAN_POINT('',(139.,-88.775,0.));
#4121 = CIRCLE('',#4122,0.725);
#4122 = AXIS2_PLACEMENT_3D('',#4123,#4124,#4125);
#4123 = CARTESIAN_POINT('',(139.,-88.05,0.));
#4124 = DIRECTION('',(-0.,0.,-1.));
#4125 = DIRECTION('',(-0.,-1.,0.));
#4126 = PLANE('',#4127);
#4127 = AXIS2_PLACEMENT_3D('',#4128,#4129,#4130);
#4128 = CARTESIAN_POINT('',(0.,0.,0.));
#4129 = DIRECTION('',(-0.,-0.,-1.));
#4130 = DIRECTION('',(-1.,0.,0.));
#4131 = ADVANCED_FACE('',(#4132,#4144),#4155,.T.);
#4132 = FACE_BOUND('',#4133,.T.);
#4133 = EDGE_LOOP('',(#4134,#4135,#4136,#4143));
#4134 = ORIENTED_EDGE('',*,*,#4012,.T.);
#4135 = ORIENTED_EDGE('',*,*,#4076,.T.);
#4136 = ORIENTED_EDGE('',*,*,#4137,.T.);
#4137 = EDGE_CURVE('',#4077,#4047,#4138,.T.);
#4138 = CIRCLE('',#4139,1.25);
#4139 = AXIS2_PLACEMENT_3D('',#4140,#4141,#4142);
#4140 = CARTESIAN_POINT('',(140.00000034309,-88.05,-4.E-02));
#4141 = DIRECTION('',(0.,0.,-1.));
#4142 = DIRECTION('',(-2.74473245554E-07,1.,-0.));
#4143 = ORIENTED_EDGE('',*,*,#4054,.T.);
#4144 = FACE_BOUND('',#4145,.T.);
#4145 = EDGE_LOOP('',(#4146));
#4146 = ORIENTED_EDGE('',*,*,#4147,.F.);
#4147 = EDGE_CURVE('',#4148,#4148,#4150,.T.);
#4148 = VERTEX_POINT('',#4149);
#4149 = CARTESIAN_POINT('',(139.,-88.775,-4.E-02));
#4150 = CIRCLE('',#4151,0.725);
#4151 = AXIS2_PLACEMENT_3D('',#4152,#4153,#4154);
#4152 = CARTESIAN_POINT('',(139.,-88.05,-4.E-02));
#4153 = DIRECTION('',(-0.,0.,-1.));
#4154 = DIRECTION('',(-0.,-1.,0.));
#4155 = PLANE('',#4156);
#4156 = AXIS2_PLACEMENT_3D('',#4157,#4158,#4159);
#4157 = CARTESIAN_POINT('',(0.,0.,-4.E-02));
#4158 = DIRECTION('',(-0.,-0.,-1.));
#4159 = DIRECTION('',(-1.,0.,0.));
#4160 = ADVANCED_FACE('',(#4161),#4167,.T.);
#4161 = FACE_BOUND('',#4162,.F.);
#4162 = EDGE_LOOP('',(#4163,#4164,#4165,#4166));
#4163 = ORIENTED_EDGE('',*,*,#4084,.T.);
#4164 = ORIENTED_EDGE('',*,*,#4137,.T.);
#4165 = ORIENTED_EDGE('',*,*,#4044,.F.);
#4166 = ORIENTED_EDGE('',*,*,#4108,.F.);
#4167 = CYLINDRICAL_SURFACE('',#4168,1.25);
#4168 = AXIS2_PLACEMENT_3D('',#4169,#4170,#4171);
#4169 = CARTESIAN_POINT('',(140.00000034309,-88.05,0.));
#4170 = DIRECTION('',(-0.,-0.,1.));
#4171 = DIRECTION('',(-2.74473245554E-07,1.,-0.));
#4172 = ADVANCED_FACE('',(#4173),#4184,.F.);
#4173 = FACE_BOUND('',#4174,.T.);
#4174 = EDGE_LOOP('',(#4175,#4176,#4182,#4183));
#4175 = ORIENTED_EDGE('',*,*,#4147,.T.);
#4176 = ORIENTED_EDGE('',*,*,#4177,.T.);
#4177 = EDGE_CURVE('',#4148,#4119,#4178,.T.);
#4178 = LINE('',#4179,#4180);
#4179 = CARTESIAN_POINT('',(139.,-88.775,-4.6E-02));
#4180 = VECTOR('',#4181,1.);
#4181 = DIRECTION('',(0.,0.,1.));
#4182 = ORIENTED_EDGE('',*,*,#4118,.F.);
#4183 = ORIENTED_EDGE('',*,*,#4177,.F.);
#4184 = CYLINDRICAL_SURFACE('',#4185,0.725);
#4185 = AXIS2_PLACEMENT_3D('',#4186,#4187,#4188);
#4186 = CARTESIAN_POINT('',(139.,-88.05,-4.6E-02));
#4187 = DIRECTION('',(-0.,-0.,-1.));
#4188 = DIRECTION('',(-0.,-1.,0.));
#4189 = MANIFOLD_SOLID_BREP('',#4190);
#4190 = CLOSED_SHELL('',(#4191,#4224,#4244,#4264));
#4191 = ADVANCED_FACE('',(#4192),#4219,.T.);
#4192 = FACE_BOUND('',#4193,.F.);
#4193 = EDGE_LOOP('',(#4194,#4204,#4211,#4212));
#4194 = ORIENTED_EDGE('',*,*,#4195,.T.);
#4195 = EDGE_CURVE('',#4196,#4198,#4200,.T.);
#4196 = VERTEX_POINT('',#4197);
#4197 = CARTESIAN_POINT('',(139.,-88.8,-4.E-02));
#4198 = VERTEX_POINT('',#4199);
#4199 = CARTESIAN_POINT('',(139.,-88.8,1.55));
#4200 = LINE('',#4201,#4202);
#4201 = CARTESIAN_POINT('',(139.,-88.8,-4.E-02));
#4202 = VECTOR('',#4203,1.);
#4203 = DIRECTION('',(0.,0.,1.));
#4204 = ORIENTED_EDGE('',*,*,#4205,.T.);
#4205 = EDGE_CURVE('',#4198,#4198,#4206,.T.);
#4206 = CIRCLE('',#4207,0.75);
#4207 = AXIS2_PLACEMENT_3D('',#4208,#4209,#4210);
#4208 = CARTESIAN_POINT('',(139.,-88.05,1.55));
#4209 = DIRECTION('',(0.,0.,1.));
#4210 = DIRECTION('',(-0.,-1.,0.));
#4211 = ORIENTED_EDGE('',*,*,#4195,.F.);
#4212 = ORIENTED_EDGE('',*,*,#4213,.F.);
#4213 = EDGE_CURVE('',#4196,#4196,#4214,.T.);
#4214 = CIRCLE('',#4215,0.75);
#4215 = AXIS2_PLACEMENT_3D('',#4216,#4217,#4218);
#4216 = CARTESIAN_POINT('',(139.,-88.05,-4.E-02));
#4217 = DIRECTION('',(0.,0.,1.));
#4218 = DIRECTION('',(-0.,-1.,0.));
#4219 = CYLINDRICAL_SURFACE('',#4220,0.75);
#4220 = AXIS2_PLACEMENT_3D('',#4221,#4222,#4223);
#4221 = CARTESIAN_POINT('',(139.,-88.05,-4.E-02));
#4222 = DIRECTION('',(-0.,-0.,-1.));
#4223 = DIRECTION('',(-0.,-1.,0.));
#4224 = ADVANCED_FACE('',(#4225,#4228),#4239,.F.);
#4225 = FACE_BOUND('',#4226,.F.);
#4226 = EDGE_LOOP('',(#4227));
#4227 = ORIENTED_EDGE('',*,*,#4213,.T.);
#4228 = FACE_BOUND('',#4229,.F.);
#4229 = EDGE_LOOP('',(#4230));
#4230 = ORIENTED_EDGE('',*,*,#4231,.T.);
#4231 = EDGE_CURVE('',#4232,#4232,#4234,.T.);
#4232 = VERTEX_POINT('',#4233);
#4233 = CARTESIAN_POINT('',(139.,-88.775,-4.E-02));
#4234 = CIRCLE('',#4235,0.725);
#4235 = AXIS2_PLACEMENT_3D('',#4236,#4237,#4238);
#4236 = CARTESIAN_POINT('',(139.,-88.05,-4.E-02));
#4237 = DIRECTION('',(-0.,0.,-1.));
#4238 = DIRECTION('',(-0.,-1.,0.));
#4239 = PLANE('',#4240);
#4240 = AXIS2_PLACEMENT_3D('',#4241,#4242,#4243);
#4241 = CARTESIAN_POINT('',(139.,-88.8,-4.E-02));
#4242 = DIRECTION('',(0.,0.,1.));
#4243 = DIRECTION('',(1.,0.,-0.));
#4244 = ADVANCED_FACE('',(#4245,#4248),#4259,.T.);
#4245 = FACE_BOUND('',#4246,.T.);
#4246 = EDGE_LOOP('',(#4247));
#4247 = ORIENTED_EDGE('',*,*,#4205,.T.);
#4248 = FACE_BOUND('',#4249,.T.);
#4249 = EDGE_LOOP('',(#4250));
#4250 = ORIENTED_EDGE('',*,*,#4251,.T.);
#4251 = EDGE_CURVE('',#4252,#4252,#4254,.T.);
#4252 = VERTEX_POINT('',#4253);
#4253 = CARTESIAN_POINT('',(139.,-88.775,1.55));
#4254 = CIRCLE('',#4255,0.725);
#4255 = AXIS2_PLACEMENT_3D('',#4256,#4257,#4258);
#4256 = CARTESIAN_POINT('',(139.,-88.05,1.55));
#4257 = DIRECTION('',(-0.,0.,-1.));
#4258 = DIRECTION('',(-0.,-1.,0.));
#4259 = PLANE('',#4260);
#4260 = AXIS2_PLACEMENT_3D('',#4261,#4262,#4263);
#4261 = CARTESIAN_POINT('',(139.,-88.8,1.55));
#4262 = DIRECTION('',(0.,0.,1.));
#4263 = DIRECTION('',(1.,0.,-0.));
#4264 = ADVANCED_FACE('',(#4265),#4276,.F.);
#4265 = FACE_BOUND('',#4266,.T.);
#4266 = EDGE_LOOP('',(#4267,#4268,#4274,#4275));
#4267 = ORIENTED_EDGE('',*,*,#4231,.T.);
#4268 = ORIENTED_EDGE('',*,*,#4269,.T.);
#4269 = EDGE_CURVE('',#4232,#4252,#4270,.T.);
#4270 = LINE('',#4271,#4272);
#4271 = CARTESIAN_POINT('',(139.,-88.775,-4.6E-02));
#4272 = VECTOR('',#4273,1.);
#4273 = DIRECTION('',(0.,0.,1.));
#4274 = ORIENTED_EDGE('',*,*,#4251,.F.);
#4275 = ORIENTED_EDGE('',*,*,#4269,.F.);
#4276 = CYLINDRICAL_SURFACE('',#4277,0.725);
#4277 = AXIS2_PLACEMENT_3D('',#4278,#4279,#4280);
#4278 = CARTESIAN_POINT('',(139.,-88.05,-4.6E-02));
#4279 = DIRECTION('',(-0.,-0.,-1.));
#4280 = DIRECTION('',(-0.,-1.,0.));
#4281 = MANIFOLD_SOLID_BREP('',#4282);
#4282 = CLOSED_SHELL('',(#4283,#4325,#4356,#4387,#4416,#4445,#4457));
#4283 = ADVANCED_FACE('',(#4284),#4320,.T.);
#4284 = FACE_BOUND('',#4285,.T.);
#4285 = EDGE_LOOP('',(#4286,#4296,#4305,#4313));
#4286 = ORIENTED_EDGE('',*,*,#4287,.T.);
#4287 = EDGE_CURVE('',#4288,#4290,#4292,.T.);
#4288 = VERTEX_POINT('',#4289);
#4289 = CARTESIAN_POINT('',(153.,-94.7,1.51));
#4290 = VERTEX_POINT('',#4291);
#4291 = CARTESIAN_POINT('',(153.,-94.7,1.55));
#4292 = LINE('',#4293,#4294);
#4293 = CARTESIAN_POINT('',(153.,-94.7,1.51));
#4294 = VECTOR('',#4295,1.);
#4295 = DIRECTION('',(0.,0.,1.));
#4296 = ORIENTED_EDGE('',*,*,#4297,.T.);
#4297 = EDGE_CURVE('',#4290,#4298,#4300,.T.);
#4298 = VERTEX_POINT('',#4299);
#4299 = CARTESIAN_POINT('',(153.,-92.2,1.55));
#4300 = CIRCLE('',#4301,1.25);
#4301 = AXIS2_PLACEMENT_3D('',#4302,#4303,#4304);
#4302 = CARTESIAN_POINT('',(152.9999996569,-93.45,1.55));
#4303 = DIRECTION('',(0.,0.,-1.));
#4304 = DIRECTION('',(2.74473245554E-07,-1.,0.));
#4305 = ORIENTED_EDGE('',*,*,#4306,.F.);
#4306 = EDGE_CURVE('',#4307,#4298,#4309,.T.);
#4307 = VERTEX_POINT('',#4308);
#4308 = CARTESIAN_POINT('',(153.,-92.2,1.51));
#4309 = LINE('',#4310,#4311);
#4310 = CARTESIAN_POINT('',(153.,-92.2,1.51));
#4311 = VECTOR('',#4312,1.);
#4312 = DIRECTION('',(0.,0.,1.));
#4313 = ORIENTED_EDGE('',*,*,#4314,.F.);
#4314 = EDGE_CURVE('',#4288,#4307,#4315,.T.);
#4315 = CIRCLE('',#4316,1.25);
#4316 = AXIS2_PLACEMENT_3D('',#4317,#4318,#4319);
#4317 = CARTESIAN_POINT('',(152.9999996569,-93.45,1.51));
#4318 = DIRECTION('',(0.,0.,-1.));
#4319 = DIRECTION('',(2.74473245554E-07,-1.,0.));
#4320 = CYLINDRICAL_SURFACE('',#4321,1.25);
#4321 = AXIS2_PLACEMENT_3D('',#4322,#4323,#4324);
#4322 = CARTESIAN_POINT('',(152.9999996569,-93.45,1.51));
#4323 = DIRECTION('',(0.,0.,-1.));
#4324 = DIRECTION('',(2.74473245554E-07,-1.,0.));
#4325 = ADVANCED_FACE('',(#4326),#4351,.T.);
#4326 = FACE_BOUND('',#4327,.T.);
#4327 = EDGE_LOOP('',(#4328,#4338,#4344,#4345));
#4328 = ORIENTED_EDGE('',*,*,#4329,.T.);
#4329 = EDGE_CURVE('',#4330,#4332,#4334,.T.);
#4330 = VERTEX_POINT('',#4331);
#4331 = CARTESIAN_POINT('',(155.,-94.7,1.51));
#4332 = VERTEX_POINT('',#4333);
#4333 = CARTESIAN_POINT('',(155.,-94.7,1.55));
#4334 = LINE('',#4335,#4336);
#4335 = CARTESIAN_POINT('',(155.,-94.7,1.51));
#4336 = VECTOR('',#4337,1.);
#4337 = DIRECTION('',(0.,0.,1.));
#4338 = ORIENTED_EDGE('',*,*,#4339,.T.);
#4339 = EDGE_CURVE('',#4332,#4290,#4340,.T.);
#4340 = LINE('',#4341,#4342);
#4341 = CARTESIAN_POINT('',(155.,-94.7,1.55));
#4342 = VECTOR('',#4343,1.);
#4343 = DIRECTION('',(-1.,0.,0.));
#4344 = ORIENTED_EDGE('',*,*,#4287,.F.);
#4345 = ORIENTED_EDGE('',*,*,#4346,.F.);
#4346 = EDGE_CURVE('',#4330,#4288,#4347,.T.);
#4347 = LINE('',#4348,#4349);
#4348 = CARTESIAN_POINT('',(155.,-94.7,1.51));
#4349 = VECTOR('',#4350,1.);
#4350 = DIRECTION('',(-1.,0.,0.));
#4351 = PLANE('',#4352);
#4352 = AXIS2_PLACEMENT_3D('',#4353,#4354,#4355);
#4353 = CARTESIAN_POINT('',(155.,-94.7,1.51));
#4354 = DIRECTION('',(0.,-1.,0.));
#4355 = DIRECTION('',(-1.,0.,0.));
#4356 = ADVANCED_FACE('',(#4357),#4382,.T.);
#4357 = FACE_BOUND('',#4358,.T.);
#4358 = EDGE_LOOP('',(#4359,#4360,#4368,#4376));
#4359 = ORIENTED_EDGE('',*,*,#4306,.T.);
#4360 = ORIENTED_EDGE('',*,*,#4361,.T.);
#4361 = EDGE_CURVE('',#4298,#4362,#4364,.T.);
#4362 = VERTEX_POINT('',#4363);
#4363 = CARTESIAN_POINT('',(155.,-92.2,1.55));
#4364 = LINE('',#4365,#4366);
#4365 = CARTESIAN_POINT('',(153.,-92.2,1.55));
#4366 = VECTOR('',#4367,1.);
#4367 = DIRECTION('',(1.,0.,0.));
#4368 = ORIENTED_EDGE('',*,*,#4369,.F.);
#4369 = EDGE_CURVE('',#4370,#4362,#4372,.T.);
#4370 = VERTEX_POINT('',#4371);
#4371 = CARTESIAN_POINT('',(155.,-92.2,1.51));
#4372 = LINE('',#4373,#4374);
#4373 = CARTESIAN_POINT('',(155.,-92.2,1.51));
#4374 = VECTOR('',#4375,1.);
#4375 = DIRECTION('',(0.,0.,1.));
#4376 = ORIENTED_EDGE('',*,*,#4377,.F.);
#4377 = EDGE_CURVE('',#4307,#4370,#4378,.T.);
#4378 = LINE('',#4379,#4380);
#4379 = CARTESIAN_POINT('',(153.,-92.2,1.51));
#4380 = VECTOR('',#4381,1.);
#4381 = DIRECTION('',(1.,0.,0.));
#4382 = PLANE('',#4383);
#4383 = AXIS2_PLACEMENT_3D('',#4384,#4385,#4386);
#4384 = CARTESIAN_POINT('',(153.,-92.2,1.51));
#4385 = DIRECTION('',(0.,1.,0.));
#4386 = DIRECTION('',(1.,0.,0.));
#4387 = ADVANCED_FACE('',(#4388,#4400),#4411,.F.);
#4388 = FACE_BOUND('',#4389,.F.);
#4389 = EDGE_LOOP('',(#4390,#4391,#4392,#4399));
#4390 = ORIENTED_EDGE('',*,*,#4314,.F.);
#4391 = ORIENTED_EDGE('',*,*,#4346,.F.);
#4392 = ORIENTED_EDGE('',*,*,#4393,.F.);
#4393 = EDGE_CURVE('',#4370,#4330,#4394,.T.);
#4394 = CIRCLE('',#4395,1.25);
#4395 = AXIS2_PLACEMENT_3D('',#4396,#4397,#4398);
#4396 = CARTESIAN_POINT('',(155.00000034309,-93.45,1.51));
#4397 = DIRECTION('',(0.,0.,-1.));
#4398 = DIRECTION('',(-2.74473245554E-07,1.,-0.));
#4399 = ORIENTED_EDGE('',*,*,#4377,.F.);
#4400 = FACE_BOUND('',#4401,.F.);
#4401 = EDGE_LOOP('',(#4402));
#4402 = ORIENTED_EDGE('',*,*,#4403,.T.);
#4403 = EDGE_CURVE('',#4404,#4404,#4406,.T.);
#4404 = VERTEX_POINT('',#4405);
#4405 = CARTESIAN_POINT('',(154.,-94.175,1.51));
#4406 = CIRCLE('',#4407,0.725);
#4407 = AXIS2_PLACEMENT_3D('',#4408,#4409,#4410);
#4408 = CARTESIAN_POINT('',(154.,-93.45,1.51));
#4409 = DIRECTION('',(-0.,0.,-1.));
#4410 = DIRECTION('',(-0.,-1.,0.));
#4411 = PLANE('',#4412);
#4412 = AXIS2_PLACEMENT_3D('',#4413,#4414,#4415);
#4413 = CARTESIAN_POINT('',(0.,0.,1.51));
#4414 = DIRECTION('',(0.,0.,1.));
#4415 = DIRECTION('',(1.,0.,-0.));
#4416 = ADVANCED_FACE('',(#4417,#4429),#4440,.T.);
#4417 = FACE_BOUND('',#4418,.T.);
#4418 = EDGE_LOOP('',(#4419,#4420,#4421,#4428));
#4419 = ORIENTED_EDGE('',*,*,#4297,.F.);
#4420 = ORIENTED_EDGE('',*,*,#4339,.F.);
#4421 = ORIENTED_EDGE('',*,*,#4422,.F.);
#4422 = EDGE_CURVE('',#4362,#4332,#4423,.T.);
#4423 = CIRCLE('',#4424,1.25);
#4424 = AXIS2_PLACEMENT_3D('',#4425,#4426,#4427);
#4425 = CARTESIAN_POINT('',(155.00000034309,-93.45,1.55));
#4426 = DIRECTION('',(0.,0.,-1.));
#4427 = DIRECTION('',(-2.74473245554E-07,1.,-0.));
#4428 = ORIENTED_EDGE('',*,*,#4361,.F.);
#4429 = FACE_BOUND('',#4430,.T.);
#4430 = EDGE_LOOP('',(#4431));
#4431 = ORIENTED_EDGE('',*,*,#4432,.T.);
#4432 = EDGE_CURVE('',#4433,#4433,#4435,.T.);
#4433 = VERTEX_POINT('',#4434);
#4434 = CARTESIAN_POINT('',(154.,-94.175,1.55));
#4435 = CIRCLE('',#4436,0.725);
#4436 = AXIS2_PLACEMENT_3D('',#4437,#4438,#4439);
#4437 = CARTESIAN_POINT('',(154.,-93.45,1.55));
#4438 = DIRECTION('',(-0.,0.,-1.));
#4439 = DIRECTION('',(-0.,-1.,0.));
#4440 = PLANE('',#4441);
#4441 = AXIS2_PLACEMENT_3D('',#4442,#4443,#4444);
#4442 = CARTESIAN_POINT('',(0.,0.,1.55));
#4443 = DIRECTION('',(0.,0.,1.));
#4444 = DIRECTION('',(1.,0.,-0.));
#4445 = ADVANCED_FACE('',(#4446),#4452,.T.);
#4446 = FACE_BOUND('',#4447,.T.);
#4447 = EDGE_LOOP('',(#4448,#4449,#4450,#4451));
#4448 = ORIENTED_EDGE('',*,*,#4369,.T.);
#4449 = ORIENTED_EDGE('',*,*,#4422,.T.);
#4450 = ORIENTED_EDGE('',*,*,#4329,.F.);
#4451 = ORIENTED_EDGE('',*,*,#4393,.F.);
#4452 = CYLINDRICAL_SURFACE('',#4453,1.25);
#4453 = AXIS2_PLACEMENT_3D('',#4454,#4455,#4456);
#4454 = CARTESIAN_POINT('',(155.00000034309,-93.45,1.51));
#4455 = DIRECTION('',(0.,0.,-1.));
#4456 = DIRECTION('',(-2.74473245554E-07,1.,-0.));
#4457 = ADVANCED_FACE('',(#4458),#4469,.F.);
#4458 = FACE_BOUND('',#4459,.T.);
#4459 = EDGE_LOOP('',(#4460,#4461,#4467,#4468));
#4460 = ORIENTED_EDGE('',*,*,#4403,.T.);
#4461 = ORIENTED_EDGE('',*,*,#4462,.T.);
#4462 = EDGE_CURVE('',#4404,#4433,#4463,.T.);
#4463 = LINE('',#4464,#4465);
#4464 = CARTESIAN_POINT('',(154.,-94.175,-4.6E-02));
#4465 = VECTOR('',#4466,1.);
#4466 = DIRECTION('',(0.,0.,1.));
#4467 = ORIENTED_EDGE('',*,*,#4432,.F.);
#4468 = ORIENTED_EDGE('',*,*,#4462,.F.);
#4469 = CYLINDRICAL_SURFACE('',#4470,0.725);
#4470 = AXIS2_PLACEMENT_3D('',#4471,#4472,#4473);
#4471 = CARTESIAN_POINT('',(154.,-93.45,-4.6E-02));
#4472 = DIRECTION('',(-0.,-0.,-1.));
#4473 = DIRECTION('',(-0.,-1.,0.));
#4474 = MANIFOLD_SOLID_BREP('',#4475);
#4475 = CLOSED_SHELL('',(#4476,#4518,#4549,#4580,#4609,#4638,#4650));
#4476 = ADVANCED_FACE('',(#4477),#4513,.T.);
#4477 = FACE_BOUND('',#4478,.F.);
#4478 = EDGE_LOOP('',(#4479,#4489,#4498,#4506));
#4479 = ORIENTED_EDGE('',*,*,#4480,.T.);
#4480 = EDGE_CURVE('',#4481,#4483,#4485,.T.);
#4481 = VERTEX_POINT('',#4482);
#4482 = CARTESIAN_POINT('',(153.,-94.7,0.));
#4483 = VERTEX_POINT('',#4484);
#4484 = CARTESIAN_POINT('',(153.,-94.7,-4.E-02));
#4485 = LINE('',#4486,#4487);
#4486 = CARTESIAN_POINT('',(153.,-94.7,0.));
#4487 = VECTOR('',#4488,1.);
#4488 = DIRECTION('',(0.,0.,-1.));
#4489 = ORIENTED_EDGE('',*,*,#4490,.T.);
#4490 = EDGE_CURVE('',#4483,#4491,#4493,.T.);
#4491 = VERTEX_POINT('',#4492);
#4492 = CARTESIAN_POINT('',(153.,-92.2,-4.E-02));
#4493 = CIRCLE('',#4494,1.25);
#4494 = AXIS2_PLACEMENT_3D('',#4495,#4496,#4497);
#4495 = CARTESIAN_POINT('',(152.9999996569,-93.45,-4.E-02));
#4496 = DIRECTION('',(0.,0.,-1.));
#4497 = DIRECTION('',(2.74473245554E-07,-1.,0.));
#4498 = ORIENTED_EDGE('',*,*,#4499,.F.);
#4499 = EDGE_CURVE('',#4500,#4491,#4502,.T.);
#4500 = VERTEX_POINT('',#4501);
#4501 = CARTESIAN_POINT('',(153.,-92.2,0.));
#4502 = LINE('',#4503,#4504);
#4503 = CARTESIAN_POINT('',(153.,-92.2,0.));
#4504 = VECTOR('',#4505,1.);
#4505 = DIRECTION('',(0.,0.,-1.));
#4506 = ORIENTED_EDGE('',*,*,#4507,.F.);
#4507 = EDGE_CURVE('',#4481,#4500,#4508,.T.);
#4508 = CIRCLE('',#4509,1.25);
#4509 = AXIS2_PLACEMENT_3D('',#4510,#4511,#4512);
#4510 = CARTESIAN_POINT('',(152.9999996569,-93.45,0.));
#4511 = DIRECTION('',(0.,0.,-1.));
#4512 = DIRECTION('',(2.74473245554E-07,-1.,0.));
#4513 = CYLINDRICAL_SURFACE('',#4514,1.25);
#4514 = AXIS2_PLACEMENT_3D('',#4515,#4516,#4517);
#4515 = CARTESIAN_POINT('',(152.9999996569,-93.45,0.));
#4516 = DIRECTION('',(-0.,-0.,1.));
#4517 = DIRECTION('',(2.74473245554E-07,-1.,0.));
#4518 = ADVANCED_FACE('',(#4519),#4544,.F.);
#4519 = FACE_BOUND('',#4520,.F.);
#4520 = EDGE_LOOP('',(#4521,#4531,#4537,#4538));
#4521 = ORIENTED_EDGE('',*,*,#4522,.T.);
#4522 = EDGE_CURVE('',#4523,#4525,#4527,.T.);
#4523 = VERTEX_POINT('',#4524);
#4524 = CARTESIAN_POINT('',(155.,-94.7,0.));
#4525 = VERTEX_POINT('',#4526);
#4526 = CARTESIAN_POINT('',(155.,-94.7,-4.E-02));
#4527 = LINE('',#4528,#4529);
#4528 = CARTESIAN_POINT('',(155.,-94.7,0.));
#4529 = VECTOR('',#4530,1.);
#4530 = DIRECTION('',(0.,0.,-1.));
#4531 = ORIENTED_EDGE('',*,*,#4532,.T.);
#4532 = EDGE_CURVE('',#4525,#4483,#4533,.T.);
#4533 = LINE('',#4534,#4535);
#4534 = CARTESIAN_POINT('',(155.,-94.7,-4.E-02));
#4535 = VECTOR('',#4536,1.);
#4536 = DIRECTION('',(-1.,0.,0.));
#4537 = ORIENTED_EDGE('',*,*,#4480,.F.);
#4538 = ORIENTED_EDGE('',*,*,#4539,.F.);
#4539 = EDGE_CURVE('',#4523,#4481,#4540,.T.);
#4540 = LINE('',#4541,#4542);
#4541 = CARTESIAN_POINT('',(155.,-94.7,0.));
#4542 = VECTOR('',#4543,1.);
#4543 = DIRECTION('',(-1.,0.,0.));
#4544 = PLANE('',#4545);
#4545 = AXIS2_PLACEMENT_3D('',#4546,#4547,#4548);
#4546 = CARTESIAN_POINT('',(155.,-94.7,0.));
#4547 = DIRECTION('',(0.,1.,0.));
#4548 = DIRECTION('',(-1.,0.,0.));
#4549 = ADVANCED_FACE('',(#4550),#4575,.F.);
#4550 = FACE_BOUND('',#4551,.F.);
#4551 = EDGE_LOOP('',(#4552,#4553,#4561,#4569));
#4552 = ORIENTED_EDGE('',*,*,#4499,.T.);
#4553 = ORIENTED_EDGE('',*,*,#4554,.T.);
#4554 = EDGE_CURVE('',#4491,#4555,#4557,.T.);
#4555 = VERTEX_POINT('',#4556);
#4556 = CARTESIAN_POINT('',(155.,-92.2,-4.E-02));
#4557 = LINE('',#4558,#4559);
#4558 = CARTESIAN_POINT('',(153.,-92.2,-4.E-02));
#4559 = VECTOR('',#4560,1.);
#4560 = DIRECTION('',(1.,0.,0.));
#4561 = ORIENTED_EDGE('',*,*,#4562,.F.);
#4562 = EDGE_CURVE('',#4563,#4555,#4565,.T.);
#4563 = VERTEX_POINT('',#4564);
#4564 = CARTESIAN_POINT('',(155.,-92.2,0.));
#4565 = LINE('',#4566,#4567);
#4566 = CARTESIAN_POINT('',(155.,-92.2,0.));
#4567 = VECTOR('',#4568,1.);
#4568 = DIRECTION('',(0.,0.,-1.));
#4569 = ORIENTED_EDGE('',*,*,#4570,.F.);
#4570 = EDGE_CURVE('',#4500,#4563,#4571,.T.);
#4571 = LINE('',#4572,#4573);
#4572 = CARTESIAN_POINT('',(153.,-92.2,0.));
#4573 = VECTOR('',#4574,1.);
#4574 = DIRECTION('',(1.,0.,0.));
#4575 = PLANE('',#4576);
#4576 = AXIS2_PLACEMENT_3D('',#4577,#4578,#4579);
#4577 = CARTESIAN_POINT('',(153.,-92.2,0.));
#4578 = DIRECTION('',(0.,-1.,0.));
#4579 = DIRECTION('',(1.,0.,0.));
#4580 = ADVANCED_FACE('',(#4581,#4593),#4604,.F.);
#4581 = FACE_BOUND('',#4582,.F.);
#4582 = EDGE_LOOP('',(#4583,#4584,#4585,#4592));
#4583 = ORIENTED_EDGE('',*,*,#4507,.T.);
#4584 = ORIENTED_EDGE('',*,*,#4570,.T.);
#4585 = ORIENTED_EDGE('',*,*,#4586,.T.);
#4586 = EDGE_CURVE('',#4563,#4523,#4587,.T.);
#4587 = CIRCLE('',#4588,1.25);
#4588 = AXIS2_PLACEMENT_3D('',#4589,#4590,#4591);
#4589 = CARTESIAN_POINT('',(155.00000034309,-93.45,0.));
#4590 = DIRECTION('',(0.,0.,-1.));
#4591 = DIRECTION('',(-2.74473245554E-07,1.,-0.));
#4592 = ORIENTED_EDGE('',*,*,#4539,.T.);
#4593 = FACE_BOUND('',#4594,.F.);
#4594 = EDGE_LOOP('',(#4595));
#4595 = ORIENTED_EDGE('',*,*,#4596,.F.);
#4596 = EDGE_CURVE('',#4597,#4597,#4599,.T.);
#4597 = VERTEX_POINT('',#4598);
#4598 = CARTESIAN_POINT('',(154.,-94.175,0.));
#4599 = CIRCLE('',#4600,0.725);
#4600 = AXIS2_PLACEMENT_3D('',#4601,#4602,#4603);
#4601 = CARTESIAN_POINT('',(154.,-93.45,0.));
#4602 = DIRECTION('',(-0.,0.,-1.));
#4603 = DIRECTION('',(-0.,-1.,0.));
#4604 = PLANE('',#4605);
#4605 = AXIS2_PLACEMENT_3D('',#4606,#4607,#4608);
#4606 = CARTESIAN_POINT('',(0.,0.,0.));
#4607 = DIRECTION('',(-0.,-0.,-1.));
#4608 = DIRECTION('',(-1.,0.,0.));
#4609 = ADVANCED_FACE('',(#4610,#4622),#4633,.T.);
#4610 = FACE_BOUND('',#4611,.T.);
#4611 = EDGE_LOOP('',(#4612,#4613,#4614,#4621));
#4612 = ORIENTED_EDGE('',*,*,#4490,.T.);
#4613 = ORIENTED_EDGE('',*,*,#4554,.T.);
#4614 = ORIENTED_EDGE('',*,*,#4615,.T.);
#4615 = EDGE_CURVE('',#4555,#4525,#4616,.T.);
#4616 = CIRCLE('',#4617,1.25);
#4617 = AXIS2_PLACEMENT_3D('',#4618,#4619,#4620);
#4618 = CARTESIAN_POINT('',(155.00000034309,-93.45,-4.E-02));
#4619 = DIRECTION('',(0.,0.,-1.));
#4620 = DIRECTION('',(-2.74473245554E-07,1.,-0.));
#4621 = ORIENTED_EDGE('',*,*,#4532,.T.);
#4622 = FACE_BOUND('',#4623,.T.);
#4623 = EDGE_LOOP('',(#4624));
#4624 = ORIENTED_EDGE('',*,*,#4625,.F.);
#4625 = EDGE_CURVE('',#4626,#4626,#4628,.T.);
#4626 = VERTEX_POINT('',#4627);
#4627 = CARTESIAN_POINT('',(154.,-94.175,-4.E-02));
#4628 = CIRCLE('',#4629,0.725);
#4629 = AXIS2_PLACEMENT_3D('',#4630,#4631,#4632);
#4630 = CARTESIAN_POINT('',(154.,-93.45,-4.E-02));
#4631 = DIRECTION('',(-0.,0.,-1.));
#4632 = DIRECTION('',(-0.,-1.,0.));
#4633 = PLANE('',#4634);
#4634 = AXIS2_PLACEMENT_3D('',#4635,#4636,#4637);
#4635 = CARTESIAN_POINT('',(0.,0.,-4.E-02));
#4636 = DIRECTION('',(-0.,-0.,-1.));
#4637 = DIRECTION('',(-1.,0.,0.));
#4638 = ADVANCED_FACE('',(#4639),#4645,.T.);
#4639 = FACE_BOUND('',#4640,.F.);
#4640 = EDGE_LOOP('',(#4641,#4642,#4643,#4644));
#4641 = ORIENTED_EDGE('',*,*,#4562,.T.);
#4642 = ORIENTED_EDGE('',*,*,#4615,.T.);
#4643 = ORIENTED_EDGE('',*,*,#4522,.F.);
#4644 = ORIENTED_EDGE('',*,*,#4586,.F.);
#4645 = CYLINDRICAL_SURFACE('',#4646,1.25);
#4646 = AXIS2_PLACEMENT_3D('',#4647,#4648,#4649);
#4647 = CARTESIAN_POINT('',(155.00000034309,-93.45,0.));
#4648 = DIRECTION('',(-0.,-0.,1.));
#4649 = DIRECTION('',(-2.74473245554E-07,1.,-0.));
#4650 = ADVANCED_FACE('',(#4651),#4662,.F.);
#4651 = FACE_BOUND('',#4652,.T.);
#4652 = EDGE_LOOP('',(#4653,#4654,#4660,#4661));
#4653 = ORIENTED_EDGE('',*,*,#4625,.T.);
#4654 = ORIENTED_EDGE('',*,*,#4655,.T.);
#4655 = EDGE_CURVE('',#4626,#4597,#4656,.T.);
#4656 = LINE('',#4657,#4658);
#4657 = CARTESIAN_POINT('',(154.,-94.175,-4.6E-02));
#4658 = VECTOR('',#4659,1.);
#4659 = DIRECTION('',(0.,0.,1.));
#4660 = ORIENTED_EDGE('',*,*,#4596,.F.);
#4661 = ORIENTED_EDGE('',*,*,#4655,.F.);
#4662 = CYLINDRICAL_SURFACE('',#4663,0.725);
#4663 = AXIS2_PLACEMENT_3D('',#4664,#4665,#4666);
#4664 = CARTESIAN_POINT('',(154.,-93.45,-4.6E-02));
#4665 = DIRECTION('',(-0.,-0.,-1.));
#4666 = DIRECTION('',(-0.,-1.,0.));
#4667 = MANIFOLD_SOLID_BREP('',#4668);
#4668 = CLOSED_SHELL('',(#4669,#4702,#4722,#4742));
#4669 = ADVANCED_FACE('',(#4670),#4697,.T.);
#4670 = FACE_BOUND('',#4671,.F.);
#4671 = EDGE_LOOP('',(#4672,#4682,#4689,#4690));
#4672 = ORIENTED_EDGE('',*,*,#4673,.T.);
#4673 = EDGE_CURVE('',#4674,#4676,#4678,.T.);
#4674 = VERTEX_POINT('',#4675);
#4675 = CARTESIAN_POINT('',(154.,-94.2,-4.E-02));
#4676 = VERTEX_POINT('',#4677);
#4677 = CARTESIAN_POINT('',(154.,-94.2,1.55));
#4678 = LINE('',#4679,#4680);
#4679 = CARTESIAN_POINT('',(154.,-94.2,-4.E-02));
#4680 = VECTOR('',#4681,1.);
#4681 = DIRECTION('',(0.,0.,1.));
#4682 = ORIENTED_EDGE('',*,*,#4683,.T.);
#4683 = EDGE_CURVE('',#4676,#4676,#4684,.T.);
#4684 = CIRCLE('',#4685,0.75);
#4685 = AXIS2_PLACEMENT_3D('',#4686,#4687,#4688);
#4686 = CARTESIAN_POINT('',(154.,-93.45,1.55));
#4687 = DIRECTION('',(0.,0.,1.));
#4688 = DIRECTION('',(-0.,-1.,0.));
#4689 = ORIENTED_EDGE('',*,*,#4673,.F.);
#4690 = ORIENTED_EDGE('',*,*,#4691,.F.);
#4691 = EDGE_CURVE('',#4674,#4674,#4692,.T.);
#4692 = CIRCLE('',#4693,0.75);
#4693 = AXIS2_PLACEMENT_3D('',#4694,#4695,#4696);
#4694 = CARTESIAN_POINT('',(154.,-93.45,-4.E-02));
#4695 = DIRECTION('',(0.,0.,1.));
#4696 = DIRECTION('',(-0.,-1.,0.));
#4697 = CYLINDRICAL_SURFACE('',#4698,0.75);
#4698 = AXIS2_PLACEMENT_3D('',#4699,#4700,#4701);
#4699 = CARTESIAN_POINT('',(154.,-93.45,-4.E-02));
#4700 = DIRECTION('',(-0.,-0.,-1.));
#4701 = DIRECTION('',(-0.,-1.,0.));
#4702 = ADVANCED_FACE('',(#4703,#4706),#4717,.F.);
#4703 = FACE_BOUND('',#4704,.F.);
#4704 = EDGE_LOOP('',(#4705));
#4705 = ORIENTED_EDGE('',*,*,#4691,.T.);
#4706 = FACE_BOUND('',#4707,.F.);
#4707 = EDGE_LOOP('',(#4708));
#4708 = ORIENTED_EDGE('',*,*,#4709,.T.);
#4709 = EDGE_CURVE('',#4710,#4710,#4712,.T.);
#4710 = VERTEX_POINT('',#4711);
#4711 = CARTESIAN_POINT('',(154.,-94.175,-4.E-02));
#4712 = CIRCLE('',#4713,0.725);
#4713 = AXIS2_PLACEMENT_3D('',#4714,#4715,#4716);
#4714 = CARTESIAN_POINT('',(154.,-93.45,-4.E-02));
#4715 = DIRECTION('',(-0.,0.,-1.));
#4716 = DIRECTION('',(-0.,-1.,0.));
#4717 = PLANE('',#4718);
#4718 = AXIS2_PLACEMENT_3D('',#4719,#4720,#4721);
#4719 = CARTESIAN_POINT('',(154.,-94.2,-4.E-02));
#4720 = DIRECTION('',(0.,0.,1.));
#4721 = DIRECTION('',(1.,0.,-0.));
#4722 = ADVANCED_FACE('',(#4723,#4726),#4737,.T.);
#4723 = FACE_BOUND('',#4724,.T.);
#4724 = EDGE_LOOP('',(#4725));
#4725 = ORIENTED_EDGE('',*,*,#4683,.T.);
#4726 = FACE_BOUND('',#4727,.T.);
#4727 = EDGE_LOOP('',(#4728));
#4728 = ORIENTED_EDGE('',*,*,#4729,.T.);
#4729 = EDGE_CURVE('',#4730,#4730,#4732,.T.);
#4730 = VERTEX_POINT('',#4731);
#4731 = CARTESIAN_POINT('',(154.,-94.175,1.55));
#4732 = CIRCLE('',#4733,0.725);
#4733 = AXIS2_PLACEMENT_3D('',#4734,#4735,#4736);
#4734 = CARTESIAN_POINT('',(154.,-93.45,1.55));
#4735 = DIRECTION('',(-0.,0.,-1.));
#4736 = DIRECTION('',(-0.,-1.,0.));
#4737 = PLANE('',#4738);
#4738 = AXIS2_PLACEMENT_3D('',#4739,#4740,#4741);
#4739 = CARTESIAN_POINT('',(154.,-94.2,1.55));
#4740 = DIRECTION('',(0.,0.,1.));
#4741 = DIRECTION('',(1.,0.,-0.));
#4742 = ADVANCED_FACE('',(#4743),#4754,.F.);
#4743 = FACE_BOUND('',#4744,.T.);
#4744 = EDGE_LOOP('',(#4745,#4746,#4752,#4753));
#4745 = ORIENTED_EDGE('',*,*,#4709,.T.);
#4746 = ORIENTED_EDGE('',*,*,#4747,.T.);
#4747 = EDGE_CURVE('',#4710,#4730,#4748,.T.);
#4748 = LINE('',#4749,#4750);
#4749 = CARTESIAN_POINT('',(154.,-94.175,-4.6E-02));
#4750 = VECTOR('',#4751,1.);
#4751 = DIRECTION('',(0.,0.,1.));
#4752 = ORIENTED_EDGE('',*,*,#4729,.F.);
#4753 = ORIENTED_EDGE('',*,*,#4747,.F.);
#4754 = CYLINDRICAL_SURFACE('',#4755,0.725);
#4755 = AXIS2_PLACEMENT_3D('',#4756,#4757,#4758);
#4756 = CARTESIAN_POINT('',(154.,-93.45,-4.6E-02));
#4757 = DIRECTION('',(-0.,-0.,-1.));
#4758 = DIRECTION('',(-0.,-1.,0.));
#4759 = MANIFOLD_SOLID_BREP('',#4760);
#4760 = CLOSED_SHELL('',(#4761,#4803,#4834,#4865,#4894,#4923,#4935));
#4761 = ADVANCED_FACE('',(#4762),#4798,.T.);
#4762 = FACE_BOUND('',#4763,.T.);
#4763 = EDGE_LOOP('',(#4764,#4774,#4783,#4791));
#4764 = ORIENTED_EDGE('',*,*,#4765,.T.);
#4765 = EDGE_CURVE('',#4766,#4768,#4770,.T.);
#4766 = VERTEX_POINT('',#4767);
#4767 = CARTESIAN_POINT('',(138.,-106.3,1.51));
#4768 = VERTEX_POINT('',#4769);
#4769 = CARTESIAN_POINT('',(138.,-106.3,1.55));
#4770 = LINE('',#4771,#4772);
#4771 = CARTESIAN_POINT('',(138.,-106.3,1.51));
#4772 = VECTOR('',#4773,1.);
#4773 = DIRECTION('',(0.,0.,1.));
#4774 = ORIENTED_EDGE('',*,*,#4775,.T.);
#4775 = EDGE_CURVE('',#4768,#4776,#4778,.T.);
#4776 = VERTEX_POINT('',#4777);
#4777 = CARTESIAN_POINT('',(138.,-103.8,1.55));
#4778 = CIRCLE('',#4779,1.25);
#4779 = AXIS2_PLACEMENT_3D('',#4780,#4781,#4782);
#4780 = CARTESIAN_POINT('',(137.9999996569,-105.05,1.55));
#4781 = DIRECTION('',(0.,0.,-1.));
#4782 = DIRECTION('',(2.74473245554E-07,-1.,0.));
#4783 = ORIENTED_EDGE('',*,*,#4784,.F.);
#4784 = EDGE_CURVE('',#4785,#4776,#4787,.T.);
#4785 = VERTEX_POINT('',#4786);
#4786 = CARTESIAN_POINT('',(138.,-103.8,1.51));
#4787 = LINE('',#4788,#4789);
#4788 = CARTESIAN_POINT('',(138.,-103.8,1.51));
#4789 = VECTOR('',#4790,1.);
#4790 = DIRECTION('',(0.,0.,1.));
#4791 = ORIENTED_EDGE('',*,*,#4792,.F.);
#4792 = EDGE_CURVE('',#4766,#4785,#4793,.T.);
#4793 = CIRCLE('',#4794,1.25);
#4794 = AXIS2_PLACEMENT_3D('',#4795,#4796,#4797);
#4795 = CARTESIAN_POINT('',(137.9999996569,-105.05,1.51));
#4796 = DIRECTION('',(0.,0.,-1.));
#4797 = DIRECTION('',(2.74473245554E-07,-1.,0.));
#4798 = CYLINDRICAL_SURFACE('',#4799,1.25);
#4799 = AXIS2_PLACEMENT_3D('',#4800,#4801,#4802);
#4800 = CARTESIAN_POINT('',(137.9999996569,-105.05,1.51));
#4801 = DIRECTION('',(0.,0.,-1.));
#4802 = DIRECTION('',(2.74473245554E-07,-1.,0.));
#4803 = ADVANCED_FACE('',(#4804),#4829,.T.);
#4804 = FACE_BOUND('',#4805,.T.);
#4805 = EDGE_LOOP('',(#4806,#4816,#4822,#4823));
#4806 = ORIENTED_EDGE('',*,*,#4807,.T.);
#4807 = EDGE_CURVE('',#4808,#4810,#4812,.T.);
#4808 = VERTEX_POINT('',#4809);
#4809 = CARTESIAN_POINT('',(140.,-106.3,1.51));
#4810 = VERTEX_POINT('',#4811);
#4811 = CARTESIAN_POINT('',(140.,-106.3,1.55));
#4812 = LINE('',#4813,#4814);
#4813 = CARTESIAN_POINT('',(140.,-106.3,1.51));
#4814 = VECTOR('',#4815,1.);
#4815 = DIRECTION('',(0.,0.,1.));
#4816 = ORIENTED_EDGE('',*,*,#4817,.T.);
#4817 = EDGE_CURVE('',#4810,#4768,#4818,.T.);
#4818 = LINE('',#4819,#4820);
#4819 = CARTESIAN_POINT('',(140.,-106.3,1.55));
#4820 = VECTOR('',#4821,1.);
#4821 = DIRECTION('',(-1.,0.,0.));
#4822 = ORIENTED_EDGE('',*,*,#4765,.F.);
#4823 = ORIENTED_EDGE('',*,*,#4824,.F.);
#4824 = EDGE_CURVE('',#4808,#4766,#4825,.T.);
#4825 = LINE('',#4826,#4827);
#4826 = CARTESIAN_POINT('',(140.,-106.3,1.51));
#4827 = VECTOR('',#4828,1.);
#4828 = DIRECTION('',(-1.,0.,0.));
#4829 = PLANE('',#4830);
#4830 = AXIS2_PLACEMENT_3D('',#4831,#4832,#4833);
#4831 = CARTESIAN_POINT('',(140.,-106.3,1.51));
#4832 = DIRECTION('',(0.,-1.,0.));
#4833 = DIRECTION('',(-1.,0.,0.));
#4834 = ADVANCED_FACE('',(#4835),#4860,.T.);
#4835 = FACE_BOUND('',#4836,.T.);
#4836 = EDGE_LOOP('',(#4837,#4838,#4846,#4854));
#4837 = ORIENTED_EDGE('',*,*,#4784,.T.);
#4838 = ORIENTED_EDGE('',*,*,#4839,.T.);
#4839 = EDGE_CURVE('',#4776,#4840,#4842,.T.);
#4840 = VERTEX_POINT('',#4841);
#4841 = CARTESIAN_POINT('',(140.,-103.8,1.55));
#4842 = LINE('',#4843,#4844);
#4843 = CARTESIAN_POINT('',(138.,-103.8,1.55));
#4844 = VECTOR('',#4845,1.);
#4845 = DIRECTION('',(1.,0.,0.));
#4846 = ORIENTED_EDGE('',*,*,#4847,.F.);
#4847 = EDGE_CURVE('',#4848,#4840,#4850,.T.);
#4848 = VERTEX_POINT('',#4849);
#4849 = CARTESIAN_POINT('',(140.,-103.8,1.51));
#4850 = LINE('',#4851,#4852);
#4851 = CARTESIAN_POINT('',(140.,-103.8,1.51));
#4852 = VECTOR('',#4853,1.);
#4853 = DIRECTION('',(0.,0.,1.));
#4854 = ORIENTED_EDGE('',*,*,#4855,.F.);
#4855 = EDGE_CURVE('',#4785,#4848,#4856,.T.);
#4856 = LINE('',#4857,#4858);
#4857 = CARTESIAN_POINT('',(138.,-103.8,1.51));
#4858 = VECTOR('',#4859,1.);
#4859 = DIRECTION('',(1.,0.,0.));
#4860 = PLANE('',#4861);
#4861 = AXIS2_PLACEMENT_3D('',#4862,#4863,#4864);
#4862 = CARTESIAN_POINT('',(138.,-103.8,1.51));
#4863 = DIRECTION('',(0.,1.,0.));
#4864 = DIRECTION('',(1.,0.,0.));
#4865 = ADVANCED_FACE('',(#4866,#4878),#4889,.F.);
#4866 = FACE_BOUND('',#4867,.F.);
#4867 = EDGE_LOOP('',(#4868,#4869,#4870,#4877));
#4868 = ORIENTED_EDGE('',*,*,#4792,.F.);
#4869 = ORIENTED_EDGE('',*,*,#4824,.F.);
#4870 = ORIENTED_EDGE('',*,*,#4871,.F.);
#4871 = EDGE_CURVE('',#4848,#4808,#4872,.T.);
#4872 = CIRCLE('',#4873,1.25);
#4873 = AXIS2_PLACEMENT_3D('',#4874,#4875,#4876);
#4874 = CARTESIAN_POINT('',(140.00000034309,-105.05,1.51));
#4875 = DIRECTION('',(0.,0.,-1.));
#4876 = DIRECTION('',(-2.74473245554E-07,1.,-0.));
#4877 = ORIENTED_EDGE('',*,*,#4855,.F.);
#4878 = FACE_BOUND('',#4879,.F.);
#4879 = EDGE_LOOP('',(#4880));
#4880 = ORIENTED_EDGE('',*,*,#4881,.T.);
#4881 = EDGE_CURVE('',#4882,#4882,#4884,.T.);
#4882 = VERTEX_POINT('',#4883);
#4883 = CARTESIAN_POINT('',(139.,-105.775,1.51));
#4884 = CIRCLE('',#4885,0.725);
#4885 = AXIS2_PLACEMENT_3D('',#4886,#4887,#4888);
#4886 = CARTESIAN_POINT('',(139.,-105.05,1.51));
#4887 = DIRECTION('',(-0.,0.,-1.));
#4888 = DIRECTION('',(-0.,-1.,0.));
#4889 = PLANE('',#4890);
#4890 = AXIS2_PLACEMENT_3D('',#4891,#4892,#4893);
#4891 = CARTESIAN_POINT('',(0.,0.,1.51));
#4892 = DIRECTION('',(0.,0.,1.));
#4893 = DIRECTION('',(1.,0.,-0.));
#4894 = ADVANCED_FACE('',(#4895,#4907),#4918,.T.);
#4895 = FACE_BOUND('',#4896,.T.);
#4896 = EDGE_LOOP('',(#4897,#4898,#4899,#4906));
#4897 = ORIENTED_EDGE('',*,*,#4775,.F.);
#4898 = ORIENTED_EDGE('',*,*,#4817,.F.);
#4899 = ORIENTED_EDGE('',*,*,#4900,.F.);
#4900 = EDGE_CURVE('',#4840,#4810,#4901,.T.);
#4901 = CIRCLE('',#4902,1.25);
#4902 = AXIS2_PLACEMENT_3D('',#4903,#4904,#4905);
#4903 = CARTESIAN_POINT('',(140.00000034309,-105.05,1.55));
#4904 = DIRECTION('',(0.,0.,-1.));
#4905 = DIRECTION('',(-2.74473245554E-07,1.,-0.));
#4906 = ORIENTED_EDGE('',*,*,#4839,.F.);
#4907 = FACE_BOUND('',#4908,.T.);
#4908 = EDGE_LOOP('',(#4909));
#4909 = ORIENTED_EDGE('',*,*,#4910,.T.);
#4910 = EDGE_CURVE('',#4911,#4911,#4913,.T.);
#4911 = VERTEX_POINT('',#4912);
#4912 = CARTESIAN_POINT('',(139.,-105.775,1.55));
#4913 = CIRCLE('',#4914,0.725);
#4914 = AXIS2_PLACEMENT_3D('',#4915,#4916,#4917);
#4915 = CARTESIAN_POINT('',(139.,-105.05,1.55));
#4916 = DIRECTION('',(-0.,0.,-1.));
#4917 = DIRECTION('',(-0.,-1.,0.));
#4918 = PLANE('',#4919);
#4919 = AXIS2_PLACEMENT_3D('',#4920,#4921,#4922);
#4920 = CARTESIAN_POINT('',(0.,0.,1.55));
#4921 = DIRECTION('',(0.,0.,1.));
#4922 = DIRECTION('',(1.,0.,-0.));
#4923 = ADVANCED_FACE('',(#4924),#4930,.T.);
#4924 = FACE_BOUND('',#4925,.T.);
#4925 = EDGE_LOOP('',(#4926,#4927,#4928,#4929));
#4926 = ORIENTED_EDGE('',*,*,#4847,.T.);
#4927 = ORIENTED_EDGE('',*,*,#4900,.T.);
#4928 = ORIENTED_EDGE('',*,*,#4807,.F.);
#4929 = ORIENTED_EDGE('',*,*,#4871,.F.);
#4930 = CYLINDRICAL_SURFACE('',#4931,1.25);
#4931 = AXIS2_PLACEMENT_3D('',#4932,#4933,#4934);
#4932 = CARTESIAN_POINT('',(140.00000034309,-105.05,1.51));
#4933 = DIRECTION('',(0.,0.,-1.));
#4934 = DIRECTION('',(-2.74473245554E-07,1.,-0.));
#4935 = ADVANCED_FACE('',(#4936),#4947,.F.);
#4936 = FACE_BOUND('',#4937,.T.);
#4937 = EDGE_LOOP('',(#4938,#4939,#4945,#4946));
#4938 = ORIENTED_EDGE('',*,*,#4881,.T.);
#4939 = ORIENTED_EDGE('',*,*,#4940,.T.);
#4940 = EDGE_CURVE('',#4882,#4911,#4941,.T.);
#4941 = LINE('',#4942,#4943);
#4942 = CARTESIAN_POINT('',(139.,-105.775,-4.6E-02));
#4943 = VECTOR('',#4944,1.);
#4944 = DIRECTION('',(0.,0.,1.));
#4945 = ORIENTED_EDGE('',*,*,#4910,.F.);
#4946 = ORIENTED_EDGE('',*,*,#4940,.F.);
#4947 = CYLINDRICAL_SURFACE('',#4948,0.725);
#4948 = AXIS2_PLACEMENT_3D('',#4949,#4950,#4951);
#4949 = CARTESIAN_POINT('',(139.,-105.05,-4.6E-02));
#4950 = DIRECTION('',(-0.,-0.,-1.));
#4951 = DIRECTION('',(-0.,-1.,0.));
#4952 = MANIFOLD_SOLID_BREP('',#4953);
#4953 = CLOSED_SHELL('',(#4954,#4996,#5027,#5058,#5087,#5116,#5128));
#4954 = ADVANCED_FACE('',(#4955),#4991,.T.);
#4955 = FACE_BOUND('',#4956,.F.);
#4956 = EDGE_LOOP('',(#4957,#4967,#4976,#4984));
#4957 = ORIENTED_EDGE('',*,*,#4958,.T.);
#4958 = EDGE_CURVE('',#4959,#4961,#4963,.T.);
#4959 = VERTEX_POINT('',#4960);
#4960 = CARTESIAN_POINT('',(138.,-106.3,0.));
#4961 = VERTEX_POINT('',#4962);
#4962 = CARTESIAN_POINT('',(138.,-106.3,-4.E-02));
#4963 = LINE('',#4964,#4965);
#4964 = CARTESIAN_POINT('',(138.,-106.3,0.));
#4965 = VECTOR('',#4966,1.);
#4966 = DIRECTION('',(0.,0.,-1.));
#4967 = ORIENTED_EDGE('',*,*,#4968,.T.);
#4968 = EDGE_CURVE('',#4961,#4969,#4971,.T.);
#4969 = VERTEX_POINT('',#4970);
#4970 = CARTESIAN_POINT('',(138.,-103.8,-4.E-02));
#4971 = CIRCLE('',#4972,1.25);
#4972 = AXIS2_PLACEMENT_3D('',#4973,#4974,#4975);
#4973 = CARTESIAN_POINT('',(137.9999996569,-105.05,-4.E-02));
#4974 = DIRECTION('',(0.,0.,-1.));
#4975 = DIRECTION('',(2.74473245554E-07,-1.,0.));
#4976 = ORIENTED_EDGE('',*,*,#4977,.F.);
#4977 = EDGE_CURVE('',#4978,#4969,#4980,.T.);
#4978 = VERTEX_POINT('',#4979);
#4979 = CARTESIAN_POINT('',(138.,-103.8,0.));
#4980 = LINE('',#4981,#4982);
#4981 = CARTESIAN_POINT('',(138.,-103.8,0.));
#4982 = VECTOR('',#4983,1.);
#4983 = DIRECTION('',(0.,0.,-1.));
#4984 = ORIENTED_EDGE('',*,*,#4985,.F.);
#4985 = EDGE_CURVE('',#4959,#4978,#4986,.T.);
#4986 = CIRCLE('',#4987,1.25);
#4987 = AXIS2_PLACEMENT_3D('',#4988,#4989,#4990);
#4988 = CARTESIAN_POINT('',(137.9999996569,-105.05,0.));
#4989 = DIRECTION('',(0.,0.,-1.));
#4990 = DIRECTION('',(2.74473245554E-07,-1.,0.));
#4991 = CYLINDRICAL_SURFACE('',#4992,1.25);
#4992 = AXIS2_PLACEMENT_3D('',#4993,#4994,#4995);
#4993 = CARTESIAN_POINT('',(137.9999996569,-105.05,0.));
#4994 = DIRECTION('',(-0.,-0.,1.));
#4995 = DIRECTION('',(2.74473245554E-07,-1.,0.));
#4996 = ADVANCED_FACE('',(#4997),#5022,.F.);
#4997 = FACE_BOUND('',#4998,.F.);
#4998 = EDGE_LOOP('',(#4999,#5009,#5015,#5016));
#4999 = ORIENTED_EDGE('',*,*,#5000,.T.);
#5000 = EDGE_CURVE('',#5001,#5003,#5005,.T.);
#5001 = VERTEX_POINT('',#5002);
#5002 = CARTESIAN_POINT('',(140.,-106.3,0.));
#5003 = VERTEX_POINT('',#5004);
#5004 = CARTESIAN_POINT('',(140.,-106.3,-4.E-02));
#5005 = LINE('',#5006,#5007);
#5006 = CARTESIAN_POINT('',(140.,-106.3,0.));
#5007 = VECTOR('',#5008,1.);
#5008 = DIRECTION('',(0.,0.,-1.));
#5009 = ORIENTED_EDGE('',*,*,#5010,.T.);
#5010 = EDGE_CURVE('',#5003,#4961,#5011,.T.);
#5011 = LINE('',#5012,#5013);
#5012 = CARTESIAN_POINT('',(140.,-106.3,-4.E-02));
#5013 = VECTOR('',#5014,1.);
#5014 = DIRECTION('',(-1.,0.,0.));
#5015 = ORIENTED_EDGE('',*,*,#4958,.F.);
#5016 = ORIENTED_EDGE('',*,*,#5017,.F.);
#5017 = EDGE_CURVE('',#5001,#4959,#5018,.T.);
#5018 = LINE('',#5019,#5020);
#5019 = CARTESIAN_POINT('',(140.,-106.3,0.));
#5020 = VECTOR('',#5021,1.);
#5021 = DIRECTION('',(-1.,0.,0.));
#5022 = PLANE('',#5023);
#5023 = AXIS2_PLACEMENT_3D('',#5024,#5025,#5026);
#5024 = CARTESIAN_POINT('',(140.,-106.3,0.));
#5025 = DIRECTION('',(0.,1.,0.));
#5026 = DIRECTION('',(-1.,0.,0.));
#5027 = ADVANCED_FACE('',(#5028),#5053,.F.);
#5028 = FACE_BOUND('',#5029,.F.);
#5029 = EDGE_LOOP('',(#5030,#5031,#5039,#5047));
#5030 = ORIENTED_EDGE('',*,*,#4977,.T.);
#5031 = ORIENTED_EDGE('',*,*,#5032,.T.);
#5032 = EDGE_CURVE('',#4969,#5033,#5035,.T.);
#5033 = VERTEX_POINT('',#5034);
#5034 = CARTESIAN_POINT('',(140.,-103.8,-4.E-02));
#5035 = LINE('',#5036,#5037);
#5036 = CARTESIAN_POINT('',(138.,-103.8,-4.E-02));
#5037 = VECTOR('',#5038,1.);
#5038 = DIRECTION('',(1.,0.,0.));
#5039 = ORIENTED_EDGE('',*,*,#5040,.F.);
#5040 = EDGE_CURVE('',#5041,#5033,#5043,.T.);
#5041 = VERTEX_POINT('',#5042);
#5042 = CARTESIAN_POINT('',(140.,-103.8,0.));
#5043 = LINE('',#5044,#5045);
#5044 = CARTESIAN_POINT('',(140.,-103.8,0.));
#5045 = VECTOR('',#5046,1.);
#5046 = DIRECTION('',(0.,0.,-1.));
#5047 = ORIENTED_EDGE('',*,*,#5048,.F.);
#5048 = EDGE_CURVE('',#4978,#5041,#5049,.T.);
#5049 = LINE('',#5050,#5051);
#5050 = CARTESIAN_POINT('',(138.,-103.8,0.));
#5051 = VECTOR('',#5052,1.);
#5052 = DIRECTION('',(1.,0.,0.));
#5053 = PLANE('',#5054);
#5054 = AXIS2_PLACEMENT_3D('',#5055,#5056,#5057);
#5055 = CARTESIAN_POINT('',(138.,-103.8,0.));
#5056 = DIRECTION('',(0.,-1.,0.));
#5057 = DIRECTION('',(1.,0.,0.));
#5058 = ADVANCED_FACE('',(#5059,#5071),#5082,.F.);
#5059 = FACE_BOUND('',#5060,.F.);
#5060 = EDGE_LOOP('',(#5061,#5062,#5063,#5070));
#5061 = ORIENTED_EDGE('',*,*,#4985,.T.);
#5062 = ORIENTED_EDGE('',*,*,#5048,.T.);
#5063 = ORIENTED_EDGE('',*,*,#5064,.T.);
#5064 = EDGE_CURVE('',#5041,#5001,#5065,.T.);
#5065 = CIRCLE('',#5066,1.25);
#5066 = AXIS2_PLACEMENT_3D('',#5067,#5068,#5069);
#5067 = CARTESIAN_POINT('',(140.00000034309,-105.05,0.));
#5068 = DIRECTION('',(0.,0.,-1.));
#5069 = DIRECTION('',(-2.74473245554E-07,1.,-0.));
#5070 = ORIENTED_EDGE('',*,*,#5017,.T.);
#5071 = FACE_BOUND('',#5072,.F.);
#5072 = EDGE_LOOP('',(#5073));
#5073 = ORIENTED_EDGE('',*,*,#5074,.F.);
#5074 = EDGE_CURVE('',#5075,#5075,#5077,.T.);
#5075 = VERTEX_POINT('',#5076);
#5076 = CARTESIAN_POINT('',(139.,-105.775,0.));
#5077 = CIRCLE('',#5078,0.725);
#5078 = AXIS2_PLACEMENT_3D('',#5079,#5080,#5081);
#5079 = CARTESIAN_POINT('',(139.,-105.05,0.));
#5080 = DIRECTION('',(-0.,0.,-1.));
#5081 = DIRECTION('',(-0.,-1.,0.));
#5082 = PLANE('',#5083);
#5083 = AXIS2_PLACEMENT_3D('',#5084,#5085,#5086);
#5084 = CARTESIAN_POINT('',(0.,0.,0.));
#5085 = DIRECTION('',(-0.,-0.,-1.));
#5086 = DIRECTION('',(-1.,0.,0.));
#5087 = ADVANCED_FACE('',(#5088,#5100),#5111,.T.);
#5088 = FACE_BOUND('',#5089,.T.);
#5089 = EDGE_LOOP('',(#5090,#5091,#5092,#5099));
#5090 = ORIENTED_EDGE('',*,*,#4968,.T.);
#5091 = ORIENTED_EDGE('',*,*,#5032,.T.);
#5092 = ORIENTED_EDGE('',*,*,#5093,.T.);
#5093 = EDGE_CURVE('',#5033,#5003,#5094,.T.);
#5094 = CIRCLE('',#5095,1.25);
#5095 = AXIS2_PLACEMENT_3D('',#5096,#5097,#5098);
#5096 = CARTESIAN_POINT('',(140.00000034309,-105.05,-4.E-02));
#5097 = DIRECTION('',(0.,0.,-1.));
#5098 = DIRECTION('',(-2.74473245554E-07,1.,-0.));
#5099 = ORIENTED_EDGE('',*,*,#5010,.T.);
#5100 = FACE_BOUND('',#5101,.T.);
#5101 = EDGE_LOOP('',(#5102));
#5102 = ORIENTED_EDGE('',*,*,#5103,.F.);
#5103 = EDGE_CURVE('',#5104,#5104,#5106,.T.);
#5104 = VERTEX_POINT('',#5105);
#5105 = CARTESIAN_POINT('',(139.,-105.775,-4.E-02));
#5106 = CIRCLE('',#5107,0.725);
#5107 = AXIS2_PLACEMENT_3D('',#5108,#5109,#5110);
#5108 = CARTESIAN_POINT('',(139.,-105.05,-4.E-02));
#5109 = DIRECTION('',(-0.,0.,-1.));
#5110 = DIRECTION('',(-0.,-1.,0.));
#5111 = PLANE('',#5112);
#5112 = AXIS2_PLACEMENT_3D('',#5113,#5114,#5115);
#5113 = CARTESIAN_POINT('',(0.,0.,-4.E-02));
#5114 = DIRECTION('',(-0.,-0.,-1.));
#5115 = DIRECTION('',(-1.,0.,0.));
#5116 = ADVANCED_FACE('',(#5117),#5123,.T.);
#5117 = FACE_BOUND('',#5118,.F.);
#5118 = EDGE_LOOP('',(#5119,#5120,#5121,#5122));
#5119 = ORIENTED_EDGE('',*,*,#5040,.T.);
#5120 = ORIENTED_EDGE('',*,*,#5093,.T.);
#5121 = ORIENTED_EDGE('',*,*,#5000,.F.);
#5122 = ORIENTED_EDGE('',*,*,#5064,.F.);
#5123 = CYLINDRICAL_SURFACE('',#5124,1.25);
#5124 = AXIS2_PLACEMENT_3D('',#5125,#5126,#5127);
#5125 = CARTESIAN_POINT('',(140.00000034309,-105.05,0.));
#5126 = DIRECTION('',(-0.,-0.,1.));
#5127 = DIRECTION('',(-2.74473245554E-07,1.,-0.));
#5128 = ADVANCED_FACE('',(#5129),#5140,.F.);
#5129 = FACE_BOUND('',#5130,.T.);
#5130 = EDGE_LOOP('',(#5131,#5132,#5138,#5139));
#5131 = ORIENTED_EDGE('',*,*,#5103,.T.);
#5132 = ORIENTED_EDGE('',*,*,#5133,.T.);
#5133 = EDGE_CURVE('',#5104,#5075,#5134,.T.);
#5134 = LINE('',#5135,#5136);
#5135 = CARTESIAN_POINT('',(139.,-105.775,-4.6E-02));
#5136 = VECTOR('',#5137,1.);
#5137 = DIRECTION('',(0.,0.,1.));
#5138 = ORIENTED_EDGE('',*,*,#5074,.F.);
#5139 = ORIENTED_EDGE('',*,*,#5133,.F.);
#5140 = CYLINDRICAL_SURFACE('',#5141,0.725);
#5141 = AXIS2_PLACEMENT_3D('',#5142,#5143,#5144);
#5142 = CARTESIAN_POINT('',(139.,-105.05,-4.6E-02));
#5143 = DIRECTION('',(-0.,-0.,-1.));
#5144 = DIRECTION('',(-0.,-1.,0.));
#5145 = MANIFOLD_SOLID_BREP('',#5146);
#5146 = CLOSED_SHELL('',(#5147,#5180,#5200,#5220));
#5147 = ADVANCED_FACE('',(#5148),#5175,.T.);
#5148 = FACE_BOUND('',#5149,.F.);
#5149 = EDGE_LOOP('',(#5150,#5160,#5167,#5168));
#5150 = ORIENTED_EDGE('',*,*,#5151,.T.);
#5151 = EDGE_CURVE('',#5152,#5154,#5156,.T.);
#5152 = VERTEX_POINT('',#5153);
#5153 = CARTESIAN_POINT('',(139.,-105.8,-4.E-02));
#5154 = VERTEX_POINT('',#5155);
#5155 = CARTESIAN_POINT('',(139.,-105.8,1.55));
#5156 = LINE('',#5157,#5158);
#5157 = CARTESIAN_POINT('',(139.,-105.8,-4.E-02));
#5158 = VECTOR('',#5159,1.);
#5159 = DIRECTION('',(0.,0.,1.));
#5160 = ORIENTED_EDGE('',*,*,#5161,.T.);
#5161 = EDGE_CURVE('',#5154,#5154,#5162,.T.);
#5162 = CIRCLE('',#5163,0.75);
#5163 = AXIS2_PLACEMENT_3D('',#5164,#5165,#5166);
#5164 = CARTESIAN_POINT('',(139.,-105.05,1.55));
#5165 = DIRECTION('',(0.,0.,1.));
#5166 = DIRECTION('',(-0.,-1.,0.));
#5167 = ORIENTED_EDGE('',*,*,#5151,.F.);
#5168 = ORIENTED_EDGE('',*,*,#5169,.F.);
#5169 = EDGE_CURVE('',#5152,#5152,#5170,.T.);
#5170 = CIRCLE('',#5171,0.75);
#5171 = AXIS2_PLACEMENT_3D('',#5172,#5173,#5174);
#5172 = CARTESIAN_POINT('',(139.,-105.05,-4.E-02));
#5173 = DIRECTION('',(0.,0.,1.));
#5174 = DIRECTION('',(-0.,-1.,0.));
#5175 = CYLINDRICAL_SURFACE('',#5176,0.75);
#5176 = AXIS2_PLACEMENT_3D('',#5177,#5178,#5179);
#5177 = CARTESIAN_POINT('',(139.,-105.05,-4.E-02));
#5178 = DIRECTION('',(-0.,-0.,-1.));
#5179 = DIRECTION('',(-0.,-1.,0.));
#5180 = ADVANCED_FACE('',(#5181,#5184),#5195,.F.);
#5181 = FACE_BOUND('',#5182,.F.);
#5182 = EDGE_LOOP('',(#5183));
#5183 = ORIENTED_EDGE('',*,*,#5169,.T.);
#5184 = FACE_BOUND('',#5185,.F.);
#5185 = EDGE_LOOP('',(#5186));
#5186 = ORIENTED_EDGE('',*,*,#5187,.T.);
#5187 = EDGE_CURVE('',#5188,#5188,#5190,.T.);
#5188 = VERTEX_POINT('',#5189);
#5189 = CARTESIAN_POINT('',(139.,-105.775,-4.E-02));
#5190 = CIRCLE('',#5191,0.725);
#5191 = AXIS2_PLACEMENT_3D('',#5192,#5193,#5194);
#5192 = CARTESIAN_POINT('',(139.,-105.05,-4.E-02));
#5193 = DIRECTION('',(-0.,0.,-1.));
#5194 = DIRECTION('',(-0.,-1.,0.));
#5195 = PLANE('',#5196);
#5196 = AXIS2_PLACEMENT_3D('',#5197,#5198,#5199);
#5197 = CARTESIAN_POINT('',(139.,-105.8,-4.E-02));
#5198 = DIRECTION('',(0.,0.,1.));
#5199 = DIRECTION('',(1.,0.,-0.));
#5200 = ADVANCED_FACE('',(#5201,#5204),#5215,.T.);
#5201 = FACE_BOUND('',#5202,.T.);
#5202 = EDGE_LOOP('',(#5203));
#5203 = ORIENTED_EDGE('',*,*,#5161,.T.);
#5204 = FACE_BOUND('',#5205,.T.);
#5205 = EDGE_LOOP('',(#5206));
#5206 = ORIENTED_EDGE('',*,*,#5207,.T.);
#5207 = EDGE_CURVE('',#5208,#5208,#5210,.T.);
#5208 = VERTEX_POINT('',#5209);
#5209 = CARTESIAN_POINT('',(139.,-105.775,1.55));
#5210 = CIRCLE('',#5211,0.725);
#5211 = AXIS2_PLACEMENT_3D('',#5212,#5213,#5214);
#5212 = CARTESIAN_POINT('',(139.,-105.05,1.55));
#5213 = DIRECTION('',(-0.,0.,-1.));
#5214 = DIRECTION('',(-0.,-1.,0.));
#5215 = PLANE('',#5216);
#5216 = AXIS2_PLACEMENT_3D('',#5217,#5218,#5219);
#5217 = CARTESIAN_POINT('',(139.,-105.8,1.55));
#5218 = DIRECTION('',(0.,0.,1.));
#5219 = DIRECTION('',(1.,0.,-0.));
#5220 = ADVANCED_FACE('',(#5221),#5232,.F.);
#5221 = FACE_BOUND('',#5222,.T.);
#5222 = EDGE_LOOP('',(#5223,#5224,#5230,#5231));
#5223 = ORIENTED_EDGE('',*,*,#5187,.T.);
#5224 = ORIENTED_EDGE('',*,*,#5225,.T.);
#5225 = EDGE_CURVE('',#5188,#5208,#5226,.T.);
#5226 = LINE('',#5227,#5228);
#5227 = CARTESIAN_POINT('',(139.,-105.775,-4.6E-02));
#5228 = VECTOR('',#5229,1.);
#5229 = DIRECTION('',(0.,0.,1.));
#5230 = ORIENTED_EDGE('',*,*,#5207,.F.);
#5231 = ORIENTED_EDGE('',*,*,#5225,.F.);
#5232 = CYLINDRICAL_SURFACE('',#5233,0.725);
#5233 = AXIS2_PLACEMENT_3D('',#5234,#5235,#5236);
#5234 = CARTESIAN_POINT('',(139.,-105.05,-4.6E-02));
#5235 = DIRECTION('',(-0.,-0.,-1.));
#5236 = DIRECTION('',(-0.,-1.,0.));
#5237 = MANIFOLD_SOLID_BREP('',#5238);
#5238 = CLOSED_SHELL('',(#5239,#5281,#5312,#5343,#5372,#5401,#5413));
#5239 = ADVANCED_FACE('',(#5240),#5276,.T.);
#5240 = FACE_BOUND('',#5241,.T.);
#5241 = EDGE_LOOP('',(#5242,#5252,#5261,#5269));
#5242 = ORIENTED_EDGE('',*,*,#5243,.T.);
#5243 = EDGE_CURVE('',#5244,#5246,#5248,.T.);
#5244 = VERTEX_POINT('',#5245);
#5245 = CARTESIAN_POINT('',(153.,-111.7,1.51));
#5246 = VERTEX_POINT('',#5247);
#5247 = CARTESIAN_POINT('',(153.,-111.7,1.55));
#5248 = LINE('',#5249,#5250);
#5249 = CARTESIAN_POINT('',(153.,-111.7,1.51));
#5250 = VECTOR('',#5251,1.);
#5251 = DIRECTION('',(0.,0.,1.));
#5252 = ORIENTED_EDGE('',*,*,#5253,.T.);
#5253 = EDGE_CURVE('',#5246,#5254,#5256,.T.);
#5254 = VERTEX_POINT('',#5255);
#5255 = CARTESIAN_POINT('',(153.,-109.2,1.55));
#5256 = CIRCLE('',#5257,1.25);
#5257 = AXIS2_PLACEMENT_3D('',#5258,#5259,#5260);
#5258 = CARTESIAN_POINT('',(152.9999996569,-110.45,1.55));
#5259 = DIRECTION('',(0.,0.,-1.));
#5260 = DIRECTION('',(2.74473245554E-07,-1.,0.));
#5261 = ORIENTED_EDGE('',*,*,#5262,.F.);
#5262 = EDGE_CURVE('',#5263,#5254,#5265,.T.);
#5263 = VERTEX_POINT('',#5264);
#5264 = CARTESIAN_POINT('',(153.,-109.2,1.51));
#5265 = LINE('',#5266,#5267);
#5266 = CARTESIAN_POINT('',(153.,-109.2,1.51));
#5267 = VECTOR('',#5268,1.);
#5268 = DIRECTION('',(0.,0.,1.));
#5269 = ORIENTED_EDGE('',*,*,#5270,.F.);
#5270 = EDGE_CURVE('',#5244,#5263,#5271,.T.);
#5271 = CIRCLE('',#5272,1.25);
#5272 = AXIS2_PLACEMENT_3D('',#5273,#5274,#5275);
#5273 = CARTESIAN_POINT('',(152.9999996569,-110.45,1.51));
#5274 = DIRECTION('',(0.,0.,-1.));
#5275 = DIRECTION('',(2.74473245554E-07,-1.,0.));
#5276 = CYLINDRICAL_SURFACE('',#5277,1.25);
#5277 = AXIS2_PLACEMENT_3D('',#5278,#5279,#5280);
#5278 = CARTESIAN_POINT('',(152.9999996569,-110.45,1.51));
#5279 = DIRECTION('',(0.,0.,-1.));
#5280 = DIRECTION('',(2.74473245554E-07,-1.,0.));
#5281 = ADVANCED_FACE('',(#5282),#5307,.T.);
#5282 = FACE_BOUND('',#5283,.T.);
#5283 = EDGE_LOOP('',(#5284,#5294,#5300,#5301));
#5284 = ORIENTED_EDGE('',*,*,#5285,.T.);
#5285 = EDGE_CURVE('',#5286,#5288,#5290,.T.);
#5286 = VERTEX_POINT('',#5287);
#5287 = CARTESIAN_POINT('',(155.,-111.7,1.51));
#5288 = VERTEX_POINT('',#5289);
#5289 = CARTESIAN_POINT('',(155.,-111.7,1.55));
#5290 = LINE('',#5291,#5292);
#5291 = CARTESIAN_POINT('',(155.,-111.7,1.51));
#5292 = VECTOR('',#5293,1.);
#5293 = DIRECTION('',(0.,0.,1.));
#5294 = ORIENTED_EDGE('',*,*,#5295,.T.);
#5295 = EDGE_CURVE('',#5288,#5246,#5296,.T.);
#5296 = LINE('',#5297,#5298);
#5297 = CARTESIAN_POINT('',(155.,-111.7,1.55));
#5298 = VECTOR('',#5299,1.);
#5299 = DIRECTION('',(-1.,0.,0.));
#5300 = ORIENTED_EDGE('',*,*,#5243,.F.);
#5301 = ORIENTED_EDGE('',*,*,#5302,.F.);
#5302 = EDGE_CURVE('',#5286,#5244,#5303,.T.);
#5303 = LINE('',#5304,#5305);
#5304 = CARTESIAN_POINT('',(155.,-111.7,1.51));
#5305 = VECTOR('',#5306,1.);
#5306 = DIRECTION('',(-1.,0.,0.));
#5307 = PLANE('',#5308);
#5308 = AXIS2_PLACEMENT_3D('',#5309,#5310,#5311);
#5309 = CARTESIAN_POINT('',(155.,-111.7,1.51));
#5310 = DIRECTION('',(0.,-1.,0.));
#5311 = DIRECTION('',(-1.,0.,0.));
#5312 = ADVANCED_FACE('',(#5313),#5338,.T.);
#5313 = FACE_BOUND('',#5314,.T.);
#5314 = EDGE_LOOP('',(#5315,#5316,#5324,#5332));
#5315 = ORIENTED_EDGE('',*,*,#5262,.T.);
#5316 = ORIENTED_EDGE('',*,*,#5317,.T.);
#5317 = EDGE_CURVE('',#5254,#5318,#5320,.T.);
#5318 = VERTEX_POINT('',#5319);
#5319 = CARTESIAN_POINT('',(155.,-109.2,1.55));
#5320 = LINE('',#5321,#5322);
#5321 = CARTESIAN_POINT('',(153.,-109.2,1.55));
#5322 = VECTOR('',#5323,1.);
#5323 = DIRECTION('',(1.,0.,0.));
#5324 = ORIENTED_EDGE('',*,*,#5325,.F.);
#5325 = EDGE_CURVE('',#5326,#5318,#5328,.T.);
#5326 = VERTEX_POINT('',#5327);
#5327 = CARTESIAN_POINT('',(155.,-109.2,1.51));
#5328 = LINE('',#5329,#5330);
#5329 = CARTESIAN_POINT('',(155.,-109.2,1.51));
#5330 = VECTOR('',#5331,1.);
#5331 = DIRECTION('',(0.,0.,1.));
#5332 = ORIENTED_EDGE('',*,*,#5333,.F.);
#5333 = EDGE_CURVE('',#5263,#5326,#5334,.T.);
#5334 = LINE('',#5335,#5336);
#5335 = CARTESIAN_POINT('',(153.,-109.2,1.51));
#5336 = VECTOR('',#5337,1.);
#5337 = DIRECTION('',(1.,0.,0.));
#5338 = PLANE('',#5339);
#5339 = AXIS2_PLACEMENT_3D('',#5340,#5341,#5342);
#5340 = CARTESIAN_POINT('',(153.,-109.2,1.51));
#5341 = DIRECTION('',(0.,1.,0.));
#5342 = DIRECTION('',(1.,0.,0.));
#5343 = ADVANCED_FACE('',(#5344,#5356),#5367,.F.);
#5344 = FACE_BOUND('',#5345,.F.);
#5345 = EDGE_LOOP('',(#5346,#5347,#5348,#5355));
#5346 = ORIENTED_EDGE('',*,*,#5270,.F.);
#5347 = ORIENTED_EDGE('',*,*,#5302,.F.);
#5348 = ORIENTED_EDGE('',*,*,#5349,.F.);
#5349 = EDGE_CURVE('',#5326,#5286,#5350,.T.);
#5350 = CIRCLE('',#5351,1.25);
#5351 = AXIS2_PLACEMENT_3D('',#5352,#5353,#5354);
#5352 = CARTESIAN_POINT('',(155.00000034309,-110.45,1.51));
#5353 = DIRECTION('',(0.,0.,-1.));
#5354 = DIRECTION('',(-2.74473245554E-07,1.,-0.));
#5355 = ORIENTED_EDGE('',*,*,#5333,.F.);
#5356 = FACE_BOUND('',#5357,.F.);
#5357 = EDGE_LOOP('',(#5358));
#5358 = ORIENTED_EDGE('',*,*,#5359,.T.);
#5359 = EDGE_CURVE('',#5360,#5360,#5362,.T.);
#5360 = VERTEX_POINT('',#5361);
#5361 = CARTESIAN_POINT('',(154.,-111.175,1.51));
#5362 = CIRCLE('',#5363,0.725);
#5363 = AXIS2_PLACEMENT_3D('',#5364,#5365,#5366);
#5364 = CARTESIAN_POINT('',(154.,-110.45,1.51));
#5365 = DIRECTION('',(-0.,0.,-1.));
#5366 = DIRECTION('',(-0.,-1.,0.));
#5367 = PLANE('',#5368);
#5368 = AXIS2_PLACEMENT_3D('',#5369,#5370,#5371);
#5369 = CARTESIAN_POINT('',(0.,0.,1.51));
#5370 = DIRECTION('',(0.,0.,1.));
#5371 = DIRECTION('',(1.,0.,-0.));
#5372 = ADVANCED_FACE('',(#5373,#5385),#5396,.T.);
#5373 = FACE_BOUND('',#5374,.T.);
#5374 = EDGE_LOOP('',(#5375,#5376,#5377,#5384));
#5375 = ORIENTED_EDGE('',*,*,#5253,.F.);
#5376 = ORIENTED_EDGE('',*,*,#5295,.F.);
#5377 = ORIENTED_EDGE('',*,*,#5378,.F.);
#5378 = EDGE_CURVE('',#5318,#5288,#5379,.T.);
#5379 = CIRCLE('',#5380,1.25);
#5380 = AXIS2_PLACEMENT_3D('',#5381,#5382,#5383);
#5381 = CARTESIAN_POINT('',(155.00000034309,-110.45,1.55));
#5382 = DIRECTION('',(0.,0.,-1.));
#5383 = DIRECTION('',(-2.74473245554E-07,1.,-0.));
#5384 = ORIENTED_EDGE('',*,*,#5317,.F.);
#5385 = FACE_BOUND('',#5386,.T.);
#5386 = EDGE_LOOP('',(#5387));
#5387 = ORIENTED_EDGE('',*,*,#5388,.T.);
#5388 = EDGE_CURVE('',#5389,#5389,#5391,.T.);
#5389 = VERTEX_POINT('',#5390);
#5390 = CARTESIAN_POINT('',(154.,-111.175,1.55));
#5391 = CIRCLE('',#5392,0.725);
#5392 = AXIS2_PLACEMENT_3D('',#5393,#5394,#5395);
#5393 = CARTESIAN_POINT('',(154.,-110.45,1.55));
#5394 = DIRECTION('',(-0.,0.,-1.));
#5395 = DIRECTION('',(-0.,-1.,0.));
#5396 = PLANE('',#5397);
#5397 = AXIS2_PLACEMENT_3D('',#5398,#5399,#5400);
#5398 = CARTESIAN_POINT('',(0.,0.,1.55));
#5399 = DIRECTION('',(0.,0.,1.));
#5400 = DIRECTION('',(1.,0.,-0.));
#5401 = ADVANCED_FACE('',(#5402),#5408,.T.);
#5402 = FACE_BOUND('',#5403,.T.);
#5403 = EDGE_LOOP('',(#5404,#5405,#5406,#5407));
#5404 = ORIENTED_EDGE('',*,*,#5325,.T.);
#5405 = ORIENTED_EDGE('',*,*,#5378,.T.);
#5406 = ORIENTED_EDGE('',*,*,#5285,.F.);
#5407 = ORIENTED_EDGE('',*,*,#5349,.F.);
#5408 = CYLINDRICAL_SURFACE('',#5409,1.25);
#5409 = AXIS2_PLACEMENT_3D('',#5410,#5411,#5412);
#5410 = CARTESIAN_POINT('',(155.00000034309,-110.45,1.51));
#5411 = DIRECTION('',(0.,0.,-1.));
#5412 = DIRECTION('',(-2.74473245554E-07,1.,-0.));
#5413 = ADVANCED_FACE('',(#5414),#5425,.F.);
#5414 = FACE_BOUND('',#5415,.T.);
#5415 = EDGE_LOOP('',(#5416,#5417,#5423,#5424));
#5416 = ORIENTED_EDGE('',*,*,#5359,.T.);
#5417 = ORIENTED_EDGE('',*,*,#5418,.T.);
#5418 = EDGE_CURVE('',#5360,#5389,#5419,.T.);
#5419 = LINE('',#5420,#5421);
#5420 = CARTESIAN_POINT('',(154.,-111.175,-4.6E-02));
#5421 = VECTOR('',#5422,1.);
#5422 = DIRECTION('',(0.,0.,1.));
#5423 = ORIENTED_EDGE('',*,*,#5388,.F.);
#5424 = ORIENTED_EDGE('',*,*,#5418,.F.);
#5425 = CYLINDRICAL_SURFACE('',#5426,0.725);
#5426 = AXIS2_PLACEMENT_3D('',#5427,#5428,#5429);
#5427 = CARTESIAN_POINT('',(154.,-110.45,-4.6E-02));
#5428 = DIRECTION('',(-0.,-0.,-1.));
#5429 = DIRECTION('',(-0.,-1.,0.));
#5430 = MANIFOLD_SOLID_BREP('',#5431);
#5431 = CLOSED_SHELL('',(#5432,#5474,#5505,#5536,#5565,#5594,#5606));
#5432 = ADVANCED_FACE('',(#5433),#5469,.T.);
#5433 = FACE_BOUND('',#5434,.F.);
#5434 = EDGE_LOOP('',(#5435,#5445,#5454,#5462));
#5435 = ORIENTED_EDGE('',*,*,#5436,.T.);
#5436 = EDGE_CURVE('',#5437,#5439,#5441,.T.);
#5437 = VERTEX_POINT('',#5438);
#5438 = CARTESIAN_POINT('',(153.,-111.7,0.));
#5439 = VERTEX_POINT('',#5440);
#5440 = CARTESIAN_POINT('',(153.,-111.7,-4.E-02));
#5441 = LINE('',#5442,#5443);
#5442 = CARTESIAN_POINT('',(153.,-111.7,0.));
#5443 = VECTOR('',#5444,1.);
#5444 = DIRECTION('',(0.,0.,-1.));
#5445 = ORIENTED_EDGE('',*,*,#5446,.T.);
#5446 = EDGE_CURVE('',#5439,#5447,#5449,.T.);
#5447 = VERTEX_POINT('',#5448);
#5448 = CARTESIAN_POINT('',(153.,-109.2,-4.E-02));
#5449 = CIRCLE('',#5450,1.25);
#5450 = AXIS2_PLACEMENT_3D('',#5451,#5452,#5453);
#5451 = CARTESIAN_POINT('',(152.9999996569,-110.45,-4.E-02));
#5452 = DIRECTION('',(0.,0.,-1.));
#5453 = DIRECTION('',(2.74473245554E-07,-1.,0.));
#5454 = ORIENTED_EDGE('',*,*,#5455,.F.);
#5455 = EDGE_CURVE('',#5456,#5447,#5458,.T.);
#5456 = VERTEX_POINT('',#5457);
#5457 = CARTESIAN_POINT('',(153.,-109.2,0.));
#5458 = LINE('',#5459,#5460);
#5459 = CARTESIAN_POINT('',(153.,-109.2,0.));
#5460 = VECTOR('',#5461,1.);
#5461 = DIRECTION('',(0.,0.,-1.));
#5462 = ORIENTED_EDGE('',*,*,#5463,.F.);
#5463 = EDGE_CURVE('',#5437,#5456,#5464,.T.);
#5464 = CIRCLE('',#5465,1.25);
#5465 = AXIS2_PLACEMENT_3D('',#5466,#5467,#5468);
#5466 = CARTESIAN_POINT('',(152.9999996569,-110.45,0.));
#5467 = DIRECTION('',(0.,0.,-1.));
#5468 = DIRECTION('',(2.74473245554E-07,-1.,0.));
#5469 = CYLINDRICAL_SURFACE('',#5470,1.25);
#5470 = AXIS2_PLACEMENT_3D('',#5471,#5472,#5473);
#5471 = CARTESIAN_POINT('',(152.9999996569,-110.45,0.));
#5472 = DIRECTION('',(-0.,-0.,1.));
#5473 = DIRECTION('',(2.74473245554E-07,-1.,0.));
#5474 = ADVANCED_FACE('',(#5475),#5500,.F.);
#5475 = FACE_BOUND('',#5476,.F.);
#5476 = EDGE_LOOP('',(#5477,#5487,#5493,#5494));
#5477 = ORIENTED_EDGE('',*,*,#5478,.T.);
#5478 = EDGE_CURVE('',#5479,#5481,#5483,.T.);
#5479 = VERTEX_POINT('',#5480);
#5480 = CARTESIAN_POINT('',(155.,-111.7,0.));
#5481 = VERTEX_POINT('',#5482);
#5482 = CARTESIAN_POINT('',(155.,-111.7,-4.E-02));
#5483 = LINE('',#5484,#5485);
#5484 = CARTESIAN_POINT('',(155.,-111.7,0.));
#5485 = VECTOR('',#5486,1.);
#5486 = DIRECTION('',(0.,0.,-1.));
#5487 = ORIENTED_EDGE('',*,*,#5488,.T.);
#5488 = EDGE_CURVE('',#5481,#5439,#5489,.T.);
#5489 = LINE('',#5490,#5491);
#5490 = CARTESIAN_POINT('',(155.,-111.7,-4.E-02));
#5491 = VECTOR('',#5492,1.);
#5492 = DIRECTION('',(-1.,0.,0.));
#5493 = ORIENTED_EDGE('',*,*,#5436,.F.);
#5494 = ORIENTED_EDGE('',*,*,#5495,.F.);
#5495 = EDGE_CURVE('',#5479,#5437,#5496,.T.);
#5496 = LINE('',#5497,#5498);
#5497 = CARTESIAN_POINT('',(155.,-111.7,0.));
#5498 = VECTOR('',#5499,1.);
#5499 = DIRECTION('',(-1.,0.,0.));
#5500 = PLANE('',#5501);
#5501 = AXIS2_PLACEMENT_3D('',#5502,#5503,#5504);
#5502 = CARTESIAN_POINT('',(155.,-111.7,0.));
#5503 = DIRECTION('',(0.,1.,0.));
#5504 = DIRECTION('',(-1.,0.,0.));
#5505 = ADVANCED_FACE('',(#5506),#5531,.F.);
#5506 = FACE_BOUND('',#5507,.F.);
#5507 = EDGE_LOOP('',(#5508,#5509,#5517,#5525));
#5508 = ORIENTED_EDGE('',*,*,#5455,.T.);
#5509 = ORIENTED_EDGE('',*,*,#5510,.T.);
#5510 = EDGE_CURVE('',#5447,#5511,#5513,.T.);
#5511 = VERTEX_POINT('',#5512);
#5512 = CARTESIAN_POINT('',(155.,-109.2,-4.E-02));
#5513 = LINE('',#5514,#5515);
#5514 = CARTESIAN_POINT('',(153.,-109.2,-4.E-02));
#5515 = VECTOR('',#5516,1.);
#5516 = DIRECTION('',(1.,0.,0.));
#5517 = ORIENTED_EDGE('',*,*,#5518,.F.);
#5518 = EDGE_CURVE('',#5519,#5511,#5521,.T.);
#5519 = VERTEX_POINT('',#5520);
#5520 = CARTESIAN_POINT('',(155.,-109.2,0.));
#5521 = LINE('',#5522,#5523);
#5522 = CARTESIAN_POINT('',(155.,-109.2,0.));
#5523 = VECTOR('',#5524,1.);
#5524 = DIRECTION('',(0.,0.,-1.));
#5525 = ORIENTED_EDGE('',*,*,#5526,.F.);
#5526 = EDGE_CURVE('',#5456,#5519,#5527,.T.);
#5527 = LINE('',#5528,#5529);
#5528 = CARTESIAN_POINT('',(153.,-109.2,0.));
#5529 = VECTOR('',#5530,1.);
#5530 = DIRECTION('',(1.,0.,0.));
#5531 = PLANE('',#5532);
#5532 = AXIS2_PLACEMENT_3D('',#5533,#5534,#5535);
#5533 = CARTESIAN_POINT('',(153.,-109.2,0.));
#5534 = DIRECTION('',(0.,-1.,0.));
#5535 = DIRECTION('',(1.,0.,0.));
#5536 = ADVANCED_FACE('',(#5537,#5549),#5560,.F.);
#5537 = FACE_BOUND('',#5538,.F.);
#5538 = EDGE_LOOP('',(#5539,#5540,#5541,#5548));
#5539 = ORIENTED_EDGE('',*,*,#5463,.T.);
#5540 = ORIENTED_EDGE('',*,*,#5526,.T.);
#5541 = ORIENTED_EDGE('',*,*,#5542,.T.);
#5542 = EDGE_CURVE('',#5519,#5479,#5543,.T.);
#5543 = CIRCLE('',#5544,1.25);
#5544 = AXIS2_PLACEMENT_3D('',#5545,#5546,#5547);
#5545 = CARTESIAN_POINT('',(155.00000034309,-110.45,0.));
#5546 = DIRECTION('',(0.,0.,-1.));
#5547 = DIRECTION('',(-2.74473245554E-07,1.,-0.));
#5548 = ORIENTED_EDGE('',*,*,#5495,.T.);
#5549 = FACE_BOUND('',#5550,.F.);
#5550 = EDGE_LOOP('',(#5551));
#5551 = ORIENTED_EDGE('',*,*,#5552,.F.);
#5552 = EDGE_CURVE('',#5553,#5553,#5555,.T.);
#5553 = VERTEX_POINT('',#5554);
#5554 = CARTESIAN_POINT('',(154.,-111.175,0.));
#5555 = CIRCLE('',#5556,0.725);
#5556 = AXIS2_PLACEMENT_3D('',#5557,#5558,#5559);
#5557 = CARTESIAN_POINT('',(154.,-110.45,0.));
#5558 = DIRECTION('',(-0.,0.,-1.));
#5559 = DIRECTION('',(-0.,-1.,0.));
#5560 = PLANE('',#5561);
#5561 = AXIS2_PLACEMENT_3D('',#5562,#5563,#5564);
#5562 = CARTESIAN_POINT('',(0.,0.,0.));
#5563 = DIRECTION('',(-0.,-0.,-1.));
#5564 = DIRECTION('',(-1.,0.,0.));
#5565 = ADVANCED_FACE('',(#5566,#5578),#5589,.T.);
#5566 = FACE_BOUND('',#5567,.T.);
#5567 = EDGE_LOOP('',(#5568,#5569,#5570,#5577));
#5568 = ORIENTED_EDGE('',*,*,#5446,.T.);
#5569 = ORIENTED_EDGE('',*,*,#5510,.T.);
#5570 = ORIENTED_EDGE('',*,*,#5571,.T.);
#5571 = EDGE_CURVE('',#5511,#5481,#5572,.T.);
#5572 = CIRCLE('',#5573,1.25);
#5573 = AXIS2_PLACEMENT_3D('',#5574,#5575,#5576);
#5574 = CARTESIAN_POINT('',(155.00000034309,-110.45,-4.E-02));
#5575 = DIRECTION('',(0.,0.,-1.));
#5576 = DIRECTION('',(-2.74473245554E-07,1.,-0.));
#5577 = ORIENTED_EDGE('',*,*,#5488,.T.);
#5578 = FACE_BOUND('',#5579,.T.);
#5579 = EDGE_LOOP('',(#5580));
#5580 = ORIENTED_EDGE('',*,*,#5581,.F.);
#5581 = EDGE_CURVE('',#5582,#5582,#5584,.T.);
#5582 = VERTEX_POINT('',#5583);
#5583 = CARTESIAN_POINT('',(154.,-111.175,-4.E-02));
#5584 = CIRCLE('',#5585,0.725);
#5585 = AXIS2_PLACEMENT_3D('',#5586,#5587,#5588);
#5586 = CARTESIAN_POINT('',(154.,-110.45,-4.E-02));
#5587 = DIRECTION('',(-0.,0.,-1.));
#5588 = DIRECTION('',(-0.,-1.,0.));
#5589 = PLANE('',#5590);
#5590 = AXIS2_PLACEMENT_3D('',#5591,#5592,#5593);
#5591 = CARTESIAN_POINT('',(0.,0.,-4.E-02));
#5592 = DIRECTION('',(-0.,-0.,-1.));
#5593 = DIRECTION('',(-1.,0.,0.));
#5594 = ADVANCED_FACE('',(#5595),#5601,.T.);
#5595 = FACE_BOUND('',#5596,.F.);
#5596 = EDGE_LOOP('',(#5597,#5598,#5599,#5600));
#5597 = ORIENTED_EDGE('',*,*,#5518,.T.);
#5598 = ORIENTED_EDGE('',*,*,#5571,.T.);
#5599 = ORIENTED_EDGE('',*,*,#5478,.F.);
#5600 = ORIENTED_EDGE('',*,*,#5542,.F.);
#5601 = CYLINDRICAL_SURFACE('',#5602,1.25);
#5602 = AXIS2_PLACEMENT_3D('',#5603,#5604,#5605);
#5603 = CARTESIAN_POINT('',(155.00000034309,-110.45,0.));
#5604 = DIRECTION('',(-0.,-0.,1.));
#5605 = DIRECTION('',(-2.74473245554E-07,1.,-0.));
#5606 = ADVANCED_FACE('',(#5607),#5618,.F.);
#5607 = FACE_BOUND('',#5608,.T.);
#5608 = EDGE_LOOP('',(#5609,#5610,#5616,#5617));
#5609 = ORIENTED_EDGE('',*,*,#5581,.T.);
#5610 = ORIENTED_EDGE('',*,*,#5611,.T.);
#5611 = EDGE_CURVE('',#5582,#5553,#5612,.T.);
#5612 = LINE('',#5613,#5614);
#5613 = CARTESIAN_POINT('',(154.,-111.175,-4.6E-02));
#5614 = VECTOR('',#5615,1.);
#5615 = DIRECTION('',(0.,0.,1.));
#5616 = ORIENTED_EDGE('',*,*,#5552,.F.);
#5617 = ORIENTED_EDGE('',*,*,#5611,.F.);
#5618 = CYLINDRICAL_SURFACE('',#5619,0.725);
#5619 = AXIS2_PLACEMENT_3D('',#5620,#5621,#5622);
#5620 = CARTESIAN_POINT('',(154.,-110.45,-4.6E-02));
#5621 = DIRECTION('',(-0.,-0.,-1.));
#5622 = DIRECTION('',(-0.,-1.,0.));
#5623 = MANIFOLD_SOLID_BREP('',#5624);
#5624 = CLOSED_SHELL('',(#5625,#5658,#5678,#5698));
#5625 = ADVANCED_FACE('',(#5626),#5653,.T.);
#5626 = FACE_BOUND('',#5627,.F.);
#5627 = EDGE_LOOP('',(#5628,#5638,#5645,#5646));
#5628 = ORIENTED_EDGE('',*,*,#5629,.T.);
#5629 = EDGE_CURVE('',#5630,#5632,#5634,.T.);
#5630 = VERTEX_POINT('',#5631);
#5631 = CARTESIAN_POINT('',(154.,-111.2,-4.E-02));
#5632 = VERTEX_POINT('',#5633);
#5633 = CARTESIAN_POINT('',(154.,-111.2,1.55));
#5634 = LINE('',#5635,#5636);
#5635 = CARTESIAN_POINT('',(154.,-111.2,-4.E-02));
#5636 = VECTOR('',#5637,1.);
#5637 = DIRECTION('',(0.,0.,1.));
#5638 = ORIENTED_EDGE('',*,*,#5639,.T.);
#5639 = EDGE_CURVE('',#5632,#5632,#5640,.T.);
#5640 = CIRCLE('',#5641,0.75);
#5641 = AXIS2_PLACEMENT_3D('',#5642,#5643,#5644);
#5642 = CARTESIAN_POINT('',(154.,-110.45,1.55));
#5643 = DIRECTION('',(0.,0.,1.));
#5644 = DIRECTION('',(-0.,-1.,0.));
#5645 = ORIENTED_EDGE('',*,*,#5629,.F.);
#5646 = ORIENTED_EDGE('',*,*,#5647,.F.);
#5647 = EDGE_CURVE('',#5630,#5630,#5648,.T.);
#5648 = CIRCLE('',#5649,0.75);
#5649 = AXIS2_PLACEMENT_3D('',#5650,#5651,#5652);
#5650 = CARTESIAN_POINT('',(154.,-110.45,-4.E-02));
#5651 = DIRECTION('',(0.,0.,1.));
#5652 = DIRECTION('',(-0.,-1.,0.));
#5653 = CYLINDRICAL_SURFACE('',#5654,0.75);
#5654 = AXIS2_PLACEMENT_3D('',#5655,#5656,#5657);
#5655 = CARTESIAN_POINT('',(154.,-110.45,-4.E-02));
#5656 = DIRECTION('',(-0.,-0.,-1.));
#5657 = DIRECTION('',(-0.,-1.,0.));
#5658 = ADVANCED_FACE('',(#5659,#5662),#5673,.F.);
#5659 = FACE_BOUND('',#5660,.F.);
#5660 = EDGE_LOOP('',(#5661));
#5661 = ORIENTED_EDGE('',*,*,#5647,.T.);
#5662 = FACE_BOUND('',#5663,.F.);
#5663 = EDGE_LOOP('',(#5664));
#5664 = ORIENTED_EDGE('',*,*,#5665,.T.);
#5665 = EDGE_CURVE('',#5666,#5666,#5668,.T.);
#5666 = VERTEX_POINT('',#5667);
#5667 = CARTESIAN_POINT('',(154.,-111.175,-4.E-02));
#5668 = CIRCLE('',#5669,0.725);
#5669 = AXIS2_PLACEMENT_3D('',#5670,#5671,#5672);
#5670 = CARTESIAN_POINT('',(154.,-110.45,-4.E-02));
#5671 = DIRECTION('',(-0.,0.,-1.));
#5672 = DIRECTION('',(-0.,-1.,0.));
#5673 = PLANE('',#5674);
#5674 = AXIS2_PLACEMENT_3D('',#5675,#5676,#5677);
#5675 = CARTESIAN_POINT('',(154.,-111.2,-4.E-02));
#5676 = DIRECTION('',(0.,0.,1.));
#5677 = DIRECTION('',(1.,0.,-0.));
#5678 = ADVANCED_FACE('',(#5679,#5682),#5693,.T.);
#5679 = FACE_BOUND('',#5680,.T.);
#5680 = EDGE_LOOP('',(#5681));
#5681 = ORIENTED_EDGE('',*,*,#5639,.T.);
#5682 = FACE_BOUND('',#5683,.T.);
#5683 = EDGE_LOOP('',(#5684));
#5684 = ORIENTED_EDGE('',*,*,#5685,.T.);
#5685 = EDGE_CURVE('',#5686,#5686,#5688,.T.);
#5686 = VERTEX_POINT('',#5687);
#5687 = CARTESIAN_POINT('',(154.,-111.175,1.55));
#5688 = CIRCLE('',#5689,0.725);
#5689 = AXIS2_PLACEMENT_3D('',#5690,#5691,#5692);
#5690 = CARTESIAN_POINT('',(154.,-110.45,1.55));
#5691 = DIRECTION('',(-0.,0.,-1.));
#5692 = DIRECTION('',(-0.,-1.,0.));
#5693 = PLANE('',#5694);
#5694 = AXIS2_PLACEMENT_3D('',#5695,#5696,#5697);
#5695 = CARTESIAN_POINT('',(154.,-111.2,1.55));
#5696 = DIRECTION('',(0.,0.,1.));
#5697 = DIRECTION('',(1.,0.,-0.));
#5698 = ADVANCED_FACE('',(#5699),#5710,.F.);
#5699 = FACE_BOUND('',#5700,.T.);
#5700 = EDGE_LOOP('',(#5701,#5702,#5708,#5709));
#5701 = ORIENTED_EDGE('',*,*,#5665,.T.);
#5702 = ORIENTED_EDGE('',*,*,#5703,.T.);
#5703 = EDGE_CURVE('',#5666,#5686,#5704,.T.);
#5704 = LINE('',#5705,#5706);
#5705 = CARTESIAN_POINT('',(154.,-111.175,-4.6E-02));
#5706 = VECTOR('',#5707,1.);
#5707 = DIRECTION('',(0.,0.,1.));
#5708 = ORIENTED_EDGE('',*,*,#5685,.F.);
#5709 = ORIENTED_EDGE('',*,*,#5703,.F.);
#5710 = CYLINDRICAL_SURFACE('',#5711,0.725);
#5711 = AXIS2_PLACEMENT_3D('',#5712,#5713,#5714);
#5712 = CARTESIAN_POINT('',(154.,-110.45,-4.6E-02));
#5713 = DIRECTION('',(-0.,-0.,-1.));
#5714 = DIRECTION('',(-0.,-1.,0.));
#5715 = ( GEOMETRIC_REPRESENTATION_CONTEXT(3) 
GLOBAL_UNCERTAINTY_ASSIGNED_CONTEXT((#5719)) 
GLOBAL_UNIT_ASSIGNED_CONTEXT((#5716,#5717,#5718)) REPRESENTATION_CONTEXT
('Context #1','3D Context with UNIT and UNCERTAINTY') );
#5716 = ( LENGTH_UNIT() NAMED_UNIT(*) SI_UNIT(.MILLI.,.METRE.) );
#5717 = ( NAMED_UNIT(*) PLANE_ANGLE_UNIT() SI_UNIT($,.RADIAN.) );
#5718 = ( NAMED_UNIT(*) SI_UNIT($,.STERADIAN.) SOLID_ANGLE_UNIT() );
#5719 = UNCERTAINTY_MEASURE_WITH_UNIT(LENGTH_MEASURE(1.E-07),#5716,
  'distance_accuracy_value','confusion accuracy');
#5720 = CONTEXT_DEPENDENT_SHAPE_REPRESENTATION(#5721,#5723);
#5721 = ( REPRESENTATION_RELATIONSHIP('','',#638,#10) 
REPRESENTATION_RELATIONSHIP_WITH_TRANSFORMATION(#5722) 
SHAPE_REPRESENTATION_RELATIONSHIP() );
#5722 = ITEM_DEFINED_TRANSFORMATION('','',#11,#31);
#5723 = PRODUCT_DEFINITION_SHAPE('Placement','Placement of an item',
  #5724);
#5724 = NEXT_ASSEMBLY_USAGE_OCCURRENCE('5','=>[0:1:1:3]','',#5,#633,$);
#5725 = PRODUCT_RELATED_PRODUCT_CATEGORY('part',$,(#635));
#5726 = SHAPE_DEFINITION_REPRESENTATION(#5727,#5733);
#5727 = PRODUCT_DEFINITION_SHAPE('','',#5728);
#5728 = PRODUCT_DEFINITION('design','',#5729,#5732);
#5729 = PRODUCT_DEFINITION_FORMATION('','',#5730);
#5730 = PRODUCT('Capacitor_DC_Link_silkscreen',
  'Capacitor_DC_Link_silkscreen','',(#5731));
#5731 = PRODUCT_CONTEXT('',#2,'mechanical');
#5732 = PRODUCT_DEFINITION_CONTEXT('part definition',#2,'design');
#5733 = SHAPE_REPRESENTATION('',(#11,#5734,#5812,#6052,#6130,#6361,#6473
    ,#6598,#6819,#6920,#7103,#7281,#7432,#7533,#7611,#7745,#7857,#7990,
    #8165,#8266,#8392),#8570);
#5734 = SHELL_BASED_SURFACE_MODEL('',(#5735));
#5735 = OPEN_SHELL('',(#5736));
#5736 = ADVANCED_FACE('',(#5737),#5807,.T.);
#5737 = FACE_BOUND('',#5738,.F.);
#5738 = EDGE_LOOP('',(#5739,#5750,#5758,#5767,#5775,#5784,#5792,#5801));
#5739 = ORIENTED_EDGE('',*,*,#5740,.T.);
#5740 = EDGE_CURVE('',#5741,#5743,#5745,.T.);
#5741 = VERTEX_POINT('',#5742);
#5742 = CARTESIAN_POINT('',(130.457419,-110.883333,1.585));
#5743 = VERTEX_POINT('',#5744);
#5744 = CARTESIAN_POINT('',(130.457419,-110.783333,1.585));
#5745 = CIRCLE('',#5746,5.000000000002E-02);
#5746 = AXIS2_PLACEMENT_3D('',#5747,#5748,#5749);
#5747 = CARTESIAN_POINT('',(130.45741904771,-110.833333,1.585));
#5748 = DIRECTION('',(0.,0.,-1.));
#5749 = DIRECTION('',(-9.542367251921E-07,-1.,-0.));
#5750 = ORIENTED_EDGE('',*,*,#5751,.T.);
#5751 = EDGE_CURVE('',#5743,#5752,#5754,.T.);
#5752 = VERTEX_POINT('',#5753);
#5753 = CARTESIAN_POINT('',(131.179566,-110.784896,1.585));
#5754 = LINE('',#5755,#5756);
#5755 = CARTESIAN_POINT('',(130.457419,-110.783333,1.585));
#5756 = VECTOR('',#5757,1.);
#5757 = DIRECTION('',(0.999997657739,-2.164374205046E-03,0.));
#5758 = ORIENTED_EDGE('',*,*,#5759,.T.);
#5759 = EDGE_CURVE('',#5752,#5760,#5762,.T.);
#5760 = VERTEX_POINT('',#5761);
#5761 = CARTESIAN_POINT('',(131.507419,-111.119047,1.585));
#5762 = CIRCLE('',#5763,0.360415043145);
#5763 = AXIS2_PLACEMENT_3D('',#5764,#5765,#5766);
#5764 = CARTESIAN_POINT('',(131.14786283408,-111.1439139836,1.585));
#5765 = DIRECTION('',(0.,0.,-1.));
#5766 = DIRECTION('',(8.796293750515E-02,0.996123748149,0.));
#5767 = ORIENTED_EDGE('',*,*,#5768,.T.);
#5768 = EDGE_CURVE('',#5760,#5769,#5771,.T.);
#5769 = VERTEX_POINT('',#5770);
#5770 = CARTESIAN_POINT('',(131.507419,-111.214285,1.585));
#5771 = LINE('',#5772,#5773);
#5772 = CARTESIAN_POINT('',(131.507419,-111.119047,1.585));
#5773 = VECTOR('',#5774,1.);
#5774 = DIRECTION('',(0.,-1.,0.));
#5775 = ORIENTED_EDGE('',*,*,#5776,.T.);
#5776 = EDGE_CURVE('',#5769,#5777,#5779,.T.);
#5777 = VERTEX_POINT('',#5778);
#5778 = CARTESIAN_POINT('',(131.407419,-111.214285,1.585));
#5779 = CIRCLE('',#5780,5.000000000003E-02);
#5780 = AXIS2_PLACEMENT_3D('',#5781,#5782,#5783);
#5781 = CARTESIAN_POINT('',(131.457419,-111.2142849522,1.585));
#5782 = DIRECTION('',(-0.,0.,-1.));
#5783 = DIRECTION('',(1.,-9.542367251918E-07,-0.));
#5784 = ORIENTED_EDGE('',*,*,#5785,.T.);
#5785 = EDGE_CURVE('',#5777,#5786,#5788,.T.);
#5786 = VERTEX_POINT('',#5787);
#5787 = CARTESIAN_POINT('',(131.407419,-111.12716,1.585));
#5788 = LINE('',#5789,#5790);
#5789 = CARTESIAN_POINT('',(131.407419,-111.214285,1.585));
#5790 = VECTOR('',#5791,1.);
#5791 = DIRECTION('',(0.,1.,0.));
#5792 = ORIENTED_EDGE('',*,*,#5793,.T.);
#5793 = EDGE_CURVE('',#5786,#5794,#5796,.T.);
#5794 = VERTEX_POINT('',#5795);
#5795 = CARTESIAN_POINT('',(131.163591,-110.883333,1.585));
#5796 = CIRCLE('',#5797,0.26309963303);
#5797 = AXIS2_PLACEMENT_3D('',#5798,#5799,#5800);
#5798 = CARTESIAN_POINT('',(131.1449786145,-111.1457734618,1.585));
#5799 = DIRECTION('',(0.,0.,1.));
#5800 = DIRECTION('',(0.997494304623,7.074681791639E-02,-0.));
#5801 = ORIENTED_EDGE('',*,*,#5802,.T.);
#5802 = EDGE_CURVE('',#5794,#5741,#5803,.T.);
#5803 = LINE('',#5804,#5805);
#5804 = CARTESIAN_POINT('',(131.163591,-110.883333,1.585));
#5805 = VECTOR('',#5806,1.);
#5806 = DIRECTION('',(-1.,0.,0.));
#5807 = PLANE('',#5808);
#5808 = AXIS2_PLACEMENT_3D('',#5809,#5810,#5811);
#5809 = CARTESIAN_POINT('',(0.,0.,1.585));
#5810 = DIRECTION('',(0.,0.,1.));
#5811 = DIRECTION('',(1.,0.,-0.));
#5812 = SHELL_BASED_SURFACE_MODEL('',(#5813));
#5813 = OPEN_SHELL('',(#5814));
#5814 = ADVANCED_FACE('',(#5815),#6047,.T.);
#5815 = FACE_BOUND('',#5816,.F.);
#5816 = EDGE_LOOP('',(#5817,#5827,#5835,#5843,#5851,#5859,#5868,#5876,
    #5885,#5893,#5902,#5910,#5919,#5927,#5936,#5944,#5952,#5960,#5968,
    #5976,#5984,#5992,#6001,#6009,#6017,#6025,#6033,#6041));
#5817 = ORIENTED_EDGE('',*,*,#5818,.T.);
#5818 = EDGE_CURVE('',#5819,#5821,#5823,.T.);
#5819 = VERTEX_POINT('',#5820);
#5820 = CARTESIAN_POINT('',(130.911248,-109.836231,1.585));
#5821 = VERTEX_POINT('',#5822);
#5822 = CARTESIAN_POINT('',(131.017574,-109.785575,1.585));
#5823 = LINE('',#5824,#5825);
#5824 = CARTESIAN_POINT('',(130.911248,-109.836231,1.585));
#5825 = VECTOR('',#5826,1.);
#5826 = DIRECTION('',(0.902779519658,0.430103637378,0.));
#5827 = ORIENTED_EDGE('',*,*,#5828,.T.);
#5828 = EDGE_CURVE('',#5821,#5829,#5831,.T.);
#5829 = VERTEX_POINT('',#5830);
#5830 = CARTESIAN_POINT('',(131.269398,-109.783821,1.585));
#5831 = LINE('',#5832,#5833);
#5832 = CARTESIAN_POINT('',(131.017574,-109.785575,1.585));
#5833 = VECTOR('',#5834,1.);
#5834 = DIRECTION('',(0.999975744002,6.96501308442E-03,0.));
#5835 = ORIENTED_EDGE('',*,*,#5836,.T.);
#5836 = EDGE_CURVE('',#5829,#5837,#5839,.T.);
#5837 = VERTEX_POINT('',#5838);
#5838 = CARTESIAN_POINT('',(131.289303,-109.788612,1.585));
#5839 = LINE('',#5840,#5841);
#5840 = CARTESIAN_POINT('',(131.269398,-109.783821,1.585));
#5841 = VECTOR('',#5842,1.);
#5842 = DIRECTION('',(0.972234133225,-0.234010235231,0.));
#5843 = ORIENTED_EDGE('',*,*,#5844,.T.);
#5844 = EDGE_CURVE('',#5837,#5845,#5847,.T.);
#5845 = VERTEX_POINT('',#5846);
#5846 = CARTESIAN_POINT('',(131.397535,-109.845596,1.585));
#5847 = LINE('',#5848,#5849);
#5848 = CARTESIAN_POINT('',(131.289303,-109.788612,1.585));
#5849 = VECTOR('',#5850,1.);
#5850 = DIRECTION('',(0.884851532383,-0.465873121825,0.));
#5851 = ORIENTED_EDGE('',*,*,#5852,.T.);
#5852 = EDGE_CURVE('',#5845,#5853,#5855,.T.);
#5853 = VERTEX_POINT('',#5854);
#5854 = CARTESIAN_POINT('',(131.454521,-109.90621,1.585));
#5855 = LINE('',#5856,#5857);
#5856 = CARTESIAN_POINT('',(131.397535,-109.845596,1.585));
#5857 = VECTOR('',#5858,1.);
#5858 = DIRECTION('',(0.684966417831,-0.72857464027,0.));
#5859 = ORIENTED_EDGE('',*,*,#5860,.T.);
#5860 = EDGE_CURVE('',#5853,#5861,#5863,.T.);
#5861 = VERTEX_POINT('',#5862);
#5862 = CARTESIAN_POINT('',(131.445155,-110.392498,1.585));
#5863 = CIRCLE('',#5864,0.429897320433);
#5864 = AXIS2_PLACEMENT_3D('',#5865,#5866,#5867);
#5865 = CARTESIAN_POINT('',(131.09540299893,-110.142527514,1.585));
#5866 = DIRECTION('',(0.,0.,-1.));
#5867 = DIRECTION('',(0.835357616797,0.549706878308,0.));
#5868 = ORIENTED_EDGE('',*,*,#5869,.T.);
#5869 = EDGE_CURVE('',#5861,#5870,#5872,.T.);
#5870 = VERTEX_POINT('',#5871);
#5871 = CARTESIAN_POINT('',(131.381314,-110.450955,1.585));
#5872 = LINE('',#5873,#5874);
#5873 = CARTESIAN_POINT('',(131.445155,-110.392498,1.585));
#5874 = VECTOR('',#5875,1.);
#5875 = DIRECTION('',(-0.737521835787,-0.675323286832,0.));
#5876 = ORIENTED_EDGE('',*,*,#5877,.T.);
#5877 = EDGE_CURVE('',#5870,#5878,#5880,.T.);
#5878 = VERTEX_POINT('',#5879);
#5879 = CARTESIAN_POINT('',(131.315986,-110.385626,1.585));
#5880 = CIRCLE('',#5881,4.999995592927E-02);
#5881 = AXIS2_PLACEMENT_3D('',#5882,#5883,#5884);
#5882 = CARTESIAN_POINT('',(131.3621795,-110.404761207,1.585));
#5883 = DIRECTION('',(0.,0.,-1.));
#5884 = DIRECTION('',(0.382690337309,-0.92387667236,0.));
#5885 = ORIENTED_EDGE('',*,*,#5886,.T.);
#5886 = EDGE_CURVE('',#5878,#5887,#5889,.T.);
#5887 = VERTEX_POINT('',#5888);
#5888 = CARTESIAN_POINT('',(131.368708,-110.327522,1.585));
#5889 = LINE('',#5890,#5891);
#5890 = CARTESIAN_POINT('',(131.315986,-110.385626,1.585));
#5891 = VECTOR('',#5892,1.);
#5892 = DIRECTION('',(0.671975926216,0.740572990722,0.));
#5893 = ORIENTED_EDGE('',*,*,#5894,.T.);
#5894 = EDGE_CURVE('',#5887,#5895,#5897,.T.);
#5895 = VERTEX_POINT('',#5896);
#5896 = CARTESIAN_POINT('',(131.368708,-109.95819,1.585));
#5897 = CIRCLE('',#5898,0.329222549389);
#5898 = AXIS2_PLACEMENT_3D('',#5899,#5900,#5901);
#5899 = CARTESIAN_POINT('',(131.0961535,-110.142856,1.585));
#5900 = DIRECTION('',(0.,-0.,1.));
#5901 = DIRECTION('',(0.827873122621,-0.560915406137,-0.));
#5902 = ORIENTED_EDGE('',*,*,#5903,.T.);
#5903 = EDGE_CURVE('',#5895,#5904,#5906,.T.);
#5904 = VERTEX_POINT('',#5905);
#5905 = CARTESIAN_POINT('',(131.332561,-109.922044,1.585));
#5906 = LINE('',#5907,#5908);
#5907 = CARTESIAN_POINT('',(131.368708,-109.95819,1.585));
#5908 = VECTOR('',#5909,1.);
#5909 = DIRECTION('',(-0.707116562243,0.707096999995,0.));
#5910 = ORIENTED_EDGE('',*,*,#5911,.T.);
#5911 = EDGE_CURVE('',#5904,#5912,#5914,.T.);
#5912 = VERTEX_POINT('',#5913);
#5913 = CARTESIAN_POINT('',(130.963227,-109.922044,1.585));
#5914 = CIRCLE('',#5915,0.329224766051);
#5915 = AXIS2_PLACEMENT_3D('',#5916,#5917,#5918);
#5916 = CARTESIAN_POINT('',(131.147894,-110.1946005,1.585));
#5917 = DIRECTION('',(0.,0.,1.));
#5918 = DIRECTION('',(0.560914666947,0.82787362345,-0.));
#5919 = ORIENTED_EDGE('',*,*,#5920,.T.);
#5920 = EDGE_CURVE('',#5912,#5921,#5923,.T.);
#5921 = VERTEX_POINT('',#5922);
#5922 = CARTESIAN_POINT('',(130.927082,-109.958188,1.585));
#5923 = LINE('',#5924,#5925);
#5924 = CARTESIAN_POINT('',(130.963227,-109.922044,1.585));
#5925 = VECTOR('',#5926,1.);
#5926 = DIRECTION('',(-0.707116562784,-0.707096999454,0.));
#5927 = ORIENTED_EDGE('',*,*,#5928,.T.);
#5928 = EDGE_CURVE('',#5921,#5929,#5931,.T.);
#5929 = VERTEX_POINT('',#5930);
#5930 = CARTESIAN_POINT('',(130.927082,-110.327524,1.585));
#5931 = CIRCLE('',#5932,0.329231569814);
#5932 = AXIS2_PLACEMENT_3D('',#5933,#5934,#5935);
#5933 = CARTESIAN_POINT('',(131.1996460408,-110.142856,1.585));
#5934 = DIRECTION('',(0.,0.,1.));
#5935 = DIRECTION('',(-0.827879419206,0.560906112692,0.));
#5936 = ORIENTED_EDGE('',*,*,#5937,.T.);
#5937 = EDGE_CURVE('',#5929,#5938,#5940,.T.);
#5938 = VERTEX_POINT('',#5939);
#5939 = CARTESIAN_POINT('',(130.979803,-110.385626,1.585));
#5940 = LINE('',#5941,#5942);
#5941 = CARTESIAN_POINT('',(130.927082,-110.327524,1.585));
#5942 = VECTOR('',#5943,1.);
#5943 = DIRECTION('',(0.671981621694,-0.740567822759,0.));
#5944 = ORIENTED_EDGE('',*,*,#5945,.T.);
#5945 = EDGE_CURVE('',#5938,#5946,#5948,.T.);
#5946 = VERTEX_POINT('',#5947);
#5947 = CARTESIAN_POINT('',(130.97767,-110.428397,1.585));
#5948 = LINE('',#5949,#5950);
#5949 = CARTESIAN_POINT('',(130.979803,-110.385626,1.585));
#5950 = VECTOR('',#5951,1.);
#5951 = DIRECTION('',(-4.980833995794E-02,-0.99875879434,0.));
#5952 = ORIENTED_EDGE('',*,*,#5953,.T.);
#5953 = EDGE_CURVE('',#5946,#5954,#5956,.T.);
#5954 = VERTEX_POINT('',#5955);
#5955 = CARTESIAN_POINT('',(130.948052,-110.45263,1.585));
#5956 = LINE('',#5957,#5958);
#5957 = CARTESIAN_POINT('',(130.97767,-110.428397,1.585));
#5958 = VECTOR('',#5959,1.);
#5959 = DIRECTION('',(-0.773956134937,-0.633239213246,0.));
#5960 = ORIENTED_EDGE('',*,*,#5961,.T.);
#5961 = EDGE_CURVE('',#5954,#5962,#5964,.T.);
#5962 = VERTEX_POINT('',#5963);
#5963 = CARTESIAN_POINT('',(130.928634,-110.454513,1.585));
#5964 = LINE('',#5965,#5966);
#5965 = CARTESIAN_POINT('',(130.948052,-110.45263,1.585));
#5966 = VECTOR('',#5967,1.);
#5967 = DIRECTION('',(-0.995331129346,-9.651913258649E-02,0.));
#5968 = ORIENTED_EDGE('',*,*,#5969,.T.);
#5969 = EDGE_CURVE('',#5962,#5970,#5972,.T.);
#5970 = VERTEX_POINT('',#5971);
#5971 = CARTESIAN_POINT('',(130.438285,-110.403336,1.585));
#5972 = LINE('',#5973,#5974);
#5973 = CARTESIAN_POINT('',(130.928634,-110.454513,1.585));
#5974 = VECTOR('',#5975,1.);
#5975 = DIRECTION('',(-0.994597700623,0.103804691199,0.));
#5976 = ORIENTED_EDGE('',*,*,#5977,.T.);
#5977 = EDGE_CURVE('',#5970,#5978,#5980,.T.);
#5978 = VERTEX_POINT('',#5979);
#5979 = CARTESIAN_POINT('',(130.40955,-110.371585,1.585));
#5980 = LINE('',#5981,#5982);
#5981 = CARTESIAN_POINT('',(130.438285,-110.403336,1.585));
#5982 = VECTOR('',#5983,1.);
#5983 = DIRECTION('',(-0.671014819526,0.741443937177,0.));
#5984 = ORIENTED_EDGE('',*,*,#5985,.T.);
#5985 = EDGE_CURVE('',#5978,#5986,#5988,.T.);
#5986 = VERTEX_POINT('',#5987);
#5987 = CARTESIAN_POINT('',(130.407419,-109.880952,1.585));
#5988 = LINE('',#5989,#5990);
#5989 = CARTESIAN_POINT('',(130.40955,-110.371585,1.585));
#5990 = VECTOR('',#5991,1.);
#5991 = DIRECTION('',(-4.343327700698E-03,0.999990567708,0.));
#5992 = ORIENTED_EDGE('',*,*,#5993,.T.);
#5993 = EDGE_CURVE('',#5986,#5994,#5996,.T.);
#5994 = VERTEX_POINT('',#5995);
#5995 = CARTESIAN_POINT('',(130.507419,-109.880952,1.585));
#5996 = CIRCLE('',#5997,5.000000000002E-02);
#5997 = AXIS2_PLACEMENT_3D('',#5998,#5999,#6000);
#5998 = CARTESIAN_POINT('',(130.457419,-109.8809520477,1.585));
#5999 = DIRECTION('',(0.,0.,-1.));
#6000 = DIRECTION('',(-1.,9.542364409753E-07,0.));
#6001 = ORIENTED_EDGE('',*,*,#6002,.T.);
#6002 = EDGE_CURVE('',#5994,#6003,#6005,.T.);
#6003 = VERTEX_POINT('',#6004);
#6004 = CARTESIAN_POINT('',(130.507419,-110.311892,1.585));
#6005 = LINE('',#6006,#6007);
#6006 = CARTESIAN_POINT('',(130.507419,-109.880952,1.585));
#6007 = VECTOR('',#6008,1.);
#6008 = DIRECTION('',(0.,-1.,0.));
#6009 = ORIENTED_EDGE('',*,*,#6010,.T.);
#6010 = EDGE_CURVE('',#6003,#6011,#6013,.T.);
#6011 = VERTEX_POINT('',#6012);
#6012 = CARTESIAN_POINT('',(130.823255,-110.343476,1.585));
#6013 = LINE('',#6014,#6015);
#6014 = CARTESIAN_POINT('',(130.507419,-110.311892,1.585));
#6015 = VECTOR('',#6016,1.);
#6016 = DIRECTION('',(0.995037065437,-9.950496673835E-02,0.));
#6017 = ORIENTED_EDGE('',*,*,#6018,.T.);
#6018 = EDGE_CURVE('',#6011,#6019,#6021,.T.);
#6019 = VERTEX_POINT('',#6020);
#6020 = CARTESIAN_POINT('',(130.788497,-110.265449,1.585));
#6021 = LINE('',#6022,#6023);
#6022 = CARTESIAN_POINT('',(130.823255,-110.343476,1.585));
#6023 = VECTOR('',#6024,1.);
#6024 = DIRECTION('',(-0.406913882124,0.913466525131,0.));
#6025 = ORIENTED_EDGE('',*,*,#6026,.T.);
#6026 = EDGE_CURVE('',#6019,#6027,#6029,.T.);
#6027 = VERTEX_POINT('',#6028);
#6028 = CARTESIAN_POINT('',(130.790613,-110.012536,1.585));
#6029 = LINE('',#6030,#6031);
#6030 = CARTESIAN_POINT('',(130.788497,-110.265449,1.585));
#6031 = VECTOR('',#6032,1.);
#6032 = DIRECTION('',(8.366220579514E-03,0.999965002564,0.));
#6033 = ORIENTED_EDGE('',*,*,#6034,.T.);
#6034 = EDGE_CURVE('',#6027,#6035,#6037,.T.);
#6035 = VERTEX_POINT('',#6036);
#6036 = CARTESIAN_POINT('',(130.850635,-109.893216,1.585));
#6037 = LINE('',#6038,#6039);
#6038 = CARTESIAN_POINT('',(130.790613,-110.012536,1.585));
#6039 = VECTOR('',#6040,1.);
#6040 = DIRECTION('',(0.449380496335,0.893340455545,0.));
#6041 = ORIENTED_EDGE('',*,*,#6042,.T.);
#6042 = EDGE_CURVE('',#6035,#5819,#6043,.T.);
#6043 = LINE('',#6044,#6045);
#6044 = CARTESIAN_POINT('',(130.850635,-109.893216,1.585));
#6045 = VECTOR('',#6046,1.);
#6046 = DIRECTION('',(0.728574999312,0.68496603593,0.));
#6047 = PLANE('',#6048);
#6048 = AXIS2_PLACEMENT_3D('',#6049,#6050,#6051);
#6049 = CARTESIAN_POINT('',(0.,0.,1.585));
#6050 = DIRECTION('',(0.,0.,1.));
#6051 = DIRECTION('',(1.,0.,-0.));
#6052 = SHELL_BASED_SURFACE_MODEL('',(#6053));
#6053 = OPEN_SHELL('',(#6054));
#6054 = ADVANCED_FACE('',(#6055),#6125,.T.);
#6055 = FACE_BOUND('',#6056,.F.);
#6056 = EDGE_LOOP('',(#6057,#6068,#6076,#6085,#6093,#6102,#6110,#6119));
#6057 = ORIENTED_EDGE('',*,*,#6058,.T.);
#6058 = EDGE_CURVE('',#6059,#6061,#6063,.T.);
#6059 = VERTEX_POINT('',#6060);
#6060 = CARTESIAN_POINT('',(130.457419,-93.883333,1.585));
#6061 = VERTEX_POINT('',#6062);
#6062 = CARTESIAN_POINT('',(130.457419,-93.783333,1.585));
#6063 = CIRCLE('',#6064,5.000000000002E-02);
#6064 = AXIS2_PLACEMENT_3D('',#6065,#6066,#6067);
#6065 = CARTESIAN_POINT('',(130.45741904771,-93.833333,1.585));
#6066 = DIRECTION('',(0.,0.,-1.));
#6067 = DIRECTION('',(-9.542367251921E-07,-1.,-0.));
#6068 = ORIENTED_EDGE('',*,*,#6069,.T.);
#6069 = EDGE_CURVE('',#6061,#6070,#6072,.T.);
#6070 = VERTEX_POINT('',#6071);
#6071 = CARTESIAN_POINT('',(131.179566,-93.784896,1.585));
#6072 = LINE('',#6073,#6074);
#6073 = CARTESIAN_POINT('',(130.457419,-93.783333,1.585));
#6074 = VECTOR('',#6075,1.);
#6075 = DIRECTION('',(0.999997657739,-2.164374205046E-03,0.));
#6076 = ORIENTED_EDGE('',*,*,#6077,.T.);
#6077 = EDGE_CURVE('',#6070,#6078,#6080,.T.);
#6078 = VERTEX_POINT('',#6079);
#6079 = CARTESIAN_POINT('',(131.507419,-94.119047,1.585));
#6080 = CIRCLE('',#6081,0.360415043145);
#6081 = AXIS2_PLACEMENT_3D('',#6082,#6083,#6084);
#6082 = CARTESIAN_POINT('',(131.14786283408,-94.14391398366,1.585));
#6083 = DIRECTION('',(0.,0.,-1.));
#6084 = DIRECTION('',(8.796293750515E-02,0.996123748149,0.));
#6085 = ORIENTED_EDGE('',*,*,#6086,.T.);
#6086 = EDGE_CURVE('',#6078,#6087,#6089,.T.);
#6087 = VERTEX_POINT('',#6088);
#6088 = CARTESIAN_POINT('',(131.507419,-94.214285,1.585));
#6089 = LINE('',#6090,#6091);
#6090 = CARTESIAN_POINT('',(131.507419,-94.119047,1.585));
#6091 = VECTOR('',#6092,1.);
#6092 = DIRECTION('',(0.,-1.,0.));
#6093 = ORIENTED_EDGE('',*,*,#6094,.T.);
#6094 = EDGE_CURVE('',#6087,#6095,#6097,.T.);
#6095 = VERTEX_POINT('',#6096);
#6096 = CARTESIAN_POINT('',(131.407419,-94.214285,1.585));
#6097 = CIRCLE('',#6098,5.000000000003E-02);
#6098 = AXIS2_PLACEMENT_3D('',#6099,#6100,#6101);
#6099 = CARTESIAN_POINT('',(131.457419,-94.21428495228,1.585));
#6100 = DIRECTION('',(-0.,0.,-1.));
#6101 = DIRECTION('',(1.,-9.542367251918E-07,-0.));
#6102 = ORIENTED_EDGE('',*,*,#6103,.T.);
#6103 = EDGE_CURVE('',#6095,#6104,#6106,.T.);
#6104 = VERTEX_POINT('',#6105);
#6105 = CARTESIAN_POINT('',(131.407419,-94.12716,1.585));
#6106 = LINE('',#6107,#6108);
#6107 = CARTESIAN_POINT('',(131.407419,-94.214285,1.585));
#6108 = VECTOR('',#6109,1.);
#6109 = DIRECTION('',(0.,1.,0.));
#6110 = ORIENTED_EDGE('',*,*,#6111,.T.);
#6111 = EDGE_CURVE('',#6104,#6112,#6114,.T.);
#6112 = VERTEX_POINT('',#6113);
#6113 = CARTESIAN_POINT('',(131.163591,-93.883333,1.585));
#6114 = CIRCLE('',#6115,0.26309963303);
#6115 = AXIS2_PLACEMENT_3D('',#6116,#6117,#6118);
#6116 = CARTESIAN_POINT('',(131.1449786145,-94.14577346183,1.585));
#6117 = DIRECTION('',(0.,0.,1.));
#6118 = DIRECTION('',(0.997494304623,7.074681791639E-02,-0.));
#6119 = ORIENTED_EDGE('',*,*,#6120,.T.);
#6120 = EDGE_CURVE('',#6112,#6059,#6121,.T.);
#6121 = LINE('',#6122,#6123);
#6122 = CARTESIAN_POINT('',(131.163591,-93.883333,1.585));
#6123 = VECTOR('',#6124,1.);
#6124 = DIRECTION('',(-1.,0.,0.));
#6125 = PLANE('',#6126);
#6126 = AXIS2_PLACEMENT_3D('',#6127,#6128,#6129);
#6127 = CARTESIAN_POINT('',(0.,0.,1.585));
#6128 = DIRECTION('',(0.,0.,1.));
#6129 = DIRECTION('',(1.,0.,-0.));
#6130 = SHELL_BASED_SURFACE_MODEL('',(#6131));
#6131 = OPEN_SHELL('',(#6132));
#6132 = ADVANCED_FACE('',(#6133),#6356,.T.);
#6133 = FACE_BOUND('',#6134,.F.);
#6134 = EDGE_LOOP('',(#6135,#6145,#6153,#6161,#6169,#6177,#6186,#6194,
    #6203,#6211,#6220,#6228,#6237,#6245,#6253,#6261,#6269,#6277,#6285,
    #6293,#6302,#6310,#6318,#6326,#6334,#6342,#6350));
#6135 = ORIENTED_EDGE('',*,*,#6136,.T.);
#6136 = EDGE_CURVE('',#6137,#6139,#6141,.T.);
#6137 = VERTEX_POINT('',#6138);
#6138 = CARTESIAN_POINT('',(130.911248,-92.836231,1.585));
#6139 = VERTEX_POINT('',#6140);
#6140 = CARTESIAN_POINT('',(131.017574,-92.785575,1.585));
#6141 = LINE('',#6142,#6143);
#6142 = CARTESIAN_POINT('',(130.911248,-92.836231,1.585));
#6143 = VECTOR('',#6144,1.);
#6144 = DIRECTION('',(0.902779519658,0.430103637378,0.));
#6145 = ORIENTED_EDGE('',*,*,#6146,.T.);
#6146 = EDGE_CURVE('',#6139,#6147,#6149,.T.);
#6147 = VERTEX_POINT('',#6148);
#6148 = CARTESIAN_POINT('',(131.269398,-92.783821,1.585));
#6149 = LINE('',#6150,#6151);
#6150 = CARTESIAN_POINT('',(131.017574,-92.785575,1.585));
#6151 = VECTOR('',#6152,1.);
#6152 = DIRECTION('',(0.999975744002,6.96501308442E-03,0.));
#6153 = ORIENTED_EDGE('',*,*,#6154,.T.);
#6154 = EDGE_CURVE('',#6147,#6155,#6157,.T.);
#6155 = VERTEX_POINT('',#6156);
#6156 = CARTESIAN_POINT('',(131.289303,-92.788612,1.585));
#6157 = LINE('',#6158,#6159);
#6158 = CARTESIAN_POINT('',(131.269398,-92.783821,1.585));
#6159 = VECTOR('',#6160,1.);
#6160 = DIRECTION('',(0.972234133225,-0.234010235231,0.));
#6161 = ORIENTED_EDGE('',*,*,#6162,.T.);
#6162 = EDGE_CURVE('',#6155,#6163,#6165,.T.);
#6163 = VERTEX_POINT('',#6164);
#6164 = CARTESIAN_POINT('',(131.397535,-92.845596,1.585));
#6165 = LINE('',#6166,#6167);
#6166 = CARTESIAN_POINT('',(131.289303,-92.788612,1.585));
#6167 = VECTOR('',#6168,1.);
#6168 = DIRECTION('',(0.884851532383,-0.465873121825,0.));
#6169 = ORIENTED_EDGE('',*,*,#6170,.T.);
#6170 = EDGE_CURVE('',#6163,#6171,#6173,.T.);
#6171 = VERTEX_POINT('',#6172);
#6172 = CARTESIAN_POINT('',(131.454521,-92.90621,1.585));
#6173 = LINE('',#6174,#6175);
#6174 = CARTESIAN_POINT('',(131.397535,-92.845596,1.585));
#6175 = VECTOR('',#6176,1.);
#6176 = DIRECTION('',(0.684966417831,-0.72857464027,0.));
#6177 = ORIENTED_EDGE('',*,*,#6178,.T.);
#6178 = EDGE_CURVE('',#6171,#6179,#6181,.T.);
#6179 = VERTEX_POINT('',#6180);
#6180 = CARTESIAN_POINT('',(131.445155,-93.440117,1.585));
#6181 = CIRCLE('',#6182,0.484197065861);
#6182 = AXIS2_PLACEMENT_3D('',#6183,#6184,#6185);
#6183 = CARTESIAN_POINT('',(131.0459685878,-93.1660786689,1.585));
#6184 = DIRECTION('',(0.,0.,-1.));
#6185 = DIRECTION('',(0.843773002769,0.536700214084,0.));
#6186 = ORIENTED_EDGE('',*,*,#6187,.T.);
#6187 = EDGE_CURVE('',#6179,#6188,#6190,.T.);
#6188 = VERTEX_POINT('',#6189);
#6189 = CARTESIAN_POINT('',(131.381314,-93.498574,1.585));
#6190 = LINE('',#6191,#6192);
#6191 = CARTESIAN_POINT('',(131.445155,-93.440117,1.585));
#6192 = VECTOR('',#6193,1.);
#6193 = DIRECTION('',(-0.737521835787,-0.675323286832,0.));
#6194 = ORIENTED_EDGE('',*,*,#6195,.T.);
#6195 = EDGE_CURVE('',#6188,#6196,#6198,.T.);
#6196 = VERTEX_POINT('',#6197);
#6197 = CARTESIAN_POINT('',(131.315986,-93.433245,1.585));
#6198 = CIRCLE('',#6199,4.999995592927E-02);
#6199 = AXIS2_PLACEMENT_3D('',#6200,#6201,#6202);
#6200 = CARTESIAN_POINT('',(131.3621795,-93.45238020709,1.585));
#6201 = DIRECTION('',(0.,0.,-1.));
#6202 = DIRECTION('',(0.382690337309,-0.92387667236,0.));
#6203 = ORIENTED_EDGE('',*,*,#6204,.T.);
#6204 = EDGE_CURVE('',#6196,#6205,#6207,.T.);
#6205 = VERTEX_POINT('',#6206);
#6206 = CARTESIAN_POINT('',(131.368708,-93.375141,1.585));
#6207 = LINE('',#6208,#6209);
#6208 = CARTESIAN_POINT('',(131.315986,-93.433245,1.585));
#6209 = VECTOR('',#6210,1.);
#6210 = DIRECTION('',(0.671975926216,0.740572990722,0.));
#6211 = ORIENTED_EDGE('',*,*,#6212,.T.);
#6212 = EDGE_CURVE('',#6205,#6213,#6215,.T.);
#6213 = VERTEX_POINT('',#6214);
#6214 = CARTESIAN_POINT('',(131.368708,-92.95819,1.585));
#6215 = CIRCLE('',#6216,0.38206426711);
#6216 = AXIS2_PLACEMENT_3D('',#6217,#6218,#6219);
#6217 = CARTESIAN_POINT('',(131.0485345,-93.1666655,1.585));
#6218 = DIRECTION('',(0.,-0.,1.));
#6219 = DIRECTION('',(0.838009538085,-0.545655581918,-0.));
#6220 = ORIENTED_EDGE('',*,*,#6221,.T.);
#6221 = EDGE_CURVE('',#6213,#6222,#6224,.T.);
#6222 = VERTEX_POINT('',#6223);
#6223 = CARTESIAN_POINT('',(131.332561,-92.922044,1.585));
#6224 = LINE('',#6225,#6226);
#6225 = CARTESIAN_POINT('',(131.368708,-92.95819,1.585));
#6226 = VECTOR('',#6227,1.);
#6227 = DIRECTION('',(-0.707116562243,0.707096999995,0.));
#6228 = ORIENTED_EDGE('',*,*,#6229,.T.);
#6229 = EDGE_CURVE('',#6222,#6230,#6232,.T.);
#6230 = VERTEX_POINT('',#6231);
#6231 = CARTESIAN_POINT('',(130.963227,-92.922044,1.585));
#6232 = CIRCLE('',#6233,0.329224766051);
#6233 = AXIS2_PLACEMENT_3D('',#6234,#6235,#6236);
#6234 = CARTESIAN_POINT('',(131.147894,-93.1946005,1.585));
#6235 = DIRECTION('',(0.,0.,1.));
#6236 = DIRECTION('',(0.560914666947,0.82787362345,-0.));
#6237 = ORIENTED_EDGE('',*,*,#6238,.T.);
#6238 = EDGE_CURVE('',#6230,#6239,#6241,.T.);
#6239 = VERTEX_POINT('',#6240);
#6240 = CARTESIAN_POINT('',(130.927082,-92.958188,1.585));
#6241 = LINE('',#6242,#6243);
#6242 = CARTESIAN_POINT('',(130.963227,-92.922044,1.585));
#6243 = VECTOR('',#6244,1.);
#6244 = DIRECTION('',(-0.707116562784,-0.707096999454,0.));
#6245 = ORIENTED_EDGE('',*,*,#6246,.T.);
#6246 = EDGE_CURVE('',#6239,#6247,#6249,.T.);
#6247 = VERTEX_POINT('',#6248);
#6248 = CARTESIAN_POINT('',(130.888371,-93.035612,1.585));
#6249 = LINE('',#6250,#6251);
#6250 = CARTESIAN_POINT('',(130.927082,-92.958188,1.585));
#6251 = VECTOR('',#6252,1.);
#6252 = DIRECTION('',(-0.447204353569,-0.894431811906,0.));
#6253 = ORIENTED_EDGE('',*,*,#6254,.T.);
#6254 = EDGE_CURVE('',#6247,#6255,#6257,.T.);
#6255 = VERTEX_POINT('',#6256);
#6256 = CARTESIAN_POINT('',(130.885022,-93.183499,1.585));
#6257 = LINE('',#6258,#6259);
#6258 = CARTESIAN_POINT('',(130.888371,-93.035612,1.585));
#6259 = VECTOR('',#6260,1.);
#6260 = DIRECTION('',(-2.263986423758E-02,-0.999743685425,0.));
#6261 = ORIENTED_EDGE('',*,*,#6262,.T.);
#6262 = EDGE_CURVE('',#6255,#6263,#6265,.T.);
#6263 = VERTEX_POINT('',#6264);
#6264 = CARTESIAN_POINT('',(130.857505,-93.21286,1.585));
#6265 = LINE('',#6266,#6267);
#6266 = CARTESIAN_POINT('',(130.885022,-93.183499,1.585));
#6267 = VECTOR('',#6268,1.);
#6268 = DIRECTION('',(-0.683822910096,-0.729648016257,0.));
#6269 = ORIENTED_EDGE('',*,*,#6270,.T.);
#6270 = EDGE_CURVE('',#6263,#6271,#6273,.T.);
#6271 = VERTEX_POINT('',#6272);
#6272 = CARTESIAN_POINT('',(130.817766,-93.211389,1.585));
#6273 = LINE('',#6274,#6275);
#6274 = CARTESIAN_POINT('',(130.857505,-93.21286,1.585));
#6275 = VECTOR('',#6276,1.);
#6276 = DIRECTION('',(-0.999315591411,3.699119844423E-02,0.));
#6277 = ORIENTED_EDGE('',*,*,#6278,.T.);
#6278 = EDGE_CURVE('',#6271,#6279,#6281,.T.);
#6279 = VERTEX_POINT('',#6280);
#6280 = CARTESIAN_POINT('',(130.507419,-92.943521,1.585));
#6281 = LINE('',#6282,#6283);
#6282 = CARTESIAN_POINT('',(130.817766,-93.211389,1.585));
#6283 = VECTOR('',#6284,1.);
#6284 = DIRECTION('',(-0.757014775505,0.653397757623,0.));
#6285 = ORIENTED_EDGE('',*,*,#6286,.T.);
#6286 = EDGE_CURVE('',#6279,#6287,#6289,.T.);
#6287 = VERTEX_POINT('',#6288);
#6288 = CARTESIAN_POINT('',(130.507419,-93.45238,1.585));
#6289 = LINE('',#6290,#6291);
#6290 = CARTESIAN_POINT('',(130.507419,-92.943521,1.585));
#6291 = VECTOR('',#6292,1.);
#6292 = DIRECTION('',(0.,-1.,0.));
#6293 = ORIENTED_EDGE('',*,*,#6294,.T.);
#6294 = EDGE_CURVE('',#6287,#6295,#6297,.T.);
#6295 = VERTEX_POINT('',#6296);
#6296 = CARTESIAN_POINT('',(130.407419,-93.45238,1.585));
#6297 = CIRCLE('',#6298,5.000000000002E-02);
#6298 = AXIS2_PLACEMENT_3D('',#6299,#6300,#6301);
#6299 = CARTESIAN_POINT('',(130.457419,-93.45237995228,1.585));
#6300 = DIRECTION('',(-0.,0.,-1.));
#6301 = DIRECTION('',(1.,-9.542364409747E-07,-0.));
#6302 = ORIENTED_EDGE('',*,*,#6303,.T.);
#6303 = EDGE_CURVE('',#6295,#6304,#6306,.T.);
#6304 = VERTEX_POINT('',#6305);
#6305 = CARTESIAN_POINT('',(130.410055,-92.817314,1.585));
#6306 = LINE('',#6307,#6308);
#6307 = CARTESIAN_POINT('',(130.407419,-93.45238,1.585));
#6308 = VECTOR('',#6309,1.);
#6309 = DIRECTION('',(4.150713930256E-03,0.99999138575,0.));
#6310 = ORIENTED_EDGE('',*,*,#6311,.T.);
#6311 = EDGE_CURVE('',#6304,#6312,#6314,.T.);
#6312 = VERTEX_POINT('',#6313);
#6313 = CARTESIAN_POINT('',(130.438285,-92.787139,1.585));
#6314 = LINE('',#6315,#6316);
#6315 = CARTESIAN_POINT('',(130.410055,-92.817314,1.585));
#6316 = VECTOR('',#6317,1.);
#6317 = DIRECTION('',(0.683180026246,0.730249992631,0.));
#6318 = ORIENTED_EDGE('',*,*,#6319,.T.);
#6319 = EDGE_CURVE('',#6312,#6320,#6322,.T.);
#6320 = VERTEX_POINT('',#6321);
#6321 = CARTESIAN_POINT('',(130.478023,-92.788609,1.585));
#6322 = LINE('',#6323,#6324);
#6323 = CARTESIAN_POINT('',(130.438285,-92.787139,1.585));
#6324 = VECTOR('',#6325,1.);
#6325 = DIRECTION('',(0.999316486312,-3.696701481898E-02,0.));
#6326 = ORIENTED_EDGE('',*,*,#6327,.T.);
#6327 = EDGE_CURVE('',#6320,#6328,#6330,.T.);
#6328 = VERTEX_POINT('',#6329);
#6329 = CARTESIAN_POINT('',(130.788371,-93.056477,1.585));
#6330 = LINE('',#6331,#6332);
#6331 = CARTESIAN_POINT('',(130.478023,-92.788609,1.585));
#6332 = VECTOR('',#6333,1.);
#6333 = DIRECTION('',(0.757015816889,-0.653396551093,0.));
#6334 = ORIENTED_EDGE('',*,*,#6335,.T.);
#6335 = EDGE_CURVE('',#6328,#6336,#6338,.T.);
#6336 = VERTEX_POINT('',#6337);
#6337 = CARTESIAN_POINT('',(130.792177,-93.004675,1.585));
#6338 = LINE('',#6339,#6340);
#6339 = CARTESIAN_POINT('',(130.788371,-93.056477,1.585));
#6340 = VECTOR('',#6341,1.);
#6341 = DIRECTION('',(7.327455956626E-02,0.997311806267,0.));
#6342 = ORIENTED_EDGE('',*,*,#6343,.T.);
#6343 = EDGE_CURVE('',#6336,#6344,#6346,.T.);
#6344 = VERTEX_POINT('',#6345);
#6345 = CARTESIAN_POINT('',(130.850635,-92.893216,1.585));
#6346 = LINE('',#6347,#6348);
#6347 = CARTESIAN_POINT('',(130.792177,-93.004675,1.585));
#6348 = VECTOR('',#6349,1.);
#6349 = DIRECTION('',(0.464472754894,0.885587409554,0.));
#6350 = ORIENTED_EDGE('',*,*,#6351,.T.);
#6351 = EDGE_CURVE('',#6344,#6137,#6352,.T.);
#6352 = LINE('',#6353,#6354);
#6353 = CARTESIAN_POINT('',(130.850635,-92.893216,1.585));
#6354 = VECTOR('',#6355,1.);
#6355 = DIRECTION('',(0.728574999312,0.68496603593,0.));
#6356 = PLANE('',#6357);
#6357 = AXIS2_PLACEMENT_3D('',#6358,#6359,#6360);
#6358 = CARTESIAN_POINT('',(0.,0.,1.585));
#6359 = DIRECTION('',(0.,0.,1.));
#6360 = DIRECTION('',(1.,0.,-0.));
#6361 = SHELL_BASED_SURFACE_MODEL('',(#6362));
#6362 = OPEN_SHELL('',(#6363));
#6363 = ADVANCED_FACE('',(#6364,#6434),#6468,.T.);
#6364 = FACE_BOUND('',#6365,.F.);
#6365 = EDGE_LOOP('',(#6366,#6377,#6385,#6394,#6402,#6411,#6419,#6428));
#6366 = ORIENTED_EDGE('',*,*,#6367,.T.);
#6367 = EDGE_CURVE('',#6368,#6370,#6372,.T.);
#6368 = VERTEX_POINT('',#6369);
#6369 = CARTESIAN_POINT('',(114.07,-85.63,1.585));
#6370 = VERTEX_POINT('',#6371);
#6371 = CARTESIAN_POINT('',(114.13,-85.57,1.585));
#6372 = CIRCLE('',#6373,5.999932016263E-02);
#6373 = AXIS2_PLACEMENT_3D('',#6374,#6375,#6376);
#6374 = CARTESIAN_POINT('',(114.12999932015,-85.62999932015,1.585));
#6375 = DIRECTION('',(0.,0.,-1.));
#6376 = DIRECTION('',(-0.999999999936,-1.133081541087E-05,-0.));
#6377 = ORIENTED_EDGE('',*,*,#6378,.T.);
#6378 = EDGE_CURVE('',#6370,#6379,#6381,.T.);
#6379 = VERTEX_POINT('',#6380);
#6380 = CARTESIAN_POINT('',(136.37,-85.57,1.585));
#6381 = LINE('',#6382,#6383);
#6382 = CARTESIAN_POINT('',(114.13,-85.57,1.585));
#6383 = VECTOR('',#6384,1.);
#6384 = DIRECTION('',(1.,0.,0.));
#6385 = ORIENTED_EDGE('',*,*,#6386,.T.);
#6386 = EDGE_CURVE('',#6379,#6387,#6389,.T.);
#6387 = VERTEX_POINT('',#6388);
#6388 = CARTESIAN_POINT('',(136.43,-85.63,1.585));
#6389 = CIRCLE('',#6390,5.999932016262E-02);
#6390 = AXIS2_PLACEMENT_3D('',#6391,#6392,#6393);
#6391 = CARTESIAN_POINT('',(136.37000067984,-85.62999932015,1.585));
#6392 = DIRECTION('',(0.,0.,-1.));
#6393 = DIRECTION('',(-1.133081564772E-05,0.999999999936,0.));
#6394 = ORIENTED_EDGE('',*,*,#6395,.T.);
#6395 = EDGE_CURVE('',#6387,#6396,#6398,.T.);
#6396 = VERTEX_POINT('',#6397);
#6397 = CARTESIAN_POINT('',(136.43,-117.37,1.585));
#6398 = LINE('',#6399,#6400);
#6399 = CARTESIAN_POINT('',(136.43,-85.63,1.585));
#6400 = VECTOR('',#6401,1.);
#6401 = DIRECTION('',(0.,-1.,0.));
#6402 = ORIENTED_EDGE('',*,*,#6403,.T.);
#6403 = EDGE_CURVE('',#6396,#6404,#6406,.T.);
#6404 = VERTEX_POINT('',#6405);
#6405 = CARTESIAN_POINT('',(136.37,-117.43,1.585));
#6406 = CIRCLE('',#6407,5.999932016264E-02);
#6407 = AXIS2_PLACEMENT_3D('',#6408,#6409,#6410);
#6408 = CARTESIAN_POINT('',(136.37000067984,-117.3700006798,1.585));
#6409 = DIRECTION('',(0.,0.,-1.));
#6410 = DIRECTION('',(0.999999999936,1.133081541086E-05,0.));
#6411 = ORIENTED_EDGE('',*,*,#6412,.T.);
#6412 = EDGE_CURVE('',#6404,#6413,#6415,.T.);
#6413 = VERTEX_POINT('',#6414);
#6414 = CARTESIAN_POINT('',(114.13,-117.43,1.585));
#6415 = LINE('',#6416,#6417);
#6416 = CARTESIAN_POINT('',(136.37,-117.43,1.585));
#6417 = VECTOR('',#6418,1.);
#6418 = DIRECTION('',(-1.,0.,0.));
#6419 = ORIENTED_EDGE('',*,*,#6420,.T.);
#6420 = EDGE_CURVE('',#6413,#6421,#6423,.T.);
#6421 = VERTEX_POINT('',#6422);
#6422 = CARTESIAN_POINT('',(114.07,-117.37,1.585));
#6423 = CIRCLE('',#6424,5.999932016263E-02);
#6424 = AXIS2_PLACEMENT_3D('',#6425,#6426,#6427);
#6425 = CARTESIAN_POINT('',(114.12999932015,-117.3700006798,1.585));
#6426 = DIRECTION('',(0.,0.,-1.));
#6427 = DIRECTION('',(1.133081541087E-05,-0.999999999936,0.));
#6428 = ORIENTED_EDGE('',*,*,#6429,.T.);
#6429 = EDGE_CURVE('',#6421,#6368,#6430,.T.);
#6430 = LINE('',#6431,#6432);
#6431 = CARTESIAN_POINT('',(114.07,-117.37,1.585));
#6432 = VECTOR('',#6433,1.);
#6433 = DIRECTION('',(0.,1.,0.));
#6434 = FACE_BOUND('',#6435,.F.);
#6435 = EDGE_LOOP('',(#6436,#6446,#6454,#6462));
#6436 = ORIENTED_EDGE('',*,*,#6437,.T.);
#6437 = EDGE_CURVE('',#6438,#6440,#6442,.T.);
#6438 = VERTEX_POINT('',#6439);
#6439 = CARTESIAN_POINT('',(136.31,-117.31,1.585));
#6440 = VERTEX_POINT('',#6441);
#6441 = CARTESIAN_POINT('',(136.31,-85.69,1.585));
#6442 = LINE('',#6443,#6444);
#6443 = CARTESIAN_POINT('',(136.31,-117.31,1.585));
#6444 = VECTOR('',#6445,1.);
#6445 = DIRECTION('',(0.,1.,0.));
#6446 = ORIENTED_EDGE('',*,*,#6447,.T.);
#6447 = EDGE_CURVE('',#6440,#6448,#6450,.T.);
#6448 = VERTEX_POINT('',#6449);
#6449 = CARTESIAN_POINT('',(114.19,-85.69,1.585));
#6450 = LINE('',#6451,#6452);
#6451 = CARTESIAN_POINT('',(136.31,-85.69,1.585));
#6452 = VECTOR('',#6453,1.);
#6453 = DIRECTION('',(-1.,0.,0.));
#6454 = ORIENTED_EDGE('',*,*,#6455,.T.);
#6455 = EDGE_CURVE('',#6448,#6456,#6458,.T.);
#6456 = VERTEX_POINT('',#6457);
#6457 = CARTESIAN_POINT('',(114.19,-117.31,1.585));
#6458 = LINE('',#6459,#6460);
#6459 = CARTESIAN_POINT('',(114.19,-85.69,1.585));
#6460 = VECTOR('',#6461,1.);
#6461 = DIRECTION('',(0.,-1.,0.));
#6462 = ORIENTED_EDGE('',*,*,#6463,.T.);
#6463 = EDGE_CURVE('',#6456,#6438,#6464,.T.);
#6464 = LINE('',#6465,#6466);
#6465 = CARTESIAN_POINT('',(114.19,-117.31,1.585));
#6466 = VECTOR('',#6467,1.);
#6467 = DIRECTION('',(1.,0.,0.));
#6468 = PLANE('',#6469);
#6469 = AXIS2_PLACEMENT_3D('',#6470,#6471,#6472);
#6470 = CARTESIAN_POINT('',(0.,0.,1.585));
#6471 = DIRECTION('',(0.,0.,1.));
#6472 = DIRECTION('',(1.,0.,-0.));
#6473 = SHELL_BASED_SURFACE_MODEL('',(#6474));
#6474 = OPEN_SHELL('',(#6475));
#6475 = ADVANCED_FACE('',(#6476),#6593,.T.);
#6476 = FACE_BOUND('',#6477,.F.);
#6477 = EDGE_LOOP('',(#6478,#6489,#6497,#6506,#6514,#6522,#6530,#6538,
    #6546,#6554,#6562,#6570,#6578,#6587));
#6478 = ORIENTED_EDGE('',*,*,#6479,.T.);
#6479 = EDGE_CURVE('',#6480,#6482,#6484,.T.);
#6480 = VERTEX_POINT('',#6481);
#6481 = CARTESIAN_POINT('',(156.57,-85.63,1.585));
#6482 = VERTEX_POINT('',#6483);
#6483 = CARTESIAN_POINT('',(156.63,-85.57,1.585));
#6484 = CIRCLE('',#6485,5.999932016264E-02);
#6485 = AXIS2_PLACEMENT_3D('',#6486,#6487,#6488);
#6486 = CARTESIAN_POINT('',(156.62999932015,-85.62999932015,1.585));
#6487 = DIRECTION('',(0.,0.,-1.));
#6488 = DIRECTION('',(-0.999999999936,-1.133081541086E-05,-0.));
#6489 = ORIENTED_EDGE('',*,*,#6490,.T.);
#6490 = EDGE_CURVE('',#6482,#6491,#6493,.T.);
#6491 = VERTEX_POINT('',#6492);
#6492 = CARTESIAN_POINT('',(178.87,-85.57,1.585));
#6493 = LINE('',#6494,#6495);
#6494 = CARTESIAN_POINT('',(156.63,-85.57,1.585));
#6495 = VECTOR('',#6496,1.);
#6496 = DIRECTION('',(1.,0.,0.));
#6497 = ORIENTED_EDGE('',*,*,#6498,.T.);
#6498 = EDGE_CURVE('',#6491,#6499,#6501,.T.);
#6499 = VERTEX_POINT('',#6500);
#6500 = CARTESIAN_POINT('',(178.93,-85.63,1.585));
#6501 = CIRCLE('',#6502,5.999932016262E-02);
#6502 = AXIS2_PLACEMENT_3D('',#6503,#6504,#6505);
#6503 = CARTESIAN_POINT('',(178.87000067984,-85.62999932015,1.585));
#6504 = DIRECTION('',(0.,0.,-1.));
#6505 = DIRECTION('',(-1.133081564772E-05,0.999999999936,0.));
#6506 = ORIENTED_EDGE('',*,*,#6507,.T.);
#6507 = EDGE_CURVE('',#6499,#6508,#6510,.T.);
#6508 = VERTEX_POINT('',#6509);
#6509 = CARTESIAN_POINT('',(178.93,-117.130075,1.585));
#6510 = LINE('',#6511,#6512);
#6511 = CARTESIAN_POINT('',(178.93,-85.63,1.585));
#6512 = VECTOR('',#6513,1.);
#6513 = DIRECTION('',(0.,-1.,0.));
#6514 = ORIENTED_EDGE('',*,*,#6515,.T.);
#6515 = EDGE_CURVE('',#6508,#6516,#6518,.T.);
#6516 = VERTEX_POINT('',#6517);
#6517 = CARTESIAN_POINT('',(178.921571,-117.141237,1.585));
#6518 = LINE('',#6519,#6520);
#6519 = CARTESIAN_POINT('',(178.93,-117.130075,1.585));
#6520 = VECTOR('',#6521,1.);
#6521 = DIRECTION('',(-0.602627755513,-0.798022423423,0.));
#6522 = ORIENTED_EDGE('',*,*,#6523,.T.);
#6523 = EDGE_CURVE('',#6516,#6524,#6526,.T.);
#6524 = VERTEX_POINT('',#6525);
#6525 = CARTESIAN_POINT('',(178.81,-117.263624,1.585));
#6526 = LINE('',#6527,#6528);
#6527 = CARTESIAN_POINT('',(178.921571,-117.141237,1.585));
#6528 = VECTOR('',#6529,1.);
#6529 = DIRECTION('',(-0.673697317757,-0.739007391064,0.));
#6530 = ORIENTED_EDGE('',*,*,#6531,.T.);
#6531 = EDGE_CURVE('',#6524,#6532,#6534,.T.);
#6532 = VERTEX_POINT('',#6533);
#6533 = CARTESIAN_POINT('',(178.81,-85.69,1.585));
#6534 = LINE('',#6535,#6536);
#6535 = CARTESIAN_POINT('',(178.81,-117.263624,1.585));
#6536 = VECTOR('',#6537,1.);
#6537 = DIRECTION('',(0.,1.,0.));
#6538 = ORIENTED_EDGE('',*,*,#6539,.T.);
#6539 = EDGE_CURVE('',#6532,#6540,#6542,.T.);
#6540 = VERTEX_POINT('',#6541);
#6541 = CARTESIAN_POINT('',(156.69,-85.69,1.585));
#6542 = LINE('',#6543,#6544);
#6543 = CARTESIAN_POINT('',(178.81,-85.69,1.585));
#6544 = VECTOR('',#6545,1.);
#6545 = DIRECTION('',(-1.,0.,0.));
#6546 = ORIENTED_EDGE('',*,*,#6547,.T.);
#6547 = EDGE_CURVE('',#6540,#6548,#6550,.T.);
#6548 = VERTEX_POINT('',#6549);
#6549 = CARTESIAN_POINT('',(156.69,-117.31,1.585));
#6550 = LINE('',#6551,#6552);
#6551 = CARTESIAN_POINT('',(156.69,-85.69,1.585));
#6552 = VECTOR('',#6553,1.);
#6553 = DIRECTION('',(0.,-1.,0.));
#6554 = ORIENTED_EDGE('',*,*,#6555,.T.);
#6555 = EDGE_CURVE('',#6548,#6556,#6558,.T.);
#6556 = VERTEX_POINT('',#6557);
#6557 = CARTESIAN_POINT('',(178.767723,-117.31,1.585));
#6558 = LINE('',#6559,#6560);
#6559 = CARTESIAN_POINT('',(156.69,-117.31,1.585));
#6560 = VECTOR('',#6561,1.);
#6561 = DIRECTION('',(1.,0.,0.));
#6562 = ORIENTED_EDGE('',*,*,#6563,.T.);
#6563 = EDGE_CURVE('',#6556,#6564,#6566,.T.);
#6564 = VERTEX_POINT('',#6565);
#6565 = CARTESIAN_POINT('',(178.658328,-117.43,1.585));
#6566 = LINE('',#6567,#6568);
#6567 = CARTESIAN_POINT('',(178.767723,-117.31,1.585));
#6568 = VECTOR('',#6569,1.);
#6569 = DIRECTION('',(-0.673697478932,-0.739007244133,0.));
#6570 = ORIENTED_EDGE('',*,*,#6571,.T.);
#6571 = EDGE_CURVE('',#6564,#6572,#6574,.T.);
#6572 = VERTEX_POINT('',#6573);
#6573 = CARTESIAN_POINT('',(156.63,-117.43,1.585));
#6574 = LINE('',#6575,#6576);
#6575 = CARTESIAN_POINT('',(178.658328,-117.43,1.585));
#6576 = VECTOR('',#6577,1.);
#6577 = DIRECTION('',(-1.,0.,0.));
#6578 = ORIENTED_EDGE('',*,*,#6579,.T.);
#6579 = EDGE_CURVE('',#6572,#6580,#6582,.T.);
#6580 = VERTEX_POINT('',#6581);
#6581 = CARTESIAN_POINT('',(156.57,-117.37,1.585));
#6582 = CIRCLE('',#6583,5.999932016262E-02);
#6583 = AXIS2_PLACEMENT_3D('',#6584,#6585,#6586);
#6584 = CARTESIAN_POINT('',(156.62999932015,-117.3700006798,1.585));
#6585 = DIRECTION('',(0.,0.,-1.));
#6586 = DIRECTION('',(1.133081564772E-05,-0.999999999936,0.));
#6587 = ORIENTED_EDGE('',*,*,#6588,.T.);
#6588 = EDGE_CURVE('',#6580,#6480,#6589,.T.);
#6589 = LINE('',#6590,#6591);
#6590 = CARTESIAN_POINT('',(156.57,-117.37,1.585));
#6591 = VECTOR('',#6592,1.);
#6592 = DIRECTION('',(0.,1.,0.));
#6593 = PLANE('',#6594);
#6594 = AXIS2_PLACEMENT_3D('',#6595,#6596,#6597);
#6595 = CARTESIAN_POINT('',(0.,0.,1.585));
#6596 = DIRECTION('',(0.,0.,1.));
#6597 = DIRECTION('',(1.,0.,-0.));
#6598 = SHELL_BASED_SURFACE_MODEL('',(#6599));
#6599 = OPEN_SHELL('',(#6600));
#6600 = ADVANCED_FACE('',(#6601,#6744),#6814,.T.);
#6601 = FACE_BOUND('',#6602,.F.);
#6602 = EDGE_LOOP('',(#6603,#6613,#6621,#6630,#6638,#6646,#6655,#6663,
    #6671,#6679,#6687,#6695,#6704,#6712,#6721,#6729,#6738));
#6603 = ORIENTED_EDGE('',*,*,#6604,.T.);
#6604 = EDGE_CURVE('',#6605,#6607,#6609,.T.);
#6605 = VERTEX_POINT('',#6606);
#6606 = CARTESIAN_POINT('',(161.115458,-110.548136,1.585));
#6607 = VERTEX_POINT('',#6608);
#6608 = CARTESIAN_POINT('',(161.221784,-110.49748,1.585));
#6609 = LINE('',#6610,#6611);
#6610 = CARTESIAN_POINT('',(161.115458,-110.548136,1.585));
#6611 = VECTOR('',#6612,1.);
#6612 = DIRECTION('',(0.902779519658,0.430103637378,0.));
#6613 = ORIENTED_EDGE('',*,*,#6614,.T.);
#6614 = EDGE_CURVE('',#6607,#6615,#6617,.T.);
#6615 = VERTEX_POINT('',#6616);
#6616 = CARTESIAN_POINT('',(161.620018,-110.496433,1.585));
#6617 = LINE('',#6618,#6619);
#6618 = CARTESIAN_POINT('',(161.221784,-110.49748,1.585));
#6619 = VECTOR('',#6620,1.);
#6620 = DIRECTION('',(0.999996543915,2.629098423235E-03,0.));
#6621 = ORIENTED_EDGE('',*,*,#6622,.T.);
#6622 = EDGE_CURVE('',#6615,#6623,#6625,.T.);
#6623 = VERTEX_POINT('',#6624);
#6624 = CARTESIAN_POINT('',(162.039682,-110.713353,1.585));
#6625 = CIRCLE('',#6626,0.591967907257);
#6626 = AXIS2_PLACEMENT_3D('',#6627,#6628,#6629);
#6627 = CARTESIAN_POINT('',(161.58060855814,-111.087087636,1.585));
#6628 = DIRECTION('',(0.,0.,-1.));
#6629 = DIRECTION('',(6.657361214544E-02,0.997781516248,0.));
#6630 = ORIENTED_EDGE('',*,*,#6631,.T.);
#6631 = EDGE_CURVE('',#6623,#6632,#6634,.T.);
#6632 = VERTEX_POINT('',#6633);
#6633 = CARTESIAN_POINT('',(162.090337,-110.819679,1.585));
#6634 = LINE('',#6635,#6636);
#6635 = CARTESIAN_POINT('',(162.039682,-110.713353,1.585));
#6636 = VECTOR('',#6637,1.);
#6637 = DIRECTION('',(0.430096717347,-0.902782816477,0.));
#6638 = ORIENTED_EDGE('',*,*,#6639,.T.);
#6639 = EDGE_CURVE('',#6632,#6640,#6642,.T.);
#6640 = VERTEX_POINT('',#6641);
#6641 = CARTESIAN_POINT('',(162.09258,-111.021428,1.585));
#6642 = LINE('',#6643,#6644);
#6643 = CARTESIAN_POINT('',(162.090337,-110.819679,1.585));
#6644 = VECTOR('',#6645,1.);
#6645 = DIRECTION('',(1.111708801492E-02,-0.999938203268,0.));
#6646 = ORIENTED_EDGE('',*,*,#6647,.T.);
#6647 = EDGE_CURVE('',#6640,#6648,#6650,.T.);
#6648 = VERTEX_POINT('',#6649);
#6649 = CARTESIAN_POINT('',(161.99258,-111.021428,1.585));
#6650 = CIRCLE('',#6651,5.000000000002E-02);
#6651 = AXIS2_PLACEMENT_3D('',#6652,#6653,#6654);
#6652 = CARTESIAN_POINT('',(162.04258,-111.0214279522,1.585));
#6653 = DIRECTION('',(-0.,0.,-1.));
#6654 = DIRECTION('',(1.,-9.542364409753E-07,-0.));
#6655 = ORIENTED_EDGE('',*,*,#6656,.T.);
#6656 = EDGE_CURVE('',#6648,#6657,#6659,.T.);
#6657 = VERTEX_POINT('',#6658);
#6658 = CARTESIAN_POINT('',(161.99258,-110.842755,1.585));
#6659 = LINE('',#6660,#6661);
#6660 = CARTESIAN_POINT('',(161.99258,-111.021428,1.585));
#6661 = VECTOR('',#6662,1.);
#6662 = DIRECTION('',(0.,1.,0.));
#6663 = ORIENTED_EDGE('',*,*,#6664,.T.);
#6664 = EDGE_CURVE('',#6657,#6665,#6667,.T.);
#6665 = VERTEX_POINT('',#6666);
#6666 = CARTESIAN_POINT('',(161.953868,-110.765332,1.585));
#6667 = LINE('',#6668,#6669);
#6668 = CARTESIAN_POINT('',(161.99258,-110.842755,1.585));
#6669 = VECTOR('',#6670,1.);
#6670 = DIRECTION('',(-0.447218216472,0.894424880499,0.));
#6671 = ORIENTED_EDGE('',*,*,#6672,.T.);
#6672 = EDGE_CURVE('',#6665,#6673,#6675,.T.);
#6673 = VERTEX_POINT('',#6674);
#6674 = CARTESIAN_POINT('',(161.91549,-110.726953,1.585));
#6675 = LINE('',#6676,#6677);
#6676 = CARTESIAN_POINT('',(161.953868,-110.765332,1.585));
#6677 = VECTOR('',#6678,1.);
#6678 = DIRECTION('',(-0.707097568849,0.707115993404,0.));
#6679 = ORIENTED_EDGE('',*,*,#6680,.T.);
#6680 = EDGE_CURVE('',#6673,#6681,#6683,.T.);
#6681 = VERTEX_POINT('',#6682);
#6682 = CARTESIAN_POINT('',(161.783954,-110.639263,1.585));
#6683 = LINE('',#6684,#6685);
#6684 = CARTESIAN_POINT('',(161.91549,-110.726953,1.585));
#6685 = VECTOR('',#6686,1.);
#6686 = DIRECTION('',(-0.83205224069,0.554697276686,0.));
#6687 = ORIENTED_EDGE('',*,*,#6688,.T.);
#6688 = EDGE_CURVE('',#6681,#6689,#6691,.T.);
#6689 = VERTEX_POINT('',#6690);
#6690 = CARTESIAN_POINT('',(161.649761,-110.605714,1.585));
#6691 = LINE('',#6692,#6693);
#6692 = CARTESIAN_POINT('',(161.783954,-110.639263,1.585));
#6693 = VECTOR('',#6694,1.);
#6694 = DIRECTION('',(-0.970141224347,0.242540728172,0.));
#6695 = ORIENTED_EDGE('',*,*,#6696,.T.);
#6696 = EDGE_CURVE('',#6689,#6697,#6699,.T.);
#6697 = VERTEX_POINT('',#6698);
#6698 = CARTESIAN_POINT('',(161.649364,-111.056784,1.585));
#6699 = CIRCLE('',#6700,0.375604476997);
#6700 = AXIS2_PLACEMENT_3D('',#6701,#6702,#6703);
#6701 = CARTESIAN_POINT('',(161.34920841291,-110.8309846495,1.585));
#6702 = DIRECTION('',(0.,0.,-1.));
#6703 = DIRECTION('',(0.800183718504,0.599754963832,0.));
#6704 = ORIENTED_EDGE('',*,*,#6705,.T.);
#6705 = EDGE_CURVE('',#6697,#6706,#6708,.T.);
#6706 = VERTEX_POINT('',#6707);
#6707 = CARTESIAN_POINT('',(161.58875,-111.113769,1.585));
#6708 = LINE('',#6709,#6710);
#6709 = CARTESIAN_POINT('',(161.649364,-111.056784,1.585));
#6710 = VECTOR('',#6711,1.);
#6711 = DIRECTION('',(-0.728580638815,-0.684960037333,0.));
#6712 = ORIENTED_EDGE('',*,*,#6713,.T.);
#6713 = EDGE_CURVE('',#6706,#6714,#6716,.T.);
#6714 = VERTEX_POINT('',#6715);
#6715 = CARTESIAN_POINT('',(161.102463,-111.104402,1.585));
#6716 = CIRCLE('',#6717,0.429901003201);
#6717 = AXIS2_PLACEMENT_3D('',#6718,#6719,#6720);
#6718 = CARTESIAN_POINT('',(161.3524338211,-110.7546457117,1.585));
#6719 = DIRECTION('',(-0.,0.,-1.));
#6720 = DIRECTION('',(0.549699063597,-0.835362759213,-0.));
#6721 = ORIENTED_EDGE('',*,*,#6722,.T.);
#6722 = EDGE_CURVE('',#6714,#6723,#6725,.T.);
#6723 = VERTEX_POINT('',#6724);
#6724 = CARTESIAN_POINT('',(161.045479,-111.043789,1.585));
#6725 = LINE('',#6726,#6727);
#6726 = CARTESIAN_POINT('',(161.102463,-111.104402,1.585));
#6727 = VECTOR('',#6728,1.);
#6728 = DIRECTION('',(-0.684959655317,0.72858099796,0.));
#6729 = ORIENTED_EDGE('',*,*,#6730,.T.);
#6730 = EDGE_CURVE('',#6723,#6731,#6733,.T.);
#6731 = VERTEX_POINT('',#6732);
#6732 = CARTESIAN_POINT('',(161.054845,-110.605121,1.585));
#6733 = CIRCLE('',#6734,0.375843268046);
#6734 = AXIS2_PLACEMENT_3D('',#6735,#6736,#6737);
#6735 = CARTESIAN_POINT('',(161.35526262806,-110.8309692031,1.585));
#6736 = DIRECTION('',(0.,0.,-1.));
#6737 = DIRECTION('',(-0.824236202708,-0.566246132124,-0.));
#6738 = ORIENTED_EDGE('',*,*,#6739,.T.);
#6739 = EDGE_CURVE('',#6731,#6605,#6740,.T.);
#6740 = LINE('',#6741,#6742);
#6741 = CARTESIAN_POINT('',(161.054845,-110.605121,1.585));
#6742 = VECTOR('',#6743,1.);
#6743 = DIRECTION('',(0.728574999312,0.68496603593,0.));
#6744 = FACE_BOUND('',#6745,.F.);
#6745 = EDGE_LOOP('',(#6746,#6757,#6765,#6774,#6782,#6791,#6799,#6808));
#6746 = ORIENTED_EDGE('',*,*,#6747,.T.);
#6747 = EDGE_CURVE('',#6748,#6750,#6752,.T.);
#6748 = VERTEX_POINT('',#6749);
#6749 = CARTESIAN_POINT('',(161.536772,-110.633949,1.585));
#6750 = VERTEX_POINT('',#6751);
#6751 = CARTESIAN_POINT('',(161.167437,-110.633949,1.585));
#6752 = CIRCLE('',#6753,0.329230461461);
#6753 = AXIS2_PLACEMENT_3D('',#6754,#6755,#6756);
#6754 = CARTESIAN_POINT('',(161.3521045,-110.9065120407,1.585));
#6755 = DIRECTION('',(0.,0.,1.));
#6756 = DIRECTION('',(0.560906482288,0.827879168796,-0.));
#6757 = ORIENTED_EDGE('',*,*,#6758,.T.);
#6758 = EDGE_CURVE('',#6750,#6759,#6761,.T.);
#6759 = VERTEX_POINT('',#6760);
#6760 = CARTESIAN_POINT('',(161.131292,-110.670093,1.585));
#6761 = LINE('',#6762,#6763);
#6762 = CARTESIAN_POINT('',(161.167437,-110.633949,1.585));
#6763 = VECTOR('',#6764,1.);
#6764 = DIRECTION('',(-0.707116562784,-0.707096999454,0.));
#6765 = ORIENTED_EDGE('',*,*,#6766,.T.);
#6766 = EDGE_CURVE('',#6759,#6767,#6769,.T.);
#6767 = VERTEX_POINT('',#6768);
#6768 = CARTESIAN_POINT('',(161.131292,-110.99181,1.585));
#6769 = CIRCLE('',#6770,0.276535912661);
#6770 = AXIS2_PLACEMENT_3D('',#6771,#6772,#6773);
#6771 = CARTESIAN_POINT('',(161.356229,-110.8309515,1.585));
#6772 = DIRECTION('',(0.,0.,1.));
#6773 = DIRECTION('',(-0.813409722576,0.581691175125,0.));
#6774 = ORIENTED_EDGE('',*,*,#6775,.T.);
#6775 = EDGE_CURVE('',#6767,#6776,#6778,.T.);
#6776 = VERTEX_POINT('',#6777);
#6777 = CARTESIAN_POINT('',(161.167437,-111.027954,1.585));
#6778 = LINE('',#6779,#6780);
#6779 = CARTESIAN_POINT('',(161.131292,-110.99181,1.585));
#6780 = VECTOR('',#6781,1.);
#6781 = DIRECTION('',(0.707116562784,-0.707096999454,0.));
#6782 = ORIENTED_EDGE('',*,*,#6783,.T.);
#6783 = EDGE_CURVE('',#6776,#6784,#6786,.T.);
#6784 = VERTEX_POINT('',#6785);
#6785 = CARTESIAN_POINT('',(161.536772,-111.027954,1.585));
#6786 = CIRCLE('',#6787,0.3292238047);
#6787 = AXIS2_PLACEMENT_3D('',#6788,#6789,#6790);
#6788 = CARTESIAN_POINT('',(161.3521045,-110.755399,1.585));
#6789 = DIRECTION('',(0.,0.,1.));
#6790 = DIRECTION('',(-0.560917823571,-0.827871484713,0.));
#6791 = ORIENTED_EDGE('',*,*,#6792,.T.);
#6792 = EDGE_CURVE('',#6784,#6793,#6795,.T.);
#6793 = VERTEX_POINT('',#6794);
#6794 = CARTESIAN_POINT('',(161.572916,-110.991809,1.585));
#6795 = LINE('',#6796,#6797);
#6796 = CARTESIAN_POINT('',(161.536772,-111.027954,1.585));
#6797 = VECTOR('',#6798,1.);
#6798 = DIRECTION('',(0.707096999454,0.707116562784,0.));
#6799 = ORIENTED_EDGE('',*,*,#6800,.T.);
#6800 = EDGE_CURVE('',#6793,#6801,#6803,.T.);
#6801 = VERTEX_POINT('',#6802);
#6802 = CARTESIAN_POINT('',(161.572916,-110.670094,1.585));
#6803 = CIRCLE('',#6804,0.276531951055);
#6804 = AXIS2_PLACEMENT_3D('',#6805,#6806,#6807);
#6805 = CARTESIAN_POINT('',(161.34798315524,-110.8309515,1.585));
#6806 = DIRECTION('',(0.,-0.,1.));
#6807 = DIRECTION('',(0.813406349224,-0.581695892234,-0.));
#6808 = ORIENTED_EDGE('',*,*,#6809,.T.);
#6809 = EDGE_CURVE('',#6801,#6748,#6810,.T.);
#6810 = LINE('',#6811,#6812);
#6811 = CARTESIAN_POINT('',(161.572916,-110.670094,1.585));
#6812 = VECTOR('',#6813,1.);
#6813 = DIRECTION('',(-0.707096999454,0.707116562784,0.));
#6814 = PLANE('',#6815);
#6815 = AXIS2_PLACEMENT_3D('',#6816,#6817,#6818);
#6816 = CARTESIAN_POINT('',(0.,0.,1.585));
#6817 = DIRECTION('',(0.,0.,1.));
#6818 = DIRECTION('',(1.,0.,-0.));
#6819 = SHELL_BASED_SURFACE_MODEL('',(#6820));
#6820 = OPEN_SHELL('',(#6821));
#6821 = ADVANCED_FACE('',(#6822),#6915,.T.);
#6822 = FACE_BOUND('',#6823,.F.);
#6823 = EDGE_LOOP('',(#6824,#6835,#6843,#6852,#6860,#6869,#6877,#6885,
    #6893,#6901,#6909));
#6824 = ORIENTED_EDGE('',*,*,#6825,.T.);
#6825 = EDGE_CURVE('',#6826,#6828,#6830,.T.);
#6826 = VERTEX_POINT('',#6827);
#6827 = CARTESIAN_POINT('',(160.996386,-109.71658,1.585));
#6828 = VERTEX_POINT('',#6829);
#6829 = CARTESIAN_POINT('',(161.09258,-109.735714,1.585));
#6830 = CIRCLE('',#6831,4.999998452109E-02);
#6831 = AXIS2_PLACEMENT_3D('',#6832,#6833,#6834);
#6832 = CARTESIAN_POINT('',(161.04258001547,-109.7357140373,1.585));
#6833 = DIRECTION('',(0.,0.,-1.));
#6834 = DIRECTION('',(-0.923880595592,0.382680865852,0.));
#6835 = ORIENTED_EDGE('',*,*,#6836,.T.);
#6836 = EDGE_CURVE('',#6828,#6837,#6839,.T.);
#6837 = VERTEX_POINT('',#6838);
#6838 = CARTESIAN_POINT('',(161.09258,-109.822837,1.585));
#6839 = LINE('',#6840,#6841);
#6840 = CARTESIAN_POINT('',(161.09258,-109.735714,1.585));
#6841 = VECTOR('',#6842,1.);
#6842 = DIRECTION('',(0.,-1.,0.));
#6843 = ORIENTED_EDGE('',*,*,#6844,.T.);
#6844 = EDGE_CURVE('',#6837,#6845,#6847,.T.);
#6845 = VERTEX_POINT('',#6846);
#6846 = CARTESIAN_POINT('',(161.336408,-110.066666,1.585));
#6847 = CIRCLE('',#6848,0.263100259494);
#6848 = AXIS2_PLACEMENT_3D('',#6849,#6850,#6851);
#6849 = CARTESIAN_POINT('',(161.3550211145,-109.8042249618,1.585));
#6850 = DIRECTION('',(0.,0.,1.));
#6851 = DIRECTION('',(-0.997494700335,-7.074123835223E-02,0.));
#6852 = ORIENTED_EDGE('',*,*,#6853,.T.);
#6853 = EDGE_CURVE('',#6845,#6854,#6856,.T.);
#6854 = VERTEX_POINT('',#6855);
#6855 = CARTESIAN_POINT('',(162.04258,-110.066666,1.585));
#6856 = LINE('',#6857,#6858);
#6857 = CARTESIAN_POINT('',(161.336408,-110.066666,1.585));
#6858 = VECTOR('',#6859,1.);
#6859 = DIRECTION('',(1.,0.,0.));
#6860 = ORIENTED_EDGE('',*,*,#6861,.T.);
#6861 = EDGE_CURVE('',#6854,#6862,#6864,.T.);
#6862 = VERTEX_POINT('',#6863);
#6863 = CARTESIAN_POINT('',(162.04258,-110.166666,1.585));
#6864 = CIRCLE('',#6865,5.000000000003E-02);
#6865 = AXIS2_PLACEMENT_3D('',#6866,#6867,#6868);
#6866 = CARTESIAN_POINT('',(162.04257995228,-110.116666,1.585));
#6867 = DIRECTION('',(0.,0.,-1.));
#6868 = DIRECTION('',(9.542361567576E-07,1.,0.));
#6869 = ORIENTED_EDGE('',*,*,#6870,.T.);
#6870 = EDGE_CURVE('',#6862,#6871,#6873,.T.);
#6871 = VERTEX_POINT('',#6872);
#6872 = CARTESIAN_POINT('',(161.312483,-110.1641,1.585));
#6873 = LINE('',#6874,#6875);
#6874 = CARTESIAN_POINT('',(162.04258,-110.166666,1.585));
#6875 = VECTOR('',#6876,1.);
#6876 = DIRECTION('',(-0.999993823845,3.51457977774E-03,0.));
#6877 = ORIENTED_EDGE('',*,*,#6878,.T.);
#6878 = EDGE_CURVE('',#6871,#6879,#6881,.T.);
#6879 = VERTEX_POINT('',#6880);
#6880 = CARTESIAN_POINT('',(161.159643,-110.11079,1.585));
#6881 = LINE('',#6882,#6883);
#6882 = CARTESIAN_POINT('',(161.312483,-110.1641,1.585));
#6883 = VECTOR('',#6884,1.);
#6884 = DIRECTION('',(-0.944212244466,0.329337573623,0.));
#6885 = ORIENTED_EDGE('',*,*,#6886,.T.);
#6886 = EDGE_CURVE('',#6879,#6887,#6889,.T.);
#6887 = VERTEX_POINT('',#6888);
#6888 = CARTESIAN_POINT('',(161.048455,-109.999601,1.585));
#6889 = LINE('',#6890,#6891);
#6890 = CARTESIAN_POINT('',(161.159643,-110.11079,1.585));
#6891 = VECTOR('',#6892,1.);
#6892 = DIRECTION('',(-0.707103601414,0.707109960945,0.));
#6893 = ORIENTED_EDGE('',*,*,#6894,.T.);
#6894 = EDGE_CURVE('',#6887,#6895,#6897,.T.);
#6895 = VERTEX_POINT('',#6896);
#6896 = CARTESIAN_POINT('',(160.99258,-109.830952,1.585));
#6897 = LINE('',#6898,#6899);
#6898 = CARTESIAN_POINT('',(161.048455,-109.999601,1.585));
#6899 = VECTOR('',#6900,1.);
#6900 = DIRECTION('',(-0.31449813424,0.949258091122,0.));
#6901 = ORIENTED_EDGE('',*,*,#6902,.T.);
#6902 = EDGE_CURVE('',#6895,#6903,#6905,.T.);
#6903 = VERTEX_POINT('',#6904);
#6904 = CARTESIAN_POINT('',(160.99258,-109.735714,1.585));
#6905 = LINE('',#6906,#6907);
#6906 = CARTESIAN_POINT('',(160.99258,-109.830952,1.585));
#6907 = VECTOR('',#6908,1.);
#6908 = DIRECTION('',(0.,1.,0.));
#6909 = ORIENTED_EDGE('',*,*,#6910,.T.);
#6910 = EDGE_CURVE('',#6903,#6826,#6911,.T.);
#6911 = LINE('',#6912,#6913);
#6912 = CARTESIAN_POINT('',(160.99258,-109.735714,1.585));
#6913 = VECTOR('',#6914,1.);
#6914 = DIRECTION('',(0.195090852694,0.980785174845,0.));
#6915 = PLANE('',#6916);
#6916 = AXIS2_PLACEMENT_3D('',#6917,#6918,#6919);
#6917 = CARTESIAN_POINT('',(0.,0.,1.585));
#6918 = DIRECTION('',(0.,0.,1.));
#6919 = DIRECTION('',(1.,0.,-0.));
#6920 = SHELL_BASED_SURFACE_MODEL('',(#6921));
#6921 = OPEN_SHELL('',(#6922));
#6922 = ADVANCED_FACE('',(#6923),#7098,.T.);
#6923 = FACE_BOUND('',#6924,.F.);
#6924 = EDGE_LOOP('',(#6925,#6936,#6944,#6952,#6960,#6969,#6977,#6985,
    #6993,#7002,#7010,#7019,#7027,#7035,#7043,#7051,#7059,#7067,#7076,
    #7084,#7092));
#6925 = ORIENTED_EDGE('',*,*,#6926,.T.);
#6926 = EDGE_CURVE('',#6927,#6929,#6931,.T.);
#6927 = VERTEX_POINT('',#6928);
#6928 = CARTESIAN_POINT('',(138.753512,-101.354307,1.585));
#6929 = VERTEX_POINT('',#6930);
#6930 = CARTESIAN_POINT('',(138.836848,-101.354307,1.585));
#6931 = CIRCLE('',#6932,7.499882881844E-02);
#6932 = AXIS2_PLACEMENT_3D('',#6933,#6934,#6935);
#6933 = CARTESIAN_POINT('',(138.79518,-101.4166656569,1.585));
#6934 = DIRECTION('',(0.,0.,-1.));
#6935 = DIRECTION('',(-0.555582009165,0.831461743613,0.));
#6936 = ORIENTED_EDGE('',*,*,#6937,.T.);
#6937 = EDGE_CURVE('',#6929,#6938,#6940,.T.);
#6938 = VERTEX_POINT('',#6939);
#6939 = CARTESIAN_POINT('',(139.407122,-101.922542,1.585));
#6940 = LINE('',#6941,#6942);
#6941 = CARTESIAN_POINT('',(138.836848,-101.354307,1.585));
#6942 = VECTOR('',#6943,1.);
#6943 = DIRECTION('',(0.708372030155,-0.705839264205,0.));
#6944 = ORIENTED_EDGE('',*,*,#6945,.T.);
#6945 = EDGE_CURVE('',#6938,#6946,#6948,.T.);
#6946 = VERTEX_POINT('',#6947);
#6947 = CARTESIAN_POINT('',(139.521636,-101.960714,1.585));
#6948 = LINE('',#6949,#6950);
#6949 = CARTESIAN_POINT('',(139.407122,-101.922542,1.585));
#6950 = VECTOR('',#6951,1.);
#6951 = DIRECTION('',(0.948681641154,-0.316232736662,0.));
#6952 = ORIENTED_EDGE('',*,*,#6953,.T.);
#6953 = EDGE_CURVE('',#6946,#6954,#6956,.T.);
#6954 = VERTEX_POINT('',#6955);
#6955 = CARTESIAN_POINT('',(139.586999,-101.960714,1.585));
#6956 = LINE('',#6957,#6958);
#6957 = CARTESIAN_POINT('',(139.521636,-101.960714,1.585));
#6958 = VECTOR('',#6959,1.);
#6959 = DIRECTION('',(1.,0.,0.));
#6960 = ORIENTED_EDGE('',*,*,#6961,.T.);
#6961 = EDGE_CURVE('',#6954,#6962,#6964,.T.);
#6962 = VERTEX_POINT('',#6963);
#6963 = CARTESIAN_POINT('',(139.72018,-101.827533,1.585));
#6964 = CIRCLE('',#6965,0.18686440374);
#6965 = AXIS2_PLACEMENT_3D('',#6966,#6967,#6968);
#6966 = CARTESIAN_POINT('',(139.539463,-101.779997,1.585));
#6967 = DIRECTION('',(0.,0.,1.));
#6968 = DIRECTION('',(0.254387668537,-0.967102328658,0.));
#6969 = ORIENTED_EDGE('',*,*,#6970,.T.);
#6970 = EDGE_CURVE('',#6962,#6971,#6973,.T.);
#6971 = VERTEX_POINT('',#6972);
#6972 = CARTESIAN_POINT('',(139.72018,-101.624848,1.585));
#6973 = LINE('',#6974,#6975);
#6974 = CARTESIAN_POINT('',(139.72018,-101.827533,1.585));
#6975 = VECTOR('',#6976,1.);
#6976 = DIRECTION('',(0.,1.,0.));
#6977 = ORIENTED_EDGE('',*,*,#6978,.T.);
#6978 = EDGE_CURVE('',#6971,#6979,#6981,.T.);
#6979 = VERTEX_POINT('',#6980);
#6980 = CARTESIAN_POINT('',(139.685922,-101.556332,1.585));
#6981 = LINE('',#6982,#6983);
#6982 = CARTESIAN_POINT('',(139.72018,-101.624848,1.585));
#6983 = VECTOR('',#6984,1.);
#6984 = DIRECTION('',(-0.4472135955,0.894427191,0.));
#6985 = ORIENTED_EDGE('',*,*,#6986,.T.);
#6986 = EDGE_CURVE('',#6979,#6987,#6989,.T.);
#6987 = VERTEX_POINT('',#6988);
#6988 = CARTESIAN_POINT('',(139.637582,-101.505954,1.585));
#6989 = LINE('',#6990,#6991);
#6990 = CARTESIAN_POINT('',(139.685922,-101.556332,1.585));
#6991 = VECTOR('',#6992,1.);
#6992 = DIRECTION('',(-0.692361271629,0.721551016594,0.));
#6993 = ORIENTED_EDGE('',*,*,#6994,.T.);
#6994 = EDGE_CURVE('',#6987,#6995,#6997,.T.);
#6995 = VERTEX_POINT('',#6996);
#6996 = CARTESIAN_POINT('',(139.752975,-101.411253,1.585));
#6997 = CIRCLE('',#6998,7.499996838526E-02);
#6998 = AXIS2_PLACEMENT_3D('',#6999,#7000,#7001);
#6999 = CARTESIAN_POINT('',(139.69994202753,-101.464286,1.585));
#7000 = DIRECTION('',(0.,0.,-1.));
#7001 = DIRECTION('',(-0.831467384248,-0.555573567524,-0.));
#7002 = ORIENTED_EDGE('',*,*,#7003,.T.);
#7003 = EDGE_CURVE('',#6995,#7004,#7006,.T.);
#7004 = VERTEX_POINT('',#7005);
#7005 = CARTESIAN_POINT('',(139.814643,-101.478364,1.585));
#7006 = LINE('',#7007,#7008);
#7007 = CARTESIAN_POINT('',(139.752975,-101.411253,1.585));
#7008 = VECTOR('',#7009,1.);
#7009 = DIRECTION('',(0.676615964248,-0.736336089652,0.));
#7010 = ORIENTED_EDGE('',*,*,#7011,.T.);
#7011 = EDGE_CURVE('',#7004,#7012,#7014,.T.);
#7012 = VERTEX_POINT('',#7013);
#7013 = CARTESIAN_POINT('',(139.805312,-101.987759,1.585));
#7014 = CIRCLE('',#7015,0.450048483803);
#7015 = AXIS2_PLACEMENT_3D('',#7016,#7017,#7018);
#7016 = CARTESIAN_POINT('',(139.43902617954,-101.7262664847,1.585));
#7017 = DIRECTION('',(0.,0.,-1.));
#7018 = DIRECTION('',(0.834614122635,0.550835062699,0.));
#7019 = ORIENTED_EDGE('',*,*,#7020,.T.);
#7020 = EDGE_CURVE('',#7012,#7021,#7023,.T.);
#7021 = VERTEX_POINT('',#7022);
#7022 = CARTESIAN_POINT('',(139.739782,-102.051212,1.585));
#7023 = LINE('',#7024,#7025);
#7024 = CARTESIAN_POINT('',(139.805312,-101.987759,1.585));
#7025 = VECTOR('',#7026,1.);
#7026 = DIRECTION('',(-0.718400113327,-0.695630129574,0.));
#7027 = ORIENTED_EDGE('',*,*,#7028,.T.);
#7028 = EDGE_CURVE('',#7021,#7029,#7031,.T.);
#7029 = VERTEX_POINT('',#7030);
#7030 = CARTESIAN_POINT('',(139.619336,-102.109273,1.585));
#7031 = LINE('',#7032,#7033);
#7032 = CARTESIAN_POINT('',(139.739782,-102.051212,1.585));
#7033 = VECTOR('',#7034,1.);
#7034 = DIRECTION('',(-0.900801384651,-0.434231350101,0.));
#7035 = ORIENTED_EDGE('',*,*,#7036,.T.);
#7036 = EDGE_CURVE('',#7029,#7037,#7039,.T.);
#7037 = VERTEX_POINT('',#7038);
#7038 = CARTESIAN_POINT('',(139.493003,-102.108514,1.585));
#7039 = LINE('',#7040,#7041);
#7040 = CARTESIAN_POINT('',(139.619336,-102.109273,1.585));
#7041 = VECTOR('',#7042,1.);
#7042 = DIRECTION('',(-0.999981952869,6.007822993433E-03,0.));
#7043 = ORIENTED_EDGE('',*,*,#7044,.T.);
#7044 = EDGE_CURVE('',#7037,#7045,#7047,.T.);
#7045 = VERTEX_POINT('',#7046);
#7046 = CARTESIAN_POINT('',(139.324941,-102.050456,1.585));
#7047 = LINE('',#7048,#7049);
#7048 = CARTESIAN_POINT('',(139.493003,-102.108514,1.585));
#7049 = VECTOR('',#7050,1.);
#7050 = DIRECTION('',(-0.945189826766,0.32652134904,0.));
#7051 = ORIENTED_EDGE('',*,*,#7052,.T.);
#7052 = EDGE_CURVE('',#7045,#7053,#7055,.T.);
#7053 = VERTEX_POINT('',#7054);
#7054 = CARTESIAN_POINT('',(138.87018,-101.597732,1.585));
#7055 = LINE('',#7056,#7057);
#7056 = CARTESIAN_POINT('',(139.324941,-102.050456,1.585));
#7057 = VECTOR('',#7058,1.);
#7058 = DIRECTION('',(-0.708692213793,0.70551778582,0.));
#7059 = ORIENTED_EDGE('',*,*,#7060,.T.);
#7060 = EDGE_CURVE('',#7053,#7061,#7063,.T.);
#7061 = VERTEX_POINT('',#7062);
#7062 = CARTESIAN_POINT('',(138.868739,-102.050346,1.585));
#7063 = LINE('',#7064,#7065);
#7064 = CARTESIAN_POINT('',(138.87018,-101.597732,1.585));
#7065 = VECTOR('',#7066,1.);
#7066 = DIRECTION('',(-3.183712163072E-03,-0.999994931976,0.));
#7067 = ORIENTED_EDGE('',*,*,#7068,.T.);
#7068 = EDGE_CURVE('',#7061,#7069,#7071,.T.);
#7069 = VERTEX_POINT('',#7070);
#7070 = CARTESIAN_POINT('',(138.72018,-102.035714,1.585));
#7071 = CIRCLE('',#7072,7.500006711463E-02);
#7072 = AXIS2_PLACEMENT_3D('',#7073,#7074,#7075);
#7073 = CARTESIAN_POINT('',(138.79518006711,-102.0357140671,1.585));
#7074 = DIRECTION('',(-0.,0.,-1.));
#7075 = DIRECTION('',(0.980784894138,-0.195092263891,-0.));
#7076 = ORIENTED_EDGE('',*,*,#7077,.T.);
#7077 = EDGE_CURVE('',#7069,#7078,#7080,.T.);
#7078 = VERTEX_POINT('',#7079);
#7079 = CARTESIAN_POINT('',(138.721621,-101.402035,1.585));
#7080 = LINE('',#7081,#7082);
#7081 = CARTESIAN_POINT('',(138.72018,-102.035714,1.585));
#7082 = VECTOR('',#7083,1.);
#7083 = DIRECTION('',(2.274016140951E-03,0.999997414422,0.));
#7084 = ORIENTED_EDGE('',*,*,#7085,.T.);
#7085 = EDGE_CURVE('',#7078,#7086,#7088,.T.);
#7086 = VERTEX_POINT('',#7087);
#7087 = CARTESIAN_POINT('',(138.73282,-101.374999,1.585));
#7088 = LINE('',#7089,#7090);
#7089 = CARTESIAN_POINT('',(138.721621,-101.402035,1.585));
#7090 = VECTOR('',#7091,1.);
#7091 = DIRECTION('',(0.38269282806,0.923875640631,0.));
#7092 = ORIENTED_EDGE('',*,*,#7093,.T.);
#7093 = EDGE_CURVE('',#7086,#6927,#7094,.T.);
#7094 = LINE('',#7095,#7096);
#7095 = CARTESIAN_POINT('',(138.73282,-101.374999,1.585));
#7096 = VECTOR('',#7097,1.);
#7097 = DIRECTION('',(0.707106781187,0.707106781187,0.));
#7098 = PLANE('',#7099);
#7099 = AXIS2_PLACEMENT_3D('',#7100,#7101,#7102);
#7100 = CARTESIAN_POINT('',(0.,0.,1.585));
#7101 = DIRECTION('',(0.,0.,1.));
#7102 = DIRECTION('',(1.,0.,-0.));
#7103 = SHELL_BASED_SURFACE_MODEL('',(#7104));
#7104 = OPEN_SHELL('',(#7105));
#7105 = ADVANCED_FACE('',(#7106),#7276,.T.);
#7106 = FACE_BOUND('',#7107,.F.);
#7107 = EDGE_LOOP('',(#7108,#7119,#7127,#7135,#7143,#7152,#7160,#7169,
    #7177,#7186,#7194,#7203,#7211,#7219,#7227,#7236,#7244,#7253,#7261,
    #7270));
#7108 = ORIENTED_EDGE('',*,*,#7109,.T.);
#7109 = EDGE_CURVE('',#7110,#7112,#7114,.T.);
#7110 = VERTEX_POINT('',#7111);
#7111 = CARTESIAN_POINT('',(138.898202,-100.496404,1.585));
#7112 = VERTEX_POINT('',#7113);
#7113 = CARTESIAN_POINT('',(139.369162,-100.389537,1.585));
#7114 = CIRCLE('',#7115,0.768531889864);
#7115 = AXIS2_PLACEMENT_3D('',#7116,#7117,#7118);
#7116 = CARTESIAN_POINT('',(139.29513634751,-101.154495475,1.585));
#7117 = DIRECTION('',(0.,0.,-1.));
#7118 = DIRECTION('',(-0.516483899693,0.856296900238,0.));
#7119 = ORIENTED_EDGE('',*,*,#7120,.T.);
#7120 = EDGE_CURVE('',#7112,#7121,#7123,.T.);
#7121 = VERTEX_POINT('',#7122);
#7122 = CARTESIAN_POINT('',(139.590626,-100.444823,1.585));
#7123 = LINE('',#7124,#7125);
#7124 = CARTESIAN_POINT('',(139.369162,-100.389537,1.585));
#7125 = VECTOR('',#7126,1.);
#7126 = DIRECTION('',(0.970224909195,-0.242205750505,0.));
#7127 = ORIENTED_EDGE('',*,*,#7128,.T.);
#7128 = EDGE_CURVE('',#7121,#7129,#7131,.T.);
#7129 = VERTEX_POINT('',#7130);
#7130 = CARTESIAN_POINT('',(139.699606,-100.501772,1.585));
#7131 = LINE('',#7132,#7133);
#7132 = CARTESIAN_POINT('',(139.590626,-100.444823,1.585));
#7133 = VECTOR('',#7134,1.);
#7134 = DIRECTION('',(0.886284927965,-0.46314039606,0.));
#7135 = ORIENTED_EDGE('',*,*,#7136,.T.);
#7136 = EDGE_CURVE('',#7129,#7137,#7139,.T.);
#7137 = VERTEX_POINT('',#7138);
#7138 = CARTESIAN_POINT('',(139.812718,-100.617619,1.585));
#7139 = LINE('',#7140,#7141);
#7140 = CARTESIAN_POINT('',(139.699606,-100.501772,1.585));
#7141 = VECTOR('',#7142,1.);
#7142 = DIRECTION('',(0.698610287737,-0.715502387045,0.));
#7143 = ORIENTED_EDGE('',*,*,#7144,.T.);
#7144 = EDGE_CURVE('',#7137,#7145,#7147,.T.);
#7145 = VERTEX_POINT('',#7146);
#7146 = CARTESIAN_POINT('',(139.809921,-101.077382,1.585));
#7147 = CIRCLE('',#7148,0.461065893219);
#7148 = AXIS2_PLACEMENT_3D('',#7149,#7150,#7151);
#7149 = CARTESIAN_POINT('',(139.41165916105,-100.8450691386,1.585));
#7150 = DIRECTION('',(0.,0.,-1.));
#7151 = DIRECTION('',(0.869851456908,0.493313736799,0.));
#7152 = ORIENTED_EDGE('',*,*,#7153,.T.);
#7153 = EDGE_CURVE('',#7145,#7154,#7156,.T.);
#7154 = VERTEX_POINT('',#7155);
#7155 = CARTESIAN_POINT('',(139.74161,-101.145693,1.585));
#7156 = LINE('',#7157,#7158);
#7157 = CARTESIAN_POINT('',(139.809921,-101.077382,1.585));
#7158 = VECTOR('',#7159,1.);
#7159 = DIRECTION('',(-0.707106781187,-0.707106781187,0.));
#7160 = ORIENTED_EDGE('',*,*,#7161,.T.);
#7161 = EDGE_CURVE('',#7154,#7162,#7164,.T.);
#7162 = VERTEX_POINT('',#7163);
#7163 = CARTESIAN_POINT('',(139.646909,-101.0303,1.585));
#7164 = CIRCLE('',#7165,7.499996838528E-02);
#7165 = AXIS2_PLACEMENT_3D('',#7166,#7167,#7168);
#7166 = CARTESIAN_POINT('',(139.699942,-101.0833329724,1.585));
#7167 = DIRECTION('',(0.,0.,-1.));
#7168 = DIRECTION('',(0.555573567524,-0.831467384248,0.));
#7169 = ORIENTED_EDGE('',*,*,#7170,.T.);
#7170 = EDGE_CURVE('',#7162,#7171,#7173,.T.);
#7171 = VERTEX_POINT('',#7172);
#7172 = CARTESIAN_POINT('',(139.682009,-100.9952,1.585));
#7173 = LINE('',#7174,#7175);
#7174 = CARTESIAN_POINT('',(139.646909,-101.0303,1.585));
#7175 = VECTOR('',#7176,1.);
#7176 = DIRECTION('',(0.707106781187,0.707106781187,0.));
#7177 = ORIENTED_EDGE('',*,*,#7178,.T.);
#7178 = EDGE_CURVE('',#7171,#7179,#7181,.T.);
#7179 = VERTEX_POINT('',#7180);
#7180 = CARTESIAN_POINT('',(139.682009,-100.695276,1.585));
#7181 = CIRCLE('',#7182,0.299308637371);
#7182 = AXIS2_PLACEMENT_3D('',#7183,#7184,#7185);
#7183 = CARTESIAN_POINT('',(139.422978,-100.845238,1.585));
#7184 = DIRECTION('',(0.,-0.,1.));
#7185 = DIRECTION('',(0.865431089042,-0.501027973389,-0.));
#7186 = ORIENTED_EDGE('',*,*,#7187,.T.);
#7187 = EDGE_CURVE('',#7179,#7188,#7190,.T.);
#7188 = VERTEX_POINT('',#7189);
#7189 = CARTESIAN_POINT('',(139.607896,-100.621163,1.585));
#7190 = LINE('',#7191,#7192);
#7191 = CARTESIAN_POINT('',(139.682009,-100.695276,1.585));
#7192 = VECTOR('',#7193,1.);
#7193 = DIRECTION('',(-0.707106781186,0.707106781187,0.));
#7194 = ORIENTED_EDGE('',*,*,#7195,.T.);
#7195 = EDGE_CURVE('',#7188,#7196,#7198,.T.);
#7196 = VERTEX_POINT('',#7197);
#7197 = CARTESIAN_POINT('',(139.232986,-100.539286,1.585));
#7198 = CIRCLE('',#7199,0.611712714363);
#7199 = AXIS2_PLACEMENT_3D('',#7200,#7201,#7202);
#7200 = CARTESIAN_POINT('',(139.29651131779,-101.1476912752,1.585));
#7201 = DIRECTION('',(0.,0.,1.));
#7202 = DIRECTION('',(0.509037453188,0.860744370444,-0.));
#7203 = ORIENTED_EDGE('',*,*,#7204,.T.);
#7204 = EDGE_CURVE('',#7196,#7205,#7207,.T.);
#7205 = VERTEX_POINT('',#7206);
#7206 = CARTESIAN_POINT('',(139.059452,-100.582669,1.585));
#7207 = LINE('',#7208,#7209);
#7208 = CARTESIAN_POINT('',(139.232986,-100.539286,1.585));
#7209 = VECTOR('',#7210,1.);
#7210 = DIRECTION('',(-0.970143157849,-0.242532994208,0.));
#7211 = ORIENTED_EDGE('',*,*,#7212,.T.);
#7212 = EDGE_CURVE('',#7205,#7213,#7215,.T.);
#7213 = VERTEX_POINT('',#7214);
#7214 = CARTESIAN_POINT('',(138.982465,-100.621163,1.585));
#7215 = LINE('',#7216,#7217);
#7216 = CARTESIAN_POINT('',(139.059452,-100.582669,1.585));
#7217 = VECTOR('',#7218,1.);
#7218 = DIRECTION('',(-0.894424867414,-0.447218242641,0.));
#7219 = ORIENTED_EDGE('',*,*,#7220,.T.);
#7220 = EDGE_CURVE('',#7213,#7221,#7223,.T.);
#7221 = VERTEX_POINT('',#7222);
#7222 = CARTESIAN_POINT('',(138.908351,-100.695276,1.585));
#7223 = LINE('',#7224,#7225);
#7224 = CARTESIAN_POINT('',(138.982465,-100.621163,1.585));
#7225 = VECTOR('',#7226,1.);
#7226 = DIRECTION('',(-0.707111551602,-0.707102010739,0.));
#7227 = ORIENTED_EDGE('',*,*,#7228,.T.);
#7228 = EDGE_CURVE('',#7221,#7229,#7231,.T.);
#7229 = VERTEX_POINT('',#7230);
#7230 = CARTESIAN_POINT('',(138.908351,-100.995199,1.585));
#7231 = CIRCLE('',#7232,0.299307892405);
#7232 = AXIS2_PLACEMENT_3D('',#7233,#7234,#7235);
#7233 = CARTESIAN_POINT('',(139.16738142866,-100.8452375,1.585));
#7234 = DIRECTION('',(0.,0.,1.));
#7235 = DIRECTION('',(-0.86543133421,0.501027549909,0.));
#7236 = ORIENTED_EDGE('',*,*,#7237,.T.);
#7237 = EDGE_CURVE('',#7229,#7238,#7240,.T.);
#7238 = VERTEX_POINT('',#7239);
#7239 = CARTESIAN_POINT('',(138.952779,-101.041665,1.585));
#7240 = LINE('',#7241,#7242);
#7241 = CARTESIAN_POINT('',(138.908351,-100.995199,1.585));
#7242 = VECTOR('',#7243,1.);
#7243 = DIRECTION('',(0.691078537131,-0.722779672872,0.));
#7244 = ORIENTED_EDGE('',*,*,#7245,.T.);
#7245 = EDGE_CURVE('',#7238,#7246,#7248,.T.);
#7246 = VERTEX_POINT('',#7247);
#7247 = CARTESIAN_POINT('',(138.837386,-101.136366,1.585));
#7248 = CIRCLE('',#7249,7.500003178655E-02);
#7249 = AXIS2_PLACEMENT_3D('',#7250,#7251,#7252);
#7250 = CARTESIAN_POINT('',(138.89041856212,-101.0833325,1.585));
#7251 = DIRECTION('',(0.,0.,-1.));
#7252 = DIRECTION('',(0.83147215258,0.555566431206,0.));
#7253 = ORIENTED_EDGE('',*,*,#7254,.T.);
#7254 = EDGE_CURVE('',#7246,#7255,#7257,.T.);
#7255 = VERTEX_POINT('',#7256);
#7256 = CARTESIAN_POINT('',(138.777643,-101.072857,1.585));
#7257 = LINE('',#7258,#7259);
#7258 = CARTESIAN_POINT('',(138.837386,-101.136366,1.585));
#7259 = VECTOR('',#7260,1.);
#7260 = DIRECTION('',(-0.685181155225,0.728372696169,0.));
#7261 = ORIENTED_EDGE('',*,*,#7262,.T.);
#7262 = EDGE_CURVE('',#7255,#7263,#7265,.T.);
#7263 = VERTEX_POINT('',#7264);
#7264 = CARTESIAN_POINT('',(138.78044,-100.613094,1.585));
#7265 = CIRCLE('',#7266,0.461053803939);
#7266 = AXIS2_PLACEMENT_3D('',#7267,#7268,#7269);
#7267 = CARTESIAN_POINT('',(139.17868789267,-100.8454067764,1.585));
#7268 = DIRECTION('',(0.,0.,-1.));
#7269 = DIRECTION('',(-0.86984401657,-0.493326855986,-0.));
#7270 = ORIENTED_EDGE('',*,*,#7271,.T.);
#7271 = EDGE_CURVE('',#7263,#7110,#7272,.T.);
#7272 = LINE('',#7273,#7274);
#7273 = CARTESIAN_POINT('',(138.78044,-100.613094,1.585));
#7274 = VECTOR('',#7275,1.);
#7275 = DIRECTION('',(0.710332505875,0.70386627359,0.));
#7276 = PLANE('',#7277);
#7277 = AXIS2_PLACEMENT_3D('',#7278,#7279,#7280);
#7278 = CARTESIAN_POINT('',(0.,0.,1.585));
#7279 = DIRECTION('',(0.,0.,1.));
#7280 = DIRECTION('',(1.,0.,-0.));
#7281 = SHELL_BASED_SURFACE_MODEL('',(#7282));
#7282 = OPEN_SHELL('',(#7283));
#7283 = ADVANCED_FACE('',(#7284),#7427,.T.);
#7284 = FACE_BOUND('',#7285,.F.);
#7285 = EDGE_LOOP('',(#7286,#7297,#7305,#7314,#7322,#7330,#7338,#7347,
    #7355,#7363,#7372,#7380,#7388,#7397,#7405,#7413,#7421));
#7286 = ORIENTED_EDGE('',*,*,#7287,.T.);
#7287 = EDGE_CURVE('',#7288,#7290,#7292,.T.);
#7288 = VERTEX_POINT('',#7289);
#7289 = CARTESIAN_POINT('',(161.338141,-93.512478,1.585));
#7290 = VERTEX_POINT('',#7291);
#7291 = CARTESIAN_POINT('',(161.391725,-93.497804,1.585));
#7292 = CIRCLE('',#7293,5.000055192683E-02);
#7293 = AXIS2_PLACEMENT_3D('',#7294,#7295,#7296);
#7294 = CARTESIAN_POINT('',(161.37591380141,-93.54523880992,1.585));
#7295 = DIRECTION('',(0.,0.,-1.));
#7296 = DIRECTION('',(-0.755447689168,0.655208965851,0.));
#7297 = ORIENTED_EDGE('',*,*,#7298,.T.);
#7298 = EDGE_CURVE('',#7290,#7299,#7301,.T.);
#7299 = VERTEX_POINT('',#7300);
#7300 = CARTESIAN_POINT('',(162.106011,-93.735899,1.585));
#7301 = LINE('',#7302,#7303);
#7302 = CARTESIAN_POINT('',(161.391725,-93.497804,1.585));
#7303 = VECTOR('',#7304,1.);
#7304 = DIRECTION('',(0.948683430866,-0.31622736757,0.));
#7305 = ORIENTED_EDGE('',*,*,#7306,.T.);
#7306 = EDGE_CURVE('',#7299,#7307,#7309,.T.);
#7307 = VERTEX_POINT('',#7308);
#7308 = CARTESIAN_POINT('',(162.074388,-93.830767,1.585));
#7309 = CIRCLE('',#7310,4.999987888401E-02);
#7310 = AXIS2_PLACEMENT_3D('',#7311,#7312,#7313);
#7311 = CARTESIAN_POINT('',(162.09019988812,-93.78333312937,1.585));
#7312 = DIRECTION('',(0.,0.,-1.));
#7313 = DIRECTION('',(0.316223003505,0.948684885541,0.));
#7314 = ORIENTED_EDGE('',*,*,#7315,.T.);
#7315 = EDGE_CURVE('',#7307,#7316,#7318,.T.);
#7316 = VERTEX_POINT('',#7317);
#7317 = CARTESIAN_POINT('',(161.425914,-93.614609,1.585));
#7318 = LINE('',#7319,#7320);
#7319 = CARTESIAN_POINT('',(162.074388,-93.830767,1.585));
#7320 = VECTOR('',#7321,1.);
#7321 = DIRECTION('',(-0.948683298051,0.316227766017,0.));
#7322 = ORIENTED_EDGE('',*,*,#7323,.T.);
#7323 = EDGE_CURVE('',#7316,#7324,#7326,.T.);
#7324 = VERTEX_POINT('',#7325);
#7325 = CARTESIAN_POINT('',(161.425914,-93.971428,1.585));
#7326 = LINE('',#7327,#7328);
#7327 = CARTESIAN_POINT('',(161.425914,-93.614609,1.585));
#7328 = VECTOR('',#7329,1.);
#7329 = DIRECTION('',(0.,-1.,0.));
#7330 = ORIENTED_EDGE('',*,*,#7331,.T.);
#7331 = EDGE_CURVE('',#7324,#7332,#7334,.T.);
#7332 = VERTEX_POINT('',#7333);
#7333 = CARTESIAN_POINT('',(161.709247,-93.971428,1.585));
#7334 = LINE('',#7335,#7336);
#7335 = CARTESIAN_POINT('',(161.425914,-93.971428,1.585));
#7336 = VECTOR('',#7337,1.);
#7337 = DIRECTION('',(1.,0.,0.));
#7338 = ORIENTED_EDGE('',*,*,#7339,.T.);
#7339 = EDGE_CURVE('',#7332,#7340,#7342,.T.);
#7340 = VERTEX_POINT('',#7341);
#7341 = CARTESIAN_POINT('',(161.709247,-94.071428,1.585));
#7342 = CIRCLE('',#7343,5.000000000002E-02);
#7343 = AXIS2_PLACEMENT_3D('',#7344,#7345,#7346);
#7344 = CARTESIAN_POINT('',(161.70924695228,-94.021428,1.585));
#7345 = DIRECTION('',(0.,0.,-1.));
#7346 = DIRECTION('',(9.542367251921E-07,1.,0.));
#7347 = ORIENTED_EDGE('',*,*,#7348,.T.);
#7348 = EDGE_CURVE('',#7340,#7349,#7351,.T.);
#7349 = VERTEX_POINT('',#7350);
#7350 = CARTESIAN_POINT('',(161.425914,-94.071428,1.585));
#7351 = LINE('',#7352,#7353);
#7352 = CARTESIAN_POINT('',(161.709247,-94.071428,1.585));
#7353 = VECTOR('',#7354,1.);
#7354 = DIRECTION('',(-1.,0.,0.));
#7355 = ORIENTED_EDGE('',*,*,#7356,.T.);
#7356 = EDGE_CURVE('',#7349,#7357,#7359,.T.);
#7357 = VERTEX_POINT('',#7358);
#7358 = CARTESIAN_POINT('',(161.425914,-94.164285,1.585));
#7359 = LINE('',#7360,#7361);
#7360 = CARTESIAN_POINT('',(161.425914,-94.071428,1.585));
#7361 = VECTOR('',#7362,1.);
#7362 = DIRECTION('',(0.,-1.,0.));
#7363 = ORIENTED_EDGE('',*,*,#7364,.T.);
#7364 = EDGE_CURVE('',#7357,#7365,#7367,.T.);
#7365 = VERTEX_POINT('',#7366);
#7366 = CARTESIAN_POINT('',(161.325914,-94.164285,1.585));
#7367 = CIRCLE('',#7368,5.000000000002E-02);
#7368 = AXIS2_PLACEMENT_3D('',#7369,#7370,#7371);
#7369 = CARTESIAN_POINT('',(161.375914,-94.16428495228,1.585));
#7370 = DIRECTION('',(-0.,0.,-1.));
#7371 = DIRECTION('',(1.,-9.542364409747E-07,-0.));
#7372 = ORIENTED_EDGE('',*,*,#7373,.T.);
#7373 = EDGE_CURVE('',#7365,#7374,#7376,.T.);
#7374 = VERTEX_POINT('',#7375);
#7375 = CARTESIAN_POINT('',(161.325914,-94.071428,1.585));
#7376 = LINE('',#7377,#7378);
#7377 = CARTESIAN_POINT('',(161.325914,-94.164285,1.585));
#7378 = VECTOR('',#7379,1.);
#7379 = DIRECTION('',(0.,1.,0.));
#7380 = ORIENTED_EDGE('',*,*,#7381,.T.);
#7381 = EDGE_CURVE('',#7374,#7382,#7384,.T.);
#7382 = VERTEX_POINT('',#7383);
#7383 = CARTESIAN_POINT('',(161.04258,-94.071428,1.585));
#7384 = LINE('',#7385,#7386);
#7385 = CARTESIAN_POINT('',(161.325914,-94.071428,1.585));
#7386 = VECTOR('',#7387,1.);
#7387 = DIRECTION('',(-1.,0.,0.));
#7388 = ORIENTED_EDGE('',*,*,#7389,.T.);
#7389 = EDGE_CURVE('',#7382,#7390,#7392,.T.);
#7390 = VERTEX_POINT('',#7391);
#7391 = CARTESIAN_POINT('',(161.04258,-93.971428,1.585));
#7392 = CIRCLE('',#7393,5.000000000002E-02);
#7393 = AXIS2_PLACEMENT_3D('',#7394,#7395,#7396);
#7394 = CARTESIAN_POINT('',(161.04258004771,-94.021428,1.585));
#7395 = DIRECTION('',(0.,0.,-1.));
#7396 = DIRECTION('',(-9.542367251921E-07,-1.,-0.));
#7397 = ORIENTED_EDGE('',*,*,#7398,.T.);
#7398 = EDGE_CURVE('',#7390,#7399,#7401,.T.);
#7399 = VERTEX_POINT('',#7400);
#7400 = CARTESIAN_POINT('',(161.325914,-93.971428,1.585));
#7401 = LINE('',#7402,#7403);
#7402 = CARTESIAN_POINT('',(161.04258,-93.971428,1.585));
#7403 = VECTOR('',#7404,1.);
#7404 = DIRECTION('',(1.,0.,0.));
#7405 = ORIENTED_EDGE('',*,*,#7406,.T.);
#7406 = EDGE_CURVE('',#7399,#7407,#7409,.T.);
#7407 = VERTEX_POINT('',#7408);
#7408 = CARTESIAN_POINT('',(161.325914,-93.545238,1.585));
#7409 = LINE('',#7410,#7411);
#7410 = CARTESIAN_POINT('',(161.325914,-93.971428,1.585));
#7411 = VECTOR('',#7412,1.);
#7412 = DIRECTION('',(0.,1.,0.));
#7413 = ORIENTED_EDGE('',*,*,#7414,.T.);
#7414 = EDGE_CURVE('',#7407,#7415,#7417,.T.);
#7415 = VERTEX_POINT('',#7416);
#7416 = CARTESIAN_POINT('',(161.32972,-93.526104,1.585));
#7417 = LINE('',#7418,#7419);
#7418 = CARTESIAN_POINT('',(161.325914,-93.545238,1.585));
#7419 = VECTOR('',#7420,1.);
#7420 = DIRECTION('',(0.195090852695,0.980785174845,0.));
#7421 = ORIENTED_EDGE('',*,*,#7422,.T.);
#7422 = EDGE_CURVE('',#7415,#7288,#7423,.T.);
#7423 = LINE('',#7424,#7425);
#7424 = CARTESIAN_POINT('',(161.32972,-93.526104,1.585));
#7425 = VECTOR('',#7426,1.);
#7426 = DIRECTION('',(0.525716153479,0.850660053118,0.));
#7427 = PLANE('',#7428);
#7428 = AXIS2_PLACEMENT_3D('',#7429,#7430,#7431);
#7429 = CARTESIAN_POINT('',(0.,0.,1.585));
#7430 = DIRECTION('',(0.,0.,1.));
#7431 = DIRECTION('',(1.,0.,-0.));
#7432 = SHELL_BASED_SURFACE_MODEL('',(#7433));
#7433 = OPEN_SHELL('',(#7434));
#7434 = ADVANCED_FACE('',(#7435),#7528,.T.);
#7435 = FACE_BOUND('',#7436,.F.);
#7436 = EDGE_LOOP('',(#7437,#7448,#7456,#7465,#7473,#7482,#7490,#7498,
    #7506,#7514,#7522));
#7437 = ORIENTED_EDGE('',*,*,#7438,.T.);
#7438 = EDGE_CURVE('',#7439,#7441,#7443,.T.);
#7439 = VERTEX_POINT('',#7440);
#7440 = CARTESIAN_POINT('',(160.996386,-92.71658,1.585));
#7441 = VERTEX_POINT('',#7442);
#7442 = CARTESIAN_POINT('',(161.09258,-92.735714,1.585));
#7443 = CIRCLE('',#7444,4.999998452109E-02);
#7444 = AXIS2_PLACEMENT_3D('',#7445,#7446,#7447);
#7445 = CARTESIAN_POINT('',(161.04258001547,-92.73571403736,1.585));
#7446 = DIRECTION('',(0.,0.,-1.));
#7447 = DIRECTION('',(-0.923880595592,0.382680865852,0.));
#7448 = ORIENTED_EDGE('',*,*,#7449,.T.);
#7449 = EDGE_CURVE('',#7441,#7450,#7452,.T.);
#7450 = VERTEX_POINT('',#7451);
#7451 = CARTESIAN_POINT('',(161.09258,-92.822837,1.585));
#7452 = LINE('',#7453,#7454);
#7453 = CARTESIAN_POINT('',(161.09258,-92.735714,1.585));
#7454 = VECTOR('',#7455,1.);
#7455 = DIRECTION('',(0.,-1.,0.));
#7456 = ORIENTED_EDGE('',*,*,#7457,.T.);
#7457 = EDGE_CURVE('',#7450,#7458,#7460,.T.);
#7458 = VERTEX_POINT('',#7459);
#7459 = CARTESIAN_POINT('',(161.336408,-93.066666,1.585));
#7460 = CIRCLE('',#7461,0.263100259494);
#7461 = AXIS2_PLACEMENT_3D('',#7462,#7463,#7464);
#7462 = CARTESIAN_POINT('',(161.3550211145,-92.80422496183,1.585));
#7463 = DIRECTION('',(0.,0.,1.));
#7464 = DIRECTION('',(-0.997494700335,-7.074123835223E-02,0.));
#7465 = ORIENTED_EDGE('',*,*,#7466,.T.);
#7466 = EDGE_CURVE('',#7458,#7467,#7469,.T.);
#7467 = VERTEX_POINT('',#7468);
#7468 = CARTESIAN_POINT('',(162.04258,-93.066666,1.585));
#7469 = LINE('',#7470,#7471);
#7470 = CARTESIAN_POINT('',(161.336408,-93.066666,1.585));
#7471 = VECTOR('',#7472,1.);
#7472 = DIRECTION('',(1.,0.,0.));
#7473 = ORIENTED_EDGE('',*,*,#7474,.T.);
#7474 = EDGE_CURVE('',#7467,#7475,#7477,.T.);
#7475 = VERTEX_POINT('',#7476);
#7476 = CARTESIAN_POINT('',(162.04258,-93.166666,1.585));
#7477 = CIRCLE('',#7478,5.000000000003E-02);
#7478 = AXIS2_PLACEMENT_3D('',#7479,#7480,#7481);
#7479 = CARTESIAN_POINT('',(162.04257995228,-93.116666,1.585));
#7480 = DIRECTION('',(0.,0.,-1.));
#7481 = DIRECTION('',(9.542361567576E-07,1.,0.));
#7482 = ORIENTED_EDGE('',*,*,#7483,.T.);
#7483 = EDGE_CURVE('',#7475,#7484,#7486,.T.);
#7484 = VERTEX_POINT('',#7485);
#7485 = CARTESIAN_POINT('',(161.312483,-93.1641,1.585));
#7486 = LINE('',#7487,#7488);
#7487 = CARTESIAN_POINT('',(162.04258,-93.166666,1.585));
#7488 = VECTOR('',#7489,1.);
#7489 = DIRECTION('',(-0.999993823845,3.51457977774E-03,0.));
#7490 = ORIENTED_EDGE('',*,*,#7491,.T.);
#7491 = EDGE_CURVE('',#7484,#7492,#7494,.T.);
#7492 = VERTEX_POINT('',#7493);
#7493 = CARTESIAN_POINT('',(161.159643,-93.11079,1.585));
#7494 = LINE('',#7495,#7496);
#7495 = CARTESIAN_POINT('',(161.312483,-93.1641,1.585));
#7496 = VECTOR('',#7497,1.);
#7497 = DIRECTION('',(-0.944212244466,0.329337573623,0.));
#7498 = ORIENTED_EDGE('',*,*,#7499,.T.);
#7499 = EDGE_CURVE('',#7492,#7500,#7502,.T.);
#7500 = VERTEX_POINT('',#7501);
#7501 = CARTESIAN_POINT('',(161.048455,-92.999601,1.585));
#7502 = LINE('',#7503,#7504);
#7503 = CARTESIAN_POINT('',(161.159643,-93.11079,1.585));
#7504 = VECTOR('',#7505,1.);
#7505 = DIRECTION('',(-0.707103601414,0.707109960945,0.));
#7506 = ORIENTED_EDGE('',*,*,#7507,.T.);
#7507 = EDGE_CURVE('',#7500,#7508,#7510,.T.);
#7508 = VERTEX_POINT('',#7509);
#7509 = CARTESIAN_POINT('',(160.99258,-92.830952,1.585));
#7510 = LINE('',#7511,#7512);
#7511 = CARTESIAN_POINT('',(161.048455,-92.999601,1.585));
#7512 = VECTOR('',#7513,1.);
#7513 = DIRECTION('',(-0.31449813424,0.949258091122,0.));
#7514 = ORIENTED_EDGE('',*,*,#7515,.T.);
#7515 = EDGE_CURVE('',#7508,#7516,#7518,.T.);
#7516 = VERTEX_POINT('',#7517);
#7517 = CARTESIAN_POINT('',(160.99258,-92.735714,1.585));
#7518 = LINE('',#7519,#7520);
#7519 = CARTESIAN_POINT('',(160.99258,-92.830952,1.585));
#7520 = VECTOR('',#7521,1.);
#7521 = DIRECTION('',(0.,1.,0.));
#7522 = ORIENTED_EDGE('',*,*,#7523,.T.);
#7523 = EDGE_CURVE('',#7516,#7439,#7524,.T.);
#7524 = LINE('',#7525,#7526);
#7525 = CARTESIAN_POINT('',(160.99258,-92.735714,1.585));
#7526 = VECTOR('',#7527,1.);
#7527 = DIRECTION('',(0.195090852694,0.980785174845,0.));
#7528 = PLANE('',#7529);
#7529 = AXIS2_PLACEMENT_3D('',#7530,#7531,#7532);
#7530 = CARTESIAN_POINT('',(0.,0.,1.585));
#7531 = DIRECTION('',(0.,0.,1.));
#7532 = DIRECTION('',(1.,0.,-0.));
#7533 = SHELL_BASED_SURFACE_MODEL('',(#7534));
#7534 = OPEN_SHELL('',(#7535));
#7535 = ADVANCED_FACE('',(#7536),#7606,.T.);
#7536 = FACE_BOUND('',#7537,.F.);
#7537 = EDGE_LOOP('',(#7538,#7549,#7557,#7566,#7574,#7583,#7591,#7600));
#7538 = ORIENTED_EDGE('',*,*,#7539,.T.);
#7539 = EDGE_CURVE('',#7540,#7542,#7544,.T.);
#7540 = VERTEX_POINT('',#7541);
#7541 = CARTESIAN_POINT('',(130.457419,-76.883333,1.585));
#7542 = VERTEX_POINT('',#7543);
#7543 = CARTESIAN_POINT('',(130.457419,-76.783333,1.585));
#7544 = CIRCLE('',#7545,5.000000000002E-02);
#7545 = AXIS2_PLACEMENT_3D('',#7546,#7547,#7548);
#7546 = CARTESIAN_POINT('',(130.45741904771,-76.833333,1.585));
#7547 = DIRECTION('',(0.,0.,-1.));
#7548 = DIRECTION('',(-9.542367251921E-07,-1.,-0.));
#7549 = ORIENTED_EDGE('',*,*,#7550,.T.);
#7550 = EDGE_CURVE('',#7542,#7551,#7553,.T.);
#7551 = VERTEX_POINT('',#7552);
#7552 = CARTESIAN_POINT('',(131.179566,-76.784896,1.585));
#7553 = LINE('',#7554,#7555);
#7554 = CARTESIAN_POINT('',(130.457419,-76.783333,1.585));
#7555 = VECTOR('',#7556,1.);
#7556 = DIRECTION('',(0.999997657739,-2.164374205046E-03,0.));
#7557 = ORIENTED_EDGE('',*,*,#7558,.T.);
#7558 = EDGE_CURVE('',#7551,#7559,#7561,.T.);
#7559 = VERTEX_POINT('',#7560);
#7560 = CARTESIAN_POINT('',(131.507419,-77.119047,1.585));
#7561 = CIRCLE('',#7562,0.360415043145);
#7562 = AXIS2_PLACEMENT_3D('',#7563,#7564,#7565);
#7563 = CARTESIAN_POINT('',(131.14786283408,-77.14391398366,1.585));
#7564 = DIRECTION('',(0.,0.,-1.));
#7565 = DIRECTION('',(8.796293750515E-02,0.996123748149,0.));
#7566 = ORIENTED_EDGE('',*,*,#7567,.T.);
#7567 = EDGE_CURVE('',#7559,#7568,#7570,.T.);
#7568 = VERTEX_POINT('',#7569);
#7569 = CARTESIAN_POINT('',(131.507419,-77.214285,1.585));
#7570 = LINE('',#7571,#7572);
#7571 = CARTESIAN_POINT('',(131.507419,-77.119047,1.585));
#7572 = VECTOR('',#7573,1.);
#7573 = DIRECTION('',(0.,-1.,0.));
#7574 = ORIENTED_EDGE('',*,*,#7575,.T.);
#7575 = EDGE_CURVE('',#7568,#7576,#7578,.T.);
#7576 = VERTEX_POINT('',#7577);
#7577 = CARTESIAN_POINT('',(131.407419,-77.214285,1.585));
#7578 = CIRCLE('',#7579,5.000000000003E-02);
#7579 = AXIS2_PLACEMENT_3D('',#7580,#7581,#7582);
#7580 = CARTESIAN_POINT('',(131.457419,-77.21428495228,1.585));
#7581 = DIRECTION('',(-0.,0.,-1.));
#7582 = DIRECTION('',(1.,-9.542367251918E-07,-0.));
#7583 = ORIENTED_EDGE('',*,*,#7584,.T.);
#7584 = EDGE_CURVE('',#7576,#7585,#7587,.T.);
#7585 = VERTEX_POINT('',#7586);
#7586 = CARTESIAN_POINT('',(131.407419,-77.12716,1.585));
#7587 = LINE('',#7588,#7589);
#7588 = CARTESIAN_POINT('',(131.407419,-77.214285,1.585));
#7589 = VECTOR('',#7590,1.);
#7590 = DIRECTION('',(0.,1.,0.));
#7591 = ORIENTED_EDGE('',*,*,#7592,.T.);
#7592 = EDGE_CURVE('',#7585,#7593,#7595,.T.);
#7593 = VERTEX_POINT('',#7594);
#7594 = CARTESIAN_POINT('',(131.163591,-76.883333,1.585));
#7595 = CIRCLE('',#7596,0.26309963303);
#7596 = AXIS2_PLACEMENT_3D('',#7597,#7598,#7599);
#7597 = CARTESIAN_POINT('',(131.1449786145,-77.14577346183,1.585));
#7598 = DIRECTION('',(0.,0.,1.));
#7599 = DIRECTION('',(0.997494304623,7.074681791639E-02,-0.));
#7600 = ORIENTED_EDGE('',*,*,#7601,.T.);
#7601 = EDGE_CURVE('',#7593,#7540,#7602,.T.);
#7602 = LINE('',#7603,#7604);
#7603 = CARTESIAN_POINT('',(131.163591,-76.883333,1.585));
#7604 = VECTOR('',#7605,1.);
#7605 = DIRECTION('',(-1.,0.,0.));
#7606 = PLANE('',#7607);
#7607 = AXIS2_PLACEMENT_3D('',#7608,#7609,#7610);
#7608 = CARTESIAN_POINT('',(0.,0.,1.585));
#7609 = DIRECTION('',(0.,0.,1.));
#7610 = DIRECTION('',(1.,0.,-0.));
#7611 = SHELL_BASED_SURFACE_MODEL('',(#7612));
#7612 = OPEN_SHELL('',(#7613));
#7613 = ADVANCED_FACE('',(#7614),#7740,.T.);
#7614 = FACE_BOUND('',#7615,.F.);
#7615 = EDGE_LOOP('',(#7616,#7627,#7635,#7644,#7652,#7660,#7668,#7676,
    #7685,#7693,#7701,#7709,#7718,#7726,#7734));
#7616 = ORIENTED_EDGE('',*,*,#7617,.T.);
#7617 = EDGE_CURVE('',#7618,#7620,#7622,.T.);
#7618 = VERTEX_POINT('',#7619);
#7619 = CARTESIAN_POINT('',(131.411225,-75.814199,1.585));
#7620 = VERTEX_POINT('',#7621);
#7621 = CARTESIAN_POINT('',(131.507419,-75.833333,1.585));
#7622 = CIRCLE('',#7623,4.999998452108E-02);
#7623 = AXIS2_PLACEMENT_3D('',#7624,#7625,#7626);
#7624 = CARTESIAN_POINT('',(131.45741901547,-75.83333303736,1.585));
#7625 = DIRECTION('',(0.,0.,-1.));
#7626 = DIRECTION('',(-0.923880595592,0.382680865851,0.));
#7627 = ORIENTED_EDGE('',*,*,#7628,.T.);
#7628 = EDGE_CURVE('',#7620,#7629,#7631,.T.);
#7629 = VERTEX_POINT('',#7630);
#7630 = CARTESIAN_POINT('',(131.507419,-76.404761,1.585));
#7631 = LINE('',#7632,#7633);
#7632 = CARTESIAN_POINT('',(131.507419,-75.833333,1.585));
#7633 = VECTOR('',#7634,1.);
#7634 = DIRECTION('',(0.,-1.,0.));
#7635 = ORIENTED_EDGE('',*,*,#7636,.T.);
#7636 = EDGE_CURVE('',#7629,#7637,#7639,.T.);
#7637 = VERTEX_POINT('',#7638);
#7638 = CARTESIAN_POINT('',(131.407419,-76.404761,1.585));
#7639 = CIRCLE('',#7640,5.000000000003E-02);
#7640 = AXIS2_PLACEMENT_3D('',#7641,#7642,#7643);
#7641 = CARTESIAN_POINT('',(131.457419,-76.40476095228,1.585));
#7642 = DIRECTION('',(-0.,0.,-1.));
#7643 = DIRECTION('',(1.,-9.542367251918E-07,-0.));
#7644 = ORIENTED_EDGE('',*,*,#7645,.T.);
#7645 = EDGE_CURVE('',#7637,#7646,#7648,.T.);
#7646 = VERTEX_POINT('',#7647);
#7647 = CARTESIAN_POINT('',(131.407419,-76.169047,1.585));
#7648 = LINE('',#7649,#7650);
#7649 = CARTESIAN_POINT('',(131.407419,-76.404761,1.585));
#7650 = VECTOR('',#7651,1.);
#7651 = DIRECTION('',(0.,1.,0.));
#7652 = ORIENTED_EDGE('',*,*,#7653,.T.);
#7653 = EDGE_CURVE('',#7646,#7654,#7656,.T.);
#7654 = VERTEX_POINT('',#7655);
#7655 = CARTESIAN_POINT('',(130.622557,-76.169047,1.585));
#7656 = LINE('',#7657,#7658);
#7657 = CARTESIAN_POINT('',(131.407419,-76.169047,1.585));
#7658 = VECTOR('',#7659,1.);
#7659 = DIRECTION('',(-1.,0.,0.));
#7660 = ORIENTED_EDGE('',*,*,#7661,.T.);
#7661 = EDGE_CURVE('',#7654,#7662,#7664,.T.);
#7662 = VERTEX_POINT('',#7663);
#7663 = CARTESIAN_POINT('',(130.740235,-76.287162,1.585));
#7664 = LINE('',#7665,#7666);
#7665 = CARTESIAN_POINT('',(130.622557,-76.169047,1.585));
#7666 = VECTOR('',#7667,1.);
#7667 = DIRECTION('',(0.705795073565,-0.708416060046,0.));
#7668 = ORIENTED_EDGE('',*,*,#7669,.T.);
#7669 = EDGE_CURVE('',#7662,#7670,#7672,.T.);
#7670 = VERTEX_POINT('',#7671);
#7671 = CARTESIAN_POINT('',(130.787854,-76.3824,1.585));
#7672 = LINE('',#7673,#7674);
#7673 = CARTESIAN_POINT('',(130.740235,-76.287162,1.585));
#7674 = VECTOR('',#7675,1.);
#7675 = DIRECTION('',(0.4472135955,-0.894427191,0.));
#7676 = ORIENTED_EDGE('',*,*,#7677,.T.);
#7677 = EDGE_CURVE('',#7670,#7678,#7680,.T.);
#7678 = VERTEX_POINT('',#7679);
#7679 = CARTESIAN_POINT('',(130.698411,-76.427121,1.585));
#7680 = CIRCLE('',#7681,5.000004522505E-02);
#7681 = AXIS2_PLACEMENT_3D('',#7682,#7683,#7684);
#7682 = CARTESIAN_POINT('',(130.74313253675,-76.40476057351,1.585));
#7683 = DIRECTION('',(0.,0.,-1.));
#7684 = DIRECTION('',(0.894428455807,0.447211065876,0.));
#7685 = ORIENTED_EDGE('',*,*,#7686,.T.);
#7686 = EDGE_CURVE('',#7678,#7687,#7689,.T.);
#7687 = VERTEX_POINT('',#7688);
#7688 = CARTESIAN_POINT('',(130.65442,-76.339139,1.585));
#7689 = LINE('',#7690,#7691);
#7690 = CARTESIAN_POINT('',(130.698411,-76.427121,1.585));
#7691 = VECTOR('',#7692,1.);
#7692 = DIRECTION('',(-0.4472135955,0.894427191,0.));
#7693 = ORIENTED_EDGE('',*,*,#7694,.T.);
#7694 = EDGE_CURVE('',#7687,#7695,#7697,.T.);
#7695 = VERTEX_POINT('',#7696);
#7696 = CARTESIAN_POINT('',(130.568425,-76.253144,1.585));
#7697 = LINE('',#7698,#7699);
#7698 = CARTESIAN_POINT('',(130.65442,-76.339139,1.585));
#7699 = VECTOR('',#7700,1.);
#7700 = DIRECTION('',(-0.707106781187,0.707106781187,0.));
#7701 = ORIENTED_EDGE('',*,*,#7702,.T.);
#7702 = EDGE_CURVE('',#7695,#7703,#7705,.T.);
#7703 = VERTEX_POINT('',#7704);
#7704 = CARTESIAN_POINT('',(130.429684,-76.16065,1.585));
#7705 = LINE('',#7706,#7707);
#7706 = CARTESIAN_POINT('',(130.568425,-76.253144,1.585));
#7707 = VECTOR('',#7708,1.);
#7708 = DIRECTION('',(-0.832050294338,0.554700196225,0.));
#7709 = ORIENTED_EDGE('',*,*,#7710,.T.);
#7710 = EDGE_CURVE('',#7703,#7711,#7713,.T.);
#7711 = VERTEX_POINT('',#7712);
#7712 = CARTESIAN_POINT('',(130.457419,-76.069047,1.585));
#7713 = CIRCLE('',#7714,5.000029068082E-02);
#7714 = AXIS2_PLACEMENT_3D('',#7715,#7716,#7717);
#7715 = CARTESIAN_POINT('',(130.45741924193,-76.11904729068,1.585));
#7716 = DIRECTION('',(0.,0.,-1.));
#7717 = DIRECTION('',(-0.55470161396,-0.83204934918,-0.));
#7718 = ORIENTED_EDGE('',*,*,#7719,.T.);
#7719 = EDGE_CURVE('',#7711,#7720,#7722,.T.);
#7720 = VERTEX_POINT('',#7721);
#7721 = CARTESIAN_POINT('',(131.407419,-76.069047,1.585));
#7722 = LINE('',#7723,#7724);
#7723 = CARTESIAN_POINT('',(130.457419,-76.069047,1.585));
#7724 = VECTOR('',#7725,1.);
#7725 = DIRECTION('',(1.,0.,0.));
#7726 = ORIENTED_EDGE('',*,*,#7727,.T.);
#7727 = EDGE_CURVE('',#7720,#7728,#7730,.T.);
#7728 = VERTEX_POINT('',#7729);
#7729 = CARTESIAN_POINT('',(131.407419,-75.833333,1.585));
#7730 = LINE('',#7731,#7732);
#7731 = CARTESIAN_POINT('',(131.407419,-76.069047,1.585));
#7732 = VECTOR('',#7733,1.);
#7733 = DIRECTION('',(0.,1.,0.));
#7734 = ORIENTED_EDGE('',*,*,#7735,.T.);
#7735 = EDGE_CURVE('',#7728,#7618,#7736,.T.);
#7736 = LINE('',#7737,#7738);
#7737 = CARTESIAN_POINT('',(131.407419,-75.833333,1.585));
#7738 = VECTOR('',#7739,1.);
#7739 = DIRECTION('',(0.195090852695,0.980785174845,0.));
#7740 = PLANE('',#7741);
#7741 = AXIS2_PLACEMENT_3D('',#7742,#7743,#7744);
#7742 = CARTESIAN_POINT('',(0.,0.,1.585));
#7743 = DIRECTION('',(0.,0.,1.));
#7744 = DIRECTION('',(1.,0.,-0.));
#7745 = SHELL_BASED_SURFACE_MODEL('',(#7746));
#7746 = OPEN_SHELL('',(#7747));
#7747 = ADVANCED_FACE('',(#7748,#7818),#7852,.T.);
#7748 = FACE_BOUND('',#7749,.F.);
#7749 = EDGE_LOOP('',(#7750,#7761,#7769,#7778,#7786,#7795,#7803,#7812));
#7750 = ORIENTED_EDGE('',*,*,#7751,.T.);
#7751 = EDGE_CURVE('',#7752,#7754,#7756,.T.);
#7752 = VERTEX_POINT('',#7753);
#7753 = CARTESIAN_POINT('',(114.07,-53.38,1.585));
#7754 = VERTEX_POINT('',#7755);
#7755 = CARTESIAN_POINT('',(114.13,-53.32,1.585));
#7756 = CIRCLE('',#7757,5.999932016262E-02);
#7757 = AXIS2_PLACEMENT_3D('',#7758,#7759,#7760);
#7758 = CARTESIAN_POINT('',(114.12999932015,-53.37999932015,1.585));
#7759 = DIRECTION('',(0.,0.,-1.));
#7760 = DIRECTION('',(-0.999999999936,-1.133081552929E-05,-0.));
#7761 = ORIENTED_EDGE('',*,*,#7762,.T.);
#7762 = EDGE_CURVE('',#7754,#7763,#7765,.T.);
#7763 = VERTEX_POINT('',#7764);
#7764 = CARTESIAN_POINT('',(136.37,-53.32,1.585));
#7765 = LINE('',#7766,#7767);
#7766 = CARTESIAN_POINT('',(114.13,-53.32,1.585));
#7767 = VECTOR('',#7768,1.);
#7768 = DIRECTION('',(1.,0.,0.));
#7769 = ORIENTED_EDGE('',*,*,#7770,.T.);
#7770 = EDGE_CURVE('',#7763,#7771,#7773,.T.);
#7771 = VERTEX_POINT('',#7772);
#7772 = CARTESIAN_POINT('',(136.43,-53.38,1.585));
#7773 = CIRCLE('',#7774,5.999932016259E-02);
#7774 = AXIS2_PLACEMENT_3D('',#7775,#7776,#7777);
#7775 = CARTESIAN_POINT('',(136.37000067984,-53.37999932015,1.585));
#7776 = DIRECTION('',(0.,0.,-1.));
#7777 = DIRECTION('',(-1.133081612143E-05,0.999999999936,0.));
#7778 = ORIENTED_EDGE('',*,*,#7779,.T.);
#7779 = EDGE_CURVE('',#7771,#7780,#7782,.T.);
#7780 = VERTEX_POINT('',#7781);
#7781 = CARTESIAN_POINT('',(136.43,-85.12,1.585));
#7782 = LINE('',#7783,#7784);
#7783 = CARTESIAN_POINT('',(136.43,-53.38,1.585));
#7784 = VECTOR('',#7785,1.);
#7785 = DIRECTION('',(0.,-1.,0.));
#7786 = ORIENTED_EDGE('',*,*,#7787,.T.);
#7787 = EDGE_CURVE('',#7780,#7788,#7790,.T.);
#7788 = VERTEX_POINT('',#7789);
#7789 = CARTESIAN_POINT('',(136.37,-85.18,1.585));
#7790 = CIRCLE('',#7791,5.999932016264E-02);
#7791 = AXIS2_PLACEMENT_3D('',#7792,#7793,#7794);
#7792 = CARTESIAN_POINT('',(136.37000067984,-85.12000067984,1.585));
#7793 = DIRECTION('',(0.,0.,-1.));
#7794 = DIRECTION('',(0.999999999936,1.133081541086E-05,0.));
#7795 = ORIENTED_EDGE('',*,*,#7796,.T.);
#7796 = EDGE_CURVE('',#7788,#7797,#7799,.T.);
#7797 = VERTEX_POINT('',#7798);
#7798 = CARTESIAN_POINT('',(114.13,-85.18,1.585));
#7799 = LINE('',#7800,#7801);
#7800 = CARTESIAN_POINT('',(136.37,-85.18,1.585));
#7801 = VECTOR('',#7802,1.);
#7802 = DIRECTION('',(-1.,0.,0.));
#7803 = ORIENTED_EDGE('',*,*,#7804,.T.);
#7804 = EDGE_CURVE('',#7797,#7805,#7807,.T.);
#7805 = VERTEX_POINT('',#7806);
#7806 = CARTESIAN_POINT('',(114.07,-85.12,1.585));
#7807 = CIRCLE('',#7808,5.999932016263E-02);
#7808 = AXIS2_PLACEMENT_3D('',#7809,#7810,#7811);
#7809 = CARTESIAN_POINT('',(114.12999932015,-85.12000067984,1.585));
#7810 = DIRECTION('',(0.,0.,-1.));
#7811 = DIRECTION('',(1.133081541087E-05,-0.999999999936,0.));
#7812 = ORIENTED_EDGE('',*,*,#7813,.T.);
#7813 = EDGE_CURVE('',#7805,#7752,#7814,.T.);
#7814 = LINE('',#7815,#7816);
#7815 = CARTESIAN_POINT('',(114.07,-85.12,1.585));
#7816 = VECTOR('',#7817,1.);
#7817 = DIRECTION('',(0.,1.,0.));
#7818 = FACE_BOUND('',#7819,.F.);
#7819 = EDGE_LOOP('',(#7820,#7830,#7838,#7846));
#7820 = ORIENTED_EDGE('',*,*,#7821,.T.);
#7821 = EDGE_CURVE('',#7822,#7824,#7826,.T.);
#7822 = VERTEX_POINT('',#7823);
#7823 = CARTESIAN_POINT('',(136.31,-85.06,1.585));
#7824 = VERTEX_POINT('',#7825);
#7825 = CARTESIAN_POINT('',(136.31,-53.44,1.585));
#7826 = LINE('',#7827,#7828);
#7827 = CARTESIAN_POINT('',(136.31,-85.06,1.585));
#7828 = VECTOR('',#7829,1.);
#7829 = DIRECTION('',(0.,1.,0.));
#7830 = ORIENTED_EDGE('',*,*,#7831,.T.);
#7831 = EDGE_CURVE('',#7824,#7832,#7834,.T.);
#7832 = VERTEX_POINT('',#7833);
#7833 = CARTESIAN_POINT('',(114.19,-53.44,1.585));
#7834 = LINE('',#7835,#7836);
#7835 = CARTESIAN_POINT('',(136.31,-53.44,1.585));
#7836 = VECTOR('',#7837,1.);
#7837 = DIRECTION('',(-1.,0.,0.));
#7838 = ORIENTED_EDGE('',*,*,#7839,.T.);
#7839 = EDGE_CURVE('',#7832,#7840,#7842,.T.);
#7840 = VERTEX_POINT('',#7841);
#7841 = CARTESIAN_POINT('',(114.19,-85.06,1.585));
#7842 = LINE('',#7843,#7844);
#7843 = CARTESIAN_POINT('',(114.19,-53.44,1.585));
#7844 = VECTOR('',#7845,1.);
#7845 = DIRECTION('',(0.,-1.,0.));
#7846 = ORIENTED_EDGE('',*,*,#7847,.T.);
#7847 = EDGE_CURVE('',#7840,#7822,#7848,.T.);
#7848 = LINE('',#7849,#7850);
#7849 = CARTESIAN_POINT('',(114.19,-85.06,1.585));
#7850 = VECTOR('',#7851,1.);
#7851 = DIRECTION('',(1.,0.,0.));
#7852 = PLANE('',#7853);
#7853 = AXIS2_PLACEMENT_3D('',#7854,#7855,#7856);
#7854 = CARTESIAN_POINT('',(0.,0.,1.585));
#7855 = DIRECTION('',(0.,0.,1.));
#7856 = DIRECTION('',(1.,0.,-0.));
#7857 = SHELL_BASED_SURFACE_MODEL('',(#7858));
#7858 = OPEN_SHELL('',(#7859));
#7859 = ADVANCED_FACE('',(#7860),#7985,.T.);
#7860 = FACE_BOUND('',#7861,.F.);
#7861 = EDGE_LOOP('',(#7862,#7873,#7881,#7889,#7897,#7905,#7913,#7921,
    #7929,#7937,#7945,#7953,#7962,#7970,#7979));
#7862 = ORIENTED_EDGE('',*,*,#7863,.T.);
#7863 = EDGE_CURVE('',#7864,#7866,#7868,.T.);
#7864 = VERTEX_POINT('',#7865);
#7865 = CARTESIAN_POINT('',(156.57,-53.38,1.585));
#7866 = VERTEX_POINT('',#7867);
#7867 = CARTESIAN_POINT('',(156.63,-53.32,1.585));
#7868 = CIRCLE('',#7869,5.999932016262E-02);
#7869 = AXIS2_PLACEMENT_3D('',#7870,#7871,#7872);
#7870 = CARTESIAN_POINT('',(156.62999932015,-53.37999932015,1.585));
#7871 = DIRECTION('',(0.,0.,-1.));
#7872 = DIRECTION('',(-0.999999999936,-1.133081552929E-05,-0.));
#7873 = ORIENTED_EDGE('',*,*,#7874,.T.);
#7874 = EDGE_CURVE('',#7866,#7875,#7877,.T.);
#7875 = VERTEX_POINT('',#7876);
#7876 = CARTESIAN_POINT('',(178.518365,-53.32,1.585));
#7877 = LINE('',#7878,#7879);
#7878 = CARTESIAN_POINT('',(156.63,-53.32,1.585));
#7879 = VECTOR('',#7880,1.);
#7880 = DIRECTION('',(1.,0.,0.));
#7881 = ORIENTED_EDGE('',*,*,#7882,.T.);
#7882 = EDGE_CURVE('',#7875,#7883,#7885,.T.);
#7883 = VERTEX_POINT('',#7884);
#7884 = CARTESIAN_POINT('',(178.644768,-53.435232,1.585));
#7885 = LINE('',#7886,#7887);
#7886 = CARTESIAN_POINT('',(178.518365,-53.32,1.585));
#7887 = VECTOR('',#7888,1.);
#7888 = DIRECTION('',(0.73900763672,-0.673697048286,0.));
#7889 = ORIENTED_EDGE('',*,*,#7890,.T.);
#7890 = EDGE_CURVE('',#7883,#7891,#7893,.T.);
#7891 = VERTEX_POINT('',#7892);
#7892 = CARTESIAN_POINT('',(178.649115,-53.44,1.585));
#7893 = LINE('',#7894,#7895);
#7894 = CARTESIAN_POINT('',(178.644768,-53.435232,1.585));
#7895 = VECTOR('',#7896,1.);
#7896 = DIRECTION('',(0.673728965656,-0.73897853882,0.));
#7897 = ORIENTED_EDGE('',*,*,#7898,.T.);
#7898 = EDGE_CURVE('',#7891,#7899,#7901,.T.);
#7899 = VERTEX_POINT('',#7900);
#7900 = CARTESIAN_POINT('',(156.69,-53.44,1.585));
#7901 = LINE('',#7902,#7903);
#7902 = CARTESIAN_POINT('',(178.649115,-53.44,1.585));
#7903 = VECTOR('',#7904,1.);
#7904 = DIRECTION('',(-1.,0.,0.));
#7905 = ORIENTED_EDGE('',*,*,#7906,.T.);
#7906 = EDGE_CURVE('',#7899,#7907,#7909,.T.);
#7907 = VERTEX_POINT('',#7908);
#7908 = CARTESIAN_POINT('',(156.69,-85.06,1.585));
#7909 = LINE('',#7910,#7911);
#7910 = CARTESIAN_POINT('',(156.69,-53.44,1.585));
#7911 = VECTOR('',#7912,1.);
#7912 = DIRECTION('',(0.,-1.,0.));
#7913 = ORIENTED_EDGE('',*,*,#7914,.T.);
#7914 = EDGE_CURVE('',#7907,#7915,#7917,.T.);
#7915 = VERTEX_POINT('',#7916);
#7916 = CARTESIAN_POINT('',(178.81,-85.06,1.585));
#7917 = LINE('',#7918,#7919);
#7918 = CARTESIAN_POINT('',(156.69,-85.06,1.585));
#7919 = VECTOR('',#7920,1.);
#7920 = DIRECTION('',(1.,0.,0.));
#7921 = ORIENTED_EDGE('',*,*,#7922,.T.);
#7922 = EDGE_CURVE('',#7915,#7923,#7925,.T.);
#7923 = VERTEX_POINT('',#7924);
#7924 = CARTESIAN_POINT('',(178.81,-53.616482,1.585));
#7925 = LINE('',#7926,#7927);
#7926 = CARTESIAN_POINT('',(178.81,-85.06,1.585));
#7927 = VECTOR('',#7928,1.);
#7928 = DIRECTION('',(0.,1.,0.));
#7929 = ORIENTED_EDGE('',*,*,#7930,.T.);
#7930 = EDGE_CURVE('',#7923,#7931,#7933,.T.);
#7931 = VERTEX_POINT('',#7932);
#7932 = CARTESIAN_POINT('',(178.921516,-53.738809,1.585));
#7933 = LINE('',#7934,#7935);
#7934 = CARTESIAN_POINT('',(178.81,-53.616482,1.585));
#7935 = VECTOR('',#7936,1.);
#7936 = DIRECTION('',(0.673696319633,-0.739008300977,0.));
#7937 = ORIENTED_EDGE('',*,*,#7938,.T.);
#7938 = EDGE_CURVE('',#7931,#7939,#7941,.T.);
#7939 = VERTEX_POINT('',#7940);
#7940 = CARTESIAN_POINT('',(178.93,-53.750043,1.585));
#7941 = LINE('',#7942,#7943);
#7942 = CARTESIAN_POINT('',(178.921516,-53.738809,1.585));
#7943 = VECTOR('',#7944,1.);
#7944 = DIRECTION('',(0.602656214021,-0.798000932143,0.));
#7945 = ORIENTED_EDGE('',*,*,#7946,.T.);
#7946 = EDGE_CURVE('',#7939,#7947,#7949,.T.);
#7947 = VERTEX_POINT('',#7948);
#7948 = CARTESIAN_POINT('',(178.93,-85.12,1.585));
#7949 = LINE('',#7950,#7951);
#7950 = CARTESIAN_POINT('',(178.93,-53.750043,1.585));
#7951 = VECTOR('',#7952,1.);
#7952 = DIRECTION('',(0.,-1.,0.));
#7953 = ORIENTED_EDGE('',*,*,#7954,.T.);
#7954 = EDGE_CURVE('',#7947,#7955,#7957,.T.);
#7955 = VERTEX_POINT('',#7956);
#7956 = CARTESIAN_POINT('',(178.87,-85.18,1.585));
#7957 = CIRCLE('',#7958,5.999932016264E-02);
#7958 = AXIS2_PLACEMENT_3D('',#7959,#7960,#7961);
#7959 = CARTESIAN_POINT('',(178.87000067984,-85.12000067984,1.585));
#7960 = DIRECTION('',(0.,0.,-1.));
#7961 = DIRECTION('',(0.999999999936,1.133081541086E-05,0.));
#7962 = ORIENTED_EDGE('',*,*,#7963,.T.);
#7963 = EDGE_CURVE('',#7955,#7964,#7966,.T.);
#7964 = VERTEX_POINT('',#7965);
#7965 = CARTESIAN_POINT('',(156.63,-85.18,1.585));
#7966 = LINE('',#7967,#7968);
#7967 = CARTESIAN_POINT('',(178.87,-85.18,1.585));
#7968 = VECTOR('',#7969,1.);
#7969 = DIRECTION('',(-1.,0.,0.));
#7970 = ORIENTED_EDGE('',*,*,#7971,.T.);
#7971 = EDGE_CURVE('',#7964,#7972,#7974,.T.);
#7972 = VERTEX_POINT('',#7973);
#7973 = CARTESIAN_POINT('',(156.57,-85.12,1.585));
#7974 = CIRCLE('',#7975,5.999932016262E-02);
#7975 = AXIS2_PLACEMENT_3D('',#7976,#7977,#7978);
#7976 = CARTESIAN_POINT('',(156.62999932015,-85.12000067984,1.585));
#7977 = DIRECTION('',(0.,0.,-1.));
#7978 = DIRECTION('',(1.133081564772E-05,-0.999999999936,0.));
#7979 = ORIENTED_EDGE('',*,*,#7980,.T.);
#7980 = EDGE_CURVE('',#7972,#7864,#7981,.T.);
#7981 = LINE('',#7982,#7983);
#7982 = CARTESIAN_POINT('',(156.57,-85.12,1.585));
#7983 = VECTOR('',#7984,1.);
#7984 = DIRECTION('',(0.,1.,0.));
#7985 = PLANE('',#7986);
#7986 = AXIS2_PLACEMENT_3D('',#7987,#7988,#7989);
#7987 = CARTESIAN_POINT('',(0.,0.,1.585));
#7988 = DIRECTION('',(0.,0.,1.));
#7989 = DIRECTION('',(1.,0.,-0.));
#7990 = SHELL_BASED_SURFACE_MODEL('',(#7991));
#7991 = OPEN_SHELL('',(#7992));
#7992 = ADVANCED_FACE('',(#7993),#8160,.T.);
#7993 = FACE_BOUND('',#7994,.F.);
#7994 = EDGE_LOOP('',(#7995,#8006,#8014,#8022,#8030,#8039,#8047,#8055,
    #8063,#8072,#8080,#8089,#8097,#8105,#8113,#8121,#8129,#8137,#8146,
    #8154));
#7995 = ORIENTED_EDGE('',*,*,#7996,.T.);
#7996 = EDGE_CURVE('',#7997,#7999,#8001,.T.);
#7997 = VERTEX_POINT('',#7998);
#7998 = CARTESIAN_POINT('',(160.996386,-76.478485,1.585));
#7999 = VERTEX_POINT('',#8000);
#8000 = CARTESIAN_POINT('',(161.077935,-76.462264,1.585));
#8001 = CIRCLE('',#8002,4.999900691403E-02);
#8002 = AXIS2_PLACEMENT_3D('',#8003,#8004,#8005);
#8003 = CARTESIAN_POINT('',(161.04257948639,-76.49761776005,1.585));
#8004 = DIRECTION('',(0.,0.,-1.));
#8005 = DIRECTION('',(-0.923888077859,0.38266280142,0.));
#8006 = ORIENTED_EDGE('',*,*,#8007,.T.);
#8007 = EDGE_CURVE('',#7999,#8008,#8010,.T.);
#8008 = VERTEX_POINT('',#8009);
#8009 = CARTESIAN_POINT('',(161.641017,-77.025345,1.585));
#8010 = LINE('',#8011,#8012);
#8011 = CARTESIAN_POINT('',(161.077935,-76.462264,1.585));
#8012 = VECTOR('',#8013,1.);
#8013 = DIRECTION('',(0.707107409077,-0.707106153296,0.));
#8014 = ORIENTED_EDGE('',*,*,#8015,.T.);
#8015 = EDGE_CURVE('',#8008,#8016,#8018,.T.);
#8016 = VERTEX_POINT('',#8017);
#8017 = CARTESIAN_POINT('',(161.764979,-77.066666,1.585));
#8018 = LINE('',#8019,#8020);
#8019 = CARTESIAN_POINT('',(161.641017,-77.025345,1.585));
#8020 = VECTOR('',#8021,1.);
#8021 = DIRECTION('',(0.948682532747,-0.316230061919,0.));
#8022 = ORIENTED_EDGE('',*,*,#8023,.T.);
#8023 = EDGE_CURVE('',#8016,#8024,#8026,.T.);
#8024 = VERTEX_POINT('',#8025);
#8025 = CARTESIAN_POINT('',(161.840301,-77.066666,1.585));
#8026 = LINE('',#8027,#8028);
#8027 = CARTESIAN_POINT('',(161.764979,-77.066666,1.585));
#8028 = VECTOR('',#8029,1.);
#8029 = DIRECTION('',(1.,0.,0.));
#8030 = ORIENTED_EDGE('',*,*,#8031,.T.);
#8031 = EDGE_CURVE('',#8024,#8032,#8034,.T.);
#8032 = VERTEX_POINT('',#8033);
#8033 = CARTESIAN_POINT('',(161.99258,-76.914386,1.585));
#8034 = CIRCLE('',#8035,0.215065806118);
#8035 = AXIS2_PLACEMENT_3D('',#8036,#8037,#8038);
#8036 = CARTESIAN_POINT('',(161.78479893076,-76.85888529523,1.585));
#8037 = DIRECTION('',(0.,0.,1.));
#8038 = DIRECTION('',(0.258070170409,-0.966126175582,0.));
#8039 = ORIENTED_EDGE('',*,*,#8040,.T.);
#8040 = EDGE_CURVE('',#8032,#8041,#8043,.T.);
#8041 = VERTEX_POINT('',#8042);
#8042 = CARTESIAN_POINT('',(161.99258,-76.699898,1.585));
#8043 = LINE('',#8044,#8045);
#8044 = CARTESIAN_POINT('',(161.99258,-76.914386,1.585));
#8045 = VECTOR('',#8046,1.);
#8046 = DIRECTION('',(0.,1.,0.));
#8047 = ORIENTED_EDGE('',*,*,#8048,.T.);
#8048 = EDGE_CURVE('',#8041,#8049,#8051,.T.);
#8049 = VERTEX_POINT('',#8050);
#8050 = CARTESIAN_POINT('',(161.953868,-76.622475,1.585));
#8051 = LINE('',#8052,#8053);
#8052 = CARTESIAN_POINT('',(161.99258,-76.699898,1.585));
#8053 = VECTOR('',#8054,1.);
#8054 = DIRECTION('',(-0.447218216472,0.894424880499,0.));
#8055 = ORIENTED_EDGE('',*,*,#8056,.T.);
#8056 = EDGE_CURVE('',#8049,#8057,#8059,.T.);
#8057 = VERTEX_POINT('',#8058);
#8058 = CARTESIAN_POINT('',(161.901148,-76.564372,1.585));
#8059 = LINE('',#8060,#8061);
#8060 = CARTESIAN_POINT('',(161.953868,-76.622475,1.585));
#8061 = VECTOR('',#8062,1.);
#8062 = DIRECTION('',(-0.671968288155,0.740579921219,0.));
#8063 = ORIENTED_EDGE('',*,*,#8064,.T.);
#8064 = EDGE_CURVE('',#8057,#8065,#8067,.T.);
#8065 = VERTEX_POINT('',#8066);
#8066 = CARTESIAN_POINT('',(161.966476,-76.499044,1.585));
#8067 = CIRCLE('',#8068,4.999995591998E-02);
#8068 = AXIS2_PLACEMENT_3D('',#8069,#8070,#8071);
#8069 = CARTESIAN_POINT('',(161.947342,-76.545238,1.585));
#8070 = DIRECTION('',(0.,0.,-1.));
#8071 = DIRECTION('',(-0.923880814494,-0.382680337371,-0.));
#8072 = ORIENTED_EDGE('',*,*,#8073,.T.);
#8073 = EDGE_CURVE('',#8065,#8074,#8076,.T.);
#8074 = VERTEX_POINT('',#8075);
#8075 = CARTESIAN_POINT('',(162.030316,-76.557501,1.585));
#8076 = LINE('',#8077,#8078);
#8077 = CARTESIAN_POINT('',(161.966476,-76.499044,1.585));
#8078 = VECTOR('',#8079,1.);
#8079 = DIRECTION('',(0.737516567078,-0.675329040753,0.));
#8080 = ORIENTED_EDGE('',*,*,#8081,.T.);
#8081 = EDGE_CURVE('',#8074,#8082,#8084,.T.);
#8082 = VERTEX_POINT('',#8083);
#8083 = CARTESIAN_POINT('',(162.030316,-77.056784,1.585));
#8084 = CIRCLE('',#8085,0.428012689861);
#8085 = AXIS2_PLACEMENT_3D('',#8086,#8087,#8088);
#8086 = CARTESIAN_POINT('',(161.6826466396,-76.8071425,1.585));
#8087 = DIRECTION('',(0.,0.,-1.));
#8088 = DIRECTION('',(0.812287506035,0.583257239595,0.));
#8089 = ORIENTED_EDGE('',*,*,#8090,.T.);
#8090 = EDGE_CURVE('',#8082,#8091,#8093,.T.);
#8091 = VERTEX_POINT('',#8092);
#8092 = CARTESIAN_POINT('',(161.969702,-77.113769,1.585));
#8093 = LINE('',#8094,#8095);
#8094 = CARTESIAN_POINT('',(162.030316,-77.056784,1.585));
#8095 = VECTOR('',#8096,1.);
#8096 = DIRECTION('',(-0.728580638815,-0.684960037333,0.));
#8097 = ORIENTED_EDGE('',*,*,#8098,.T.);
#8098 = EDGE_CURVE('',#8091,#8099,#8101,.T.);
#8099 = VERTEX_POINT('',#8100);
#8100 = CARTESIAN_POINT('',(161.863376,-77.164423,1.585));
#8101 = LINE('',#8102,#8103);
#8102 = CARTESIAN_POINT('',(161.969702,-77.113769,1.585));
#8103 = VECTOR('',#8104,1.);
#8104 = DIRECTION('',(-0.902786113268,-0.430089797241,0.));
#8105 = ORIENTED_EDGE('',*,*,#8106,.T.);
#8106 = EDGE_CURVE('',#8099,#8107,#8109,.T.);
#8107 = VERTEX_POINT('',#8108);
#8108 = CARTESIAN_POINT('',(161.741054,-77.1641,1.585));
#8109 = LINE('',#8110,#8111);
#8110 = CARTESIAN_POINT('',(161.863376,-77.164423,1.585));
#8111 = VECTOR('',#8112,1.);
#8112 = DIRECTION('',(-0.999996513709,2.640562400243E-03,0.));
#8113 = ORIENTED_EDGE('',*,*,#8114,.T.);
#8114 = EDGE_CURVE('',#8107,#8115,#8117,.T.);
#8115 = VERTEX_POINT('',#8116);
#8116 = CARTESIAN_POINT('',(161.588214,-77.11079,1.585));
#8117 = LINE('',#8118,#8119);
#8118 = CARTESIAN_POINT('',(161.741054,-77.1641,1.585));
#8119 = VECTOR('',#8120,1.);
#8120 = DIRECTION('',(-0.944212244466,0.329337573623,0.));
#8121 = ORIENTED_EDGE('',*,*,#8122,.T.);
#8122 = EDGE_CURVE('',#8115,#8123,#8125,.T.);
#8123 = VERTEX_POINT('',#8124);
#8124 = CARTESIAN_POINT('',(161.09258,-76.618328,1.585));
#8125 = LINE('',#8126,#8127);
#8126 = CARTESIAN_POINT('',(161.588214,-77.11079,1.585));
#8127 = VECTOR('',#8128,1.);
#8128 = DIRECTION('',(-0.709373090348,0.704833185009,0.));
#8129 = ORIENTED_EDGE('',*,*,#8130,.T.);
#8130 = EDGE_CURVE('',#8123,#8131,#8133,.T.);
#8131 = VERTEX_POINT('',#8132);
#8132 = CARTESIAN_POINT('',(161.09258,-77.116666,1.585));
#8133 = LINE('',#8134,#8135);
#8134 = CARTESIAN_POINT('',(161.09258,-76.618328,1.585));
#8135 = VECTOR('',#8136,1.);
#8136 = DIRECTION('',(0.,-1.,0.));
#8137 = ORIENTED_EDGE('',*,*,#8138,.T.);
#8138 = EDGE_CURVE('',#8131,#8139,#8141,.T.);
#8139 = VERTEX_POINT('',#8140);
#8140 = CARTESIAN_POINT('',(160.99258,-77.116666,1.585));
#8141 = CIRCLE('',#8142,5.000000000002E-02);
#8142 = AXIS2_PLACEMENT_3D('',#8143,#8144,#8145);
#8143 = CARTESIAN_POINT('',(161.04258,-77.11666595228,1.585));
#8144 = DIRECTION('',(-0.,0.,-1.));
#8145 = DIRECTION('',(1.,-9.542364409753E-07,-0.));
#8146 = ORIENTED_EDGE('',*,*,#8147,.T.);
#8147 = EDGE_CURVE('',#8139,#8148,#8150,.T.);
#8148 = VERTEX_POINT('',#8149);
#8149 = CARTESIAN_POINT('',(160.99258,-76.497619,1.585));
#8150 = LINE('',#8151,#8152);
#8151 = CARTESIAN_POINT('',(160.99258,-77.116666,1.585));
#8152 = VECTOR('',#8153,1.);
#8153 = DIRECTION('',(0.,1.,0.));
#8154 = ORIENTED_EDGE('',*,*,#8155,.T.);
#8155 = EDGE_CURVE('',#8148,#7997,#8156,.T.);
#8156 = LINE('',#8157,#8158);
#8157 = CARTESIAN_POINT('',(160.99258,-76.497619,1.585));
#8158 = VECTOR('',#8159,1.);
#8159 = DIRECTION('',(0.195090852695,0.980785174845,0.));
#8160 = PLANE('',#8161);
#8161 = AXIS2_PLACEMENT_3D('',#8162,#8163,#8164);
#8162 = CARTESIAN_POINT('',(0.,0.,1.585));
#8163 = DIRECTION('',(0.,0.,1.));
#8164 = DIRECTION('',(1.,0.,-0.));
#8165 = SHELL_BASED_SURFACE_MODEL('',(#8166));
#8166 = OPEN_SHELL('',(#8167));
#8167 = ADVANCED_FACE('',(#8168),#8261,.T.);
#8168 = FACE_BOUND('',#8169,.F.);
#8169 = EDGE_LOOP('',(#8170,#8181,#8189,#8198,#8206,#8215,#8223,#8231,
    #8239,#8247,#8255));
#8170 = ORIENTED_EDGE('',*,*,#8171,.T.);
#8171 = EDGE_CURVE('',#8172,#8174,#8176,.T.);
#8172 = VERTEX_POINT('',#8173);
#8173 = CARTESIAN_POINT('',(160.996386,-75.71658,1.585));
#8174 = VERTEX_POINT('',#8175);
#8175 = CARTESIAN_POINT('',(161.09258,-75.735714,1.585));
#8176 = CIRCLE('',#8177,4.999998452109E-02);
#8177 = AXIS2_PLACEMENT_3D('',#8178,#8179,#8180);
#8178 = CARTESIAN_POINT('',(161.04258001547,-75.73571403736,1.585));
#8179 = DIRECTION('',(0.,0.,-1.));
#8180 = DIRECTION('',(-0.923880595592,0.382680865852,0.));
#8181 = ORIENTED_EDGE('',*,*,#8182,.T.);
#8182 = EDGE_CURVE('',#8174,#8183,#8185,.T.);
#8183 = VERTEX_POINT('',#8184);
#8184 = CARTESIAN_POINT('',(161.09258,-75.822837,1.585));
#8185 = LINE('',#8186,#8187);
#8186 = CARTESIAN_POINT('',(161.09258,-75.735714,1.585));
#8187 = VECTOR('',#8188,1.);
#8188 = DIRECTION('',(0.,-1.,0.));
#8189 = ORIENTED_EDGE('',*,*,#8190,.T.);
#8190 = EDGE_CURVE('',#8183,#8191,#8193,.T.);
#8191 = VERTEX_POINT('',#8192);
#8192 = CARTESIAN_POINT('',(161.336408,-76.066666,1.585));
#8193 = CIRCLE('',#8194,0.263100259494);
#8194 = AXIS2_PLACEMENT_3D('',#8195,#8196,#8197);
#8195 = CARTESIAN_POINT('',(161.3550211145,-75.80422496183,1.585));
#8196 = DIRECTION('',(0.,0.,1.));
#8197 = DIRECTION('',(-0.997494700335,-7.074123835223E-02,0.));
#8198 = ORIENTED_EDGE('',*,*,#8199,.T.);
#8199 = EDGE_CURVE('',#8191,#8200,#8202,.T.);
#8200 = VERTEX_POINT('',#8201);
#8201 = CARTESIAN_POINT('',(162.04258,-76.066666,1.585));
#8202 = LINE('',#8203,#8204);
#8203 = CARTESIAN_POINT('',(161.336408,-76.066666,1.585));
#8204 = VECTOR('',#8205,1.);
#8205 = DIRECTION('',(1.,0.,0.));
#8206 = ORIENTED_EDGE('',*,*,#8207,.T.);
#8207 = EDGE_CURVE('',#8200,#8208,#8210,.T.);
#8208 = VERTEX_POINT('',#8209);
#8209 = CARTESIAN_POINT('',(162.04258,-76.166666,1.585));
#8210 = CIRCLE('',#8211,5.000000000003E-02);
#8211 = AXIS2_PLACEMENT_3D('',#8212,#8213,#8214);
#8212 = CARTESIAN_POINT('',(162.04257995228,-76.116666,1.585));
#8213 = DIRECTION('',(0.,0.,-1.));
#8214 = DIRECTION('',(9.542361567576E-07,1.,0.));
#8215 = ORIENTED_EDGE('',*,*,#8216,.T.);
#8216 = EDGE_CURVE('',#8208,#8217,#8219,.T.);
#8217 = VERTEX_POINT('',#8218);
#8218 = CARTESIAN_POINT('',(161.312483,-76.1641,1.585));
#8219 = LINE('',#8220,#8221);
#8220 = CARTESIAN_POINT('',(162.04258,-76.166666,1.585));
#8221 = VECTOR('',#8222,1.);
#8222 = DIRECTION('',(-0.999993823845,3.51457977774E-03,0.));
#8223 = ORIENTED_EDGE('',*,*,#8224,.T.);
#8224 = EDGE_CURVE('',#8217,#8225,#8227,.T.);
#8225 = VERTEX_POINT('',#8226);
#8226 = CARTESIAN_POINT('',(161.159643,-76.11079,1.585));
#8227 = LINE('',#8228,#8229);
#8228 = CARTESIAN_POINT('',(161.312483,-76.1641,1.585));
#8229 = VECTOR('',#8230,1.);
#8230 = DIRECTION('',(-0.944212244466,0.329337573623,0.));
#8231 = ORIENTED_EDGE('',*,*,#8232,.T.);
#8232 = EDGE_CURVE('',#8225,#8233,#8235,.T.);
#8233 = VERTEX_POINT('',#8234);
#8234 = CARTESIAN_POINT('',(161.048455,-75.999601,1.585));
#8235 = LINE('',#8236,#8237);
#8236 = CARTESIAN_POINT('',(161.159643,-76.11079,1.585));
#8237 = VECTOR('',#8238,1.);
#8238 = DIRECTION('',(-0.707103601414,0.707109960945,0.));
#8239 = ORIENTED_EDGE('',*,*,#8240,.T.);
#8240 = EDGE_CURVE('',#8233,#8241,#8243,.T.);
#8241 = VERTEX_POINT('',#8242);
#8242 = CARTESIAN_POINT('',(160.99258,-75.830952,1.585));
#8243 = LINE('',#8244,#8245);
#8244 = CARTESIAN_POINT('',(161.048455,-75.999601,1.585));
#8245 = VECTOR('',#8246,1.);
#8246 = DIRECTION('',(-0.31449813424,0.949258091122,0.));
#8247 = ORIENTED_EDGE('',*,*,#8248,.T.);
#8248 = EDGE_CURVE('',#8241,#8249,#8251,.T.);
#8249 = VERTEX_POINT('',#8250);
#8250 = CARTESIAN_POINT('',(160.99258,-75.735714,1.585));
#8251 = LINE('',#8252,#8253);
#8252 = CARTESIAN_POINT('',(160.99258,-75.830952,1.585));
#8253 = VECTOR('',#8254,1.);
#8254 = DIRECTION('',(0.,1.,0.));
#8255 = ORIENTED_EDGE('',*,*,#8256,.T.);
#8256 = EDGE_CURVE('',#8249,#8172,#8257,.T.);
#8257 = LINE('',#8258,#8259);
#8258 = CARTESIAN_POINT('',(160.99258,-75.735714,1.585));
#8259 = VECTOR('',#8260,1.);
#8260 = DIRECTION('',(0.195090852694,0.980785174845,0.));
#8261 = PLANE('',#8262);
#8262 = AXIS2_PLACEMENT_3D('',#8263,#8264,#8265);
#8263 = CARTESIAN_POINT('',(0.,0.,1.585));
#8264 = DIRECTION('',(0.,0.,1.));
#8265 = DIRECTION('',(1.,0.,-0.));
#8266 = SHELL_BASED_SURFACE_MODEL('',(#8267));
#8267 = OPEN_SHELL('',(#8268));
#8268 = ADVANCED_FACE('',(#8269),#8387,.T.);
#8269 = FACE_BOUND('',#8270,.F.);
#8270 = EDGE_LOOP('',(#8271,#8281,#8289,#8298,#8306,#8314,#8323,#8331,
    #8340,#8348,#8356,#8364,#8372,#8381));
#8271 = ORIENTED_EDGE('',*,*,#8272,.T.);
#8272 = EDGE_CURVE('',#8273,#8275,#8277,.T.);
#8273 = VERTEX_POINT('',#8274);
#8274 = CARTESIAN_POINT('',(139.618724,-69.265097,1.585));
#8275 = VERTEX_POINT('',#8276);
#8276 = CARTESIAN_POINT('',(139.700103,-69.346476,1.585));
#8277 = LINE('',#8278,#8279);
#8278 = CARTESIAN_POINT('',(139.618724,-69.265097,1.585));
#8279 = VECTOR('',#8280,1.);
#8280 = DIRECTION('',(0.707106781187,-0.707106781186,0.));
#8281 = ORIENTED_EDGE('',*,*,#8282,.T.);
#8282 = EDGE_CURVE('',#8275,#8283,#8285,.T.);
#8283 = VERTEX_POINT('',#8284);
#8284 = CARTESIAN_POINT('',(139.848158,-69.446912,1.585));
#8285 = LINE('',#8286,#8287);
#8286 = CARTESIAN_POINT('',(139.700103,-69.346476,1.585));
#8287 = VECTOR('',#8288,1.);
#8288 = DIRECTION('',(0.82755339951,-0.561387006404,0.));
#8289 = ORIENTED_EDGE('',*,*,#8290,.T.);
#8290 = EDGE_CURVE('',#8283,#8291,#8293,.T.);
#8291 = VERTEX_POINT('',#8292);
#8292 = CARTESIAN_POINT('',(139.79518,-69.575,1.585));
#8293 = CIRCLE('',#8294,7.49999375171E-02);
#8294 = AXIS2_PLACEMENT_3D('',#8295,#8296,#8297);
#8295 = CARTESIAN_POINT('',(139.79518019097,-69.50000006248,1.585));
#8296 = DIRECTION('',(0.,0.,-1.));
#8297 = DIRECTION('',(0.706371375515,0.707841422815,0.));
#8298 = ORIENTED_EDGE('',*,*,#8299,.T.);
#8299 = EDGE_CURVE('',#8291,#8300,#8302,.T.);
#8300 = VERTEX_POINT('',#8301);
#8301 = CARTESIAN_POINT('',(138.87018,-69.575,1.585));
#8302 = LINE('',#8303,#8304);
#8303 = CARTESIAN_POINT('',(139.79518,-69.575,1.585));
#8304 = VECTOR('',#8305,1.);
#8305 = DIRECTION('',(-1.,0.,0.));
#8306 = ORIENTED_EDGE('',*,*,#8307,.T.);
#8307 = EDGE_CURVE('',#8300,#8308,#8310,.T.);
#8308 = VERTEX_POINT('',#8309);
#8309 = CARTESIAN_POINT('',(138.868739,-69.800346,1.585));
#8310 = LINE('',#8311,#8312);
#8311 = CARTESIAN_POINT('',(138.87018,-69.575,1.585));
#8312 = VECTOR('',#8313,1.);
#8313 = DIRECTION('',(-6.394480216655E-03,-0.999979555102,0.));
#8314 = ORIENTED_EDGE('',*,*,#8315,.T.);
#8315 = EDGE_CURVE('',#8308,#8316,#8318,.T.);
#8316 = VERTEX_POINT('',#8317);
#8317 = CARTESIAN_POINT('',(138.72018,-69.785714,1.585));
#8318 = CIRCLE('',#8319,7.500006711463E-02);
#8319 = AXIS2_PLACEMENT_3D('',#8320,#8321,#8322);
#8320 = CARTESIAN_POINT('',(138.79518006711,-69.78571406711,1.585));
#8321 = DIRECTION('',(-0.,0.,-1.));
#8322 = DIRECTION('',(0.980784894138,-0.195092263891,-0.));
#8323 = ORIENTED_EDGE('',*,*,#8324,.T.);
#8324 = EDGE_CURVE('',#8316,#8325,#8327,.T.);
#8325 = VERTEX_POINT('',#8326);
#8326 = CARTESIAN_POINT('',(138.721621,-69.199654,1.585));
#8327 = LINE('',#8328,#8329);
#8328 = CARTESIAN_POINT('',(138.72018,-69.785714,1.585));
#8329 = VECTOR('',#8330,1.);
#8330 = DIRECTION('',(2.45878518261E-03,0.999996977183,0.));
#8331 = ORIENTED_EDGE('',*,*,#8332,.T.);
#8332 = EDGE_CURVE('',#8325,#8333,#8335,.T.);
#8333 = VERTEX_POINT('',#8334);
#8334 = CARTESIAN_POINT('',(138.87018,-69.214286,1.585));
#8335 = CIRCLE('',#8336,7.500006711464E-02);
#8336 = AXIS2_PLACEMENT_3D('',#8337,#8338,#8339);
#8337 = CARTESIAN_POINT('',(138.79517993288,-69.21428593288,1.585));
#8338 = DIRECTION('',(0.,0.,-1.));
#8339 = DIRECTION('',(-0.980784894138,0.195092263891,0.));
#8340 = ORIENTED_EDGE('',*,*,#8341,.T.);
#8341 = EDGE_CURVE('',#8333,#8342,#8344,.T.);
#8342 = VERTEX_POINT('',#8343);
#8343 = CARTESIAN_POINT('',(138.87018,-69.425,1.585));
#8344 = LINE('',#8345,#8346);
#8345 = CARTESIAN_POINT('',(138.87018,-69.214286,1.585));
#8346 = VECTOR('',#8347,1.);
#8347 = DIRECTION('',(0.,-1.,0.));
#8348 = ORIENTED_EDGE('',*,*,#8349,.T.);
#8349 = EDGE_CURVE('',#8342,#8350,#8352,.T.);
#8350 = VERTEX_POINT('',#8351);
#8351 = CARTESIAN_POINT('',(139.566495,-69.425,1.585));
#8352 = LINE('',#8353,#8354);
#8353 = CARTESIAN_POINT('',(138.87018,-69.425,1.585));
#8354 = VECTOR('',#8355,1.);
#8355 = DIRECTION('',(1.,0.,0.));
#8356 = ORIENTED_EDGE('',*,*,#8357,.T.);
#8357 = EDGE_CURVE('',#8350,#8358,#8360,.T.);
#8358 = VERTEX_POINT('',#8359);
#8359 = CARTESIAN_POINT('',(139.493967,-69.349364,1.585));
#8360 = LINE('',#8361,#8362);
#8361 = CARTESIAN_POINT('',(139.566495,-69.425,1.585));
#8362 = VECTOR('',#8363,1.);
#8363 = DIRECTION('',(-0.692121716705,0.721780804168,0.));
#8364 = ORIENTED_EDGE('',*,*,#8365,.T.);
#8365 = EDGE_CURVE('',#8358,#8366,#8368,.T.);
#8366 = VERTEX_POINT('',#8367);
#8367 = CARTESIAN_POINT('',(139.437129,-69.234095,1.585));
#8368 = LINE('',#8369,#8370);
#8369 = CARTESIAN_POINT('',(139.493967,-69.349364,1.585));
#8370 = VECTOR('',#8371,1.);
#8371 = DIRECTION('',(-0.442248758074,0.896892432782,0.));
#8372 = ORIENTED_EDGE('',*,*,#8373,.T.);
#8373 = EDGE_CURVE('',#8366,#8374,#8376,.T.);
#8374 = VERTEX_POINT('',#8375);
#8375 = CARTESIAN_POINT('',(139.576548,-69.180745,1.585));
#8376 = CIRCLE('',#8377,7.500016685597E-02);
#8377 = AXIS2_PLACEMENT_3D('',#8378,#8379,#8380);
#8378 = CARTESIAN_POINT('',(139.5094660864,-69.21428664422,1.585));
#8379 = DIRECTION('',(0.,0.,-1.));
#8380 = DIRECTION('',(-0.964492339665,-0.264110822815,-0.));
#8381 = ORIENTED_EDGE('',*,*,#8382,.T.);
#8382 = EDGE_CURVE('',#8374,#8273,#8383,.T.);
#8383 = LINE('',#8384,#8385);
#8384 = CARTESIAN_POINT('',(139.576548,-69.180745,1.585));
#8385 = VECTOR('',#8386,1.);
#8386 = DIRECTION('',(0.4472135955,-0.894427191,0.));
#8387 = PLANE('',#8388);
#8388 = AXIS2_PLACEMENT_3D('',#8389,#8390,#8391);
#8389 = CARTESIAN_POINT('',(0.,0.,1.585));
#8390 = DIRECTION('',(0.,0.,1.));
#8391 = DIRECTION('',(1.,0.,-0.));
#8392 = SHELL_BASED_SURFACE_MODEL('',(#8393));
#8393 = OPEN_SHELL('',(#8394));
#8394 = ADVANCED_FACE('',(#8395),#8565,.T.);
#8395 = FACE_BOUND('',#8396,.F.);
#8396 = EDGE_LOOP('',(#8397,#8408,#8416,#8424,#8432,#8441,#8449,#8458,
    #8466,#8475,#8483,#8492,#8500,#8508,#8516,#8525,#8533,#8542,#8550,
    #8559));
#8397 = ORIENTED_EDGE('',*,*,#8398,.T.);
#8398 = EDGE_CURVE('',#8399,#8401,#8403,.T.);
#8399 = VERTEX_POINT('',#8400);
#8400 = CARTESIAN_POINT('',(138.898202,-68.246404,1.585));
#8401 = VERTEX_POINT('',#8402);
#8402 = CARTESIAN_POINT('',(139.369162,-68.139537,1.585));
#8403 = CIRCLE('',#8404,0.768531889864);
#8404 = AXIS2_PLACEMENT_3D('',#8405,#8406,#8407);
#8405 = CARTESIAN_POINT('',(139.29513634751,-68.90449547502,1.585));
#8406 = DIRECTION('',(0.,0.,-1.));
#8407 = DIRECTION('',(-0.516483899693,0.856296900238,0.));
#8408 = ORIENTED_EDGE('',*,*,#8409,.T.);
#8409 = EDGE_CURVE('',#8401,#8410,#8412,.T.);
#8410 = VERTEX_POINT('',#8411);
#8411 = CARTESIAN_POINT('',(139.590626,-68.194823,1.585));
#8412 = LINE('',#8413,#8414);
#8413 = CARTESIAN_POINT('',(139.369162,-68.139537,1.585));
#8414 = VECTOR('',#8415,1.);
#8415 = DIRECTION('',(0.970224909195,-0.242205750505,0.));
#8416 = ORIENTED_EDGE('',*,*,#8417,.T.);
#8417 = EDGE_CURVE('',#8410,#8418,#8420,.T.);
#8418 = VERTEX_POINT('',#8419);
#8419 = CARTESIAN_POINT('',(139.699606,-68.251772,1.585));
#8420 = LINE('',#8421,#8422);
#8421 = CARTESIAN_POINT('',(139.590626,-68.194823,1.585));
#8422 = VECTOR('',#8423,1.);
#8423 = DIRECTION('',(0.886284927965,-0.46314039606,0.));
#8424 = ORIENTED_EDGE('',*,*,#8425,.T.);
#8425 = EDGE_CURVE('',#8418,#8426,#8428,.T.);
#8426 = VERTEX_POINT('',#8427);
#8427 = CARTESIAN_POINT('',(139.812718,-68.367619,1.585));
#8428 = LINE('',#8429,#8430);
#8429 = CARTESIAN_POINT('',(139.699606,-68.251772,1.585));
#8430 = VECTOR('',#8431,1.);
#8431 = DIRECTION('',(0.698610287737,-0.715502387045,0.));
#8432 = ORIENTED_EDGE('',*,*,#8433,.T.);
#8433 = EDGE_CURVE('',#8426,#8434,#8436,.T.);
#8434 = VERTEX_POINT('',#8435);
#8435 = CARTESIAN_POINT('',(139.809921,-68.827382,1.585));
#8436 = CIRCLE('',#8437,0.461065893219);
#8437 = AXIS2_PLACEMENT_3D('',#8438,#8439,#8440);
#8438 = CARTESIAN_POINT('',(139.41165916105,-68.59506913869,1.585));
#8439 = DIRECTION('',(0.,0.,-1.));
#8440 = DIRECTION('',(0.869851456908,0.493313736799,0.));
#8441 = ORIENTED_EDGE('',*,*,#8442,.T.);
#8442 = EDGE_CURVE('',#8434,#8443,#8445,.T.);
#8443 = VERTEX_POINT('',#8444);
#8444 = CARTESIAN_POINT('',(139.74161,-68.895693,1.585));
#8445 = LINE('',#8446,#8447);
#8446 = CARTESIAN_POINT('',(139.809921,-68.827382,1.585));
#8447 = VECTOR('',#8448,1.);
#8448 = DIRECTION('',(-0.707106781187,-0.707106781187,0.));
#8449 = ORIENTED_EDGE('',*,*,#8450,.T.);
#8450 = EDGE_CURVE('',#8443,#8451,#8453,.T.);
#8451 = VERTEX_POINT('',#8452);
#8452 = CARTESIAN_POINT('',(139.646909,-68.7803,1.585));
#8453 = CIRCLE('',#8454,7.499996838528E-02);
#8454 = AXIS2_PLACEMENT_3D('',#8455,#8456,#8457);
#8455 = CARTESIAN_POINT('',(139.699942,-68.83333297246,1.585));
#8456 = DIRECTION('',(0.,0.,-1.));
#8457 = DIRECTION('',(0.555573567524,-0.831467384248,0.));
#8458 = ORIENTED_EDGE('',*,*,#8459,.T.);
#8459 = EDGE_CURVE('',#8451,#8460,#8462,.T.);
#8460 = VERTEX_POINT('',#8461);
#8461 = CARTESIAN_POINT('',(139.682009,-68.7452,1.585));
#8462 = LINE('',#8463,#8464);
#8463 = CARTESIAN_POINT('',(139.646909,-68.7803,1.585));
#8464 = VECTOR('',#8465,1.);
#8465 = DIRECTION('',(0.707106781187,0.707106781187,0.));
#8466 = ORIENTED_EDGE('',*,*,#8467,.T.);
#8467 = EDGE_CURVE('',#8460,#8468,#8470,.T.);
#8468 = VERTEX_POINT('',#8469);
#8469 = CARTESIAN_POINT('',(139.682009,-68.445276,1.585));
#8470 = CIRCLE('',#8471,0.299308637371);
#8471 = AXIS2_PLACEMENT_3D('',#8472,#8473,#8474);
#8472 = CARTESIAN_POINT('',(139.422978,-68.595238,1.585));
#8473 = DIRECTION('',(0.,-0.,1.));
#8474 = DIRECTION('',(0.865431089042,-0.501027973389,-0.));
#8475 = ORIENTED_EDGE('',*,*,#8476,.T.);
#8476 = EDGE_CURVE('',#8468,#8477,#8479,.T.);
#8477 = VERTEX_POINT('',#8478);
#8478 = CARTESIAN_POINT('',(139.607896,-68.371163,1.585));
#8479 = LINE('',#8480,#8481);
#8480 = CARTESIAN_POINT('',(139.682009,-68.445276,1.585));
#8481 = VECTOR('',#8482,1.);
#8482 = DIRECTION('',(-0.707106781186,0.707106781187,0.));
#8483 = ORIENTED_EDGE('',*,*,#8484,.T.);
#8484 = EDGE_CURVE('',#8477,#8485,#8487,.T.);
#8485 = VERTEX_POINT('',#8486);
#8486 = CARTESIAN_POINT('',(139.232986,-68.289286,1.585));
#8487 = CIRCLE('',#8488,0.611712714363);
#8488 = AXIS2_PLACEMENT_3D('',#8489,#8490,#8491);
#8489 = CARTESIAN_POINT('',(139.29651131779,-68.89769127521,1.585));
#8490 = DIRECTION('',(0.,0.,1.));
#8491 = DIRECTION('',(0.509037453188,0.860744370444,-0.));
#8492 = ORIENTED_EDGE('',*,*,#8493,.T.);
#8493 = EDGE_CURVE('',#8485,#8494,#8496,.T.);
#8494 = VERTEX_POINT('',#8495);
#8495 = CARTESIAN_POINT('',(139.059452,-68.332669,1.585));
#8496 = LINE('',#8497,#8498);
#8497 = CARTESIAN_POINT('',(139.232986,-68.289286,1.585));
#8498 = VECTOR('',#8499,1.);
#8499 = DIRECTION('',(-0.970143157849,-0.242532994208,0.));
#8500 = ORIENTED_EDGE('',*,*,#8501,.T.);
#8501 = EDGE_CURVE('',#8494,#8502,#8504,.T.);
#8502 = VERTEX_POINT('',#8503);
#8503 = CARTESIAN_POINT('',(138.982465,-68.371163,1.585));
#8504 = LINE('',#8505,#8506);
#8505 = CARTESIAN_POINT('',(139.059452,-68.332669,1.585));
#8506 = VECTOR('',#8507,1.);
#8507 = DIRECTION('',(-0.894424867414,-0.447218242641,0.));
#8508 = ORIENTED_EDGE('',*,*,#8509,.T.);
#8509 = EDGE_CURVE('',#8502,#8510,#8512,.T.);
#8510 = VERTEX_POINT('',#8511);
#8511 = CARTESIAN_POINT('',(138.908351,-68.445276,1.585));
#8512 = LINE('',#8513,#8514);
#8513 = CARTESIAN_POINT('',(138.982465,-68.371163,1.585));
#8514 = VECTOR('',#8515,1.);
#8515 = DIRECTION('',(-0.707111551602,-0.707102010739,0.));
#8516 = ORIENTED_EDGE('',*,*,#8517,.T.);
#8517 = EDGE_CURVE('',#8510,#8518,#8520,.T.);
#8518 = VERTEX_POINT('',#8519);
#8519 = CARTESIAN_POINT('',(138.908351,-68.745199,1.585));
#8520 = CIRCLE('',#8521,0.299307892405);
#8521 = AXIS2_PLACEMENT_3D('',#8522,#8523,#8524);
#8522 = CARTESIAN_POINT('',(139.16738142866,-68.5952375,1.585));
#8523 = DIRECTION('',(0.,0.,1.));
#8524 = DIRECTION('',(-0.86543133421,0.501027549909,0.));
#8525 = ORIENTED_EDGE('',*,*,#8526,.T.);
#8526 = EDGE_CURVE('',#8518,#8527,#8529,.T.);
#8527 = VERTEX_POINT('',#8528);
#8528 = CARTESIAN_POINT('',(138.952779,-68.791665,1.585));
#8529 = LINE('',#8530,#8531);
#8530 = CARTESIAN_POINT('',(138.908351,-68.745199,1.585));
#8531 = VECTOR('',#8532,1.);
#8532 = DIRECTION('',(0.691078537131,-0.722779672872,0.));
#8533 = ORIENTED_EDGE('',*,*,#8534,.T.);
#8534 = EDGE_CURVE('',#8527,#8535,#8537,.T.);
#8535 = VERTEX_POINT('',#8536);
#8536 = CARTESIAN_POINT('',(138.837386,-68.886366,1.585));
#8537 = CIRCLE('',#8538,7.500003178655E-02);
#8538 = AXIS2_PLACEMENT_3D('',#8539,#8540,#8541);
#8539 = CARTESIAN_POINT('',(138.89041856212,-68.8333325,1.585));
#8540 = DIRECTION('',(0.,0.,-1.));
#8541 = DIRECTION('',(0.83147215258,0.555566431206,0.));
#8542 = ORIENTED_EDGE('',*,*,#8543,.T.);
#8543 = EDGE_CURVE('',#8535,#8544,#8546,.T.);
#8544 = VERTEX_POINT('',#8545);
#8545 = CARTESIAN_POINT('',(138.777643,-68.822857,1.585));
#8546 = LINE('',#8547,#8548);
#8547 = CARTESIAN_POINT('',(138.837386,-68.886366,1.585));
#8548 = VECTOR('',#8549,1.);
#8549 = DIRECTION('',(-0.685181155225,0.728372696169,0.));
#8550 = ORIENTED_EDGE('',*,*,#8551,.T.);
#8551 = EDGE_CURVE('',#8544,#8552,#8554,.T.);
#8552 = VERTEX_POINT('',#8553);
#8553 = CARTESIAN_POINT('',(138.78044,-68.363094,1.585));
#8554 = CIRCLE('',#8555,0.461053803939);
#8555 = AXIS2_PLACEMENT_3D('',#8556,#8557,#8558);
#8556 = CARTESIAN_POINT('',(139.17868789267,-68.59540677646,1.585));
#8557 = DIRECTION('',(0.,0.,-1.));
#8558 = DIRECTION('',(-0.86984401657,-0.493326855986,-0.));
#8559 = ORIENTED_EDGE('',*,*,#8560,.T.);
#8560 = EDGE_CURVE('',#8552,#8399,#8561,.T.);
#8561 = LINE('',#8562,#8563);
#8562 = CARTESIAN_POINT('',(138.78044,-68.363094,1.585));
#8563 = VECTOR('',#8564,1.);
#8564 = DIRECTION('',(0.710332505875,0.70386627359,0.));
#8565 = PLANE('',#8566);
#8566 = AXIS2_PLACEMENT_3D('',#8567,#8568,#8569);
#8567 = CARTESIAN_POINT('',(0.,0.,1.585));
#8568 = DIRECTION('',(0.,0.,1.));
#8569 = DIRECTION('',(1.,0.,-0.));
#8570 = ( GEOMETRIC_REPRESENTATION_CONTEXT(3) 
GLOBAL_UNCERTAINTY_ASSIGNED_CONTEXT((#8574)) 
GLOBAL_UNIT_ASSIGNED_CONTEXT((#8571,#8572,#8573)) REPRESENTATION_CONTEXT
('Context #1','3D Context with UNIT and UNCERTAINTY') );
#8571 = ( LENGTH_UNIT() NAMED_UNIT(*) SI_UNIT(.MILLI.,.METRE.) );
#8572 = ( NAMED_UNIT(*) PLANE_ANGLE_UNIT() SI_UNIT($,.RADIAN.) );
#8573 = ( NAMED_UNIT(*) SI_UNIT($,.STERADIAN.) SOLID_ANGLE_UNIT() );
#8574 = UNCERTAINTY_MEASURE_WITH_UNIT(LENGTH_MEASURE(1.E-07),#8571,
  'distance_accuracy_value','confusion accuracy');
#8575 = CONTEXT_DEPENDENT_SHAPE_REPRESENTATION(#8576,#8578);
#8576 = ( REPRESENTATION_RELATIONSHIP('','',#5733,#10) 
REPRESENTATION_RELATIONSHIP_WITH_TRANSFORMATION(#8577) 
SHAPE_REPRESENTATION_RELATIONSHIP() );
#8577 = ITEM_DEFINED_TRANSFORMATION('','',#11,#35);
#8578 = PRODUCT_DEFINITION_SHAPE('Placement','Placement of an item',
  #8579);
#8579 = NEXT_ASSEMBLY_USAGE_OCCURRENCE('6','=>[0:1:1:4]','',#5,#5728,$);
#8580 = PRODUCT_RELATED_PRODUCT_CATEGORY('part',$,(#5730));
#8581 = SHAPE_DEFINITION_REPRESENTATION(#8582,#8588);
#8582 = PRODUCT_DEFINITION_SHAPE('','',#8583);
#8583 = PRODUCT_DEFINITION('design','',#8584,#8587);
#8584 = PRODUCT_DEFINITION_FORMATION('','',#8585);
#8585 = PRODUCT('Capacitor_DC_Link_soldermask',
  'Capacitor_DC_Link_soldermask','',(#8586));
#8586 = PRODUCT_CONTEXT('',#2,'mechanical');
#8587 = PRODUCT_DEFINITION_CONTEXT('part definition',#2,'design');
#8588 = SHAPE_REPRESENTATION('',(#11,#8589,#9035),#9481);
#8589 = SHELL_BASED_SURFACE_MODEL('',(#8590));
#8590 = OPEN_SHELL('',(#8591));
#8591 = ADVANCED_FACE('',(#8592,#8726,#8737,#8748,#8784,#8820,#8856,
    #8892,#8903,#8914,#8925,#8936,#8972,#9008,#9019),#9030,.T.);
#8592 = FACE_BOUND('',#8593,.F.);
#8593 = EDGE_LOOP('',(#8594,#8605,#8613,#8621,#8629,#8638,#8646,#8654,
    #8662,#8671,#8679,#8687,#8695,#8704,#8712,#8720));
#8594 = ORIENTED_EDGE('',*,*,#8595,.T.);
#8595 = EDGE_CURVE('',#8596,#8598,#8600,.T.);
#8596 = VERTEX_POINT('',#8597);
#8597 = CARTESIAN_POINT('',(112.252371,-56.374605,1.56));
#8598 = VERTEX_POINT('',#8599);
#8599 = CARTESIAN_POINT('',(116.489605,-52.137371,1.56));
#8600 = CIRCLE('',#8601,4.447376997941);
#8601 = AXIS2_PLACEMENT_3D('',#8602,#8603,#8604);
#8602 = CARTESIAN_POINT('',(116.69500243373,-56.58000243373,1.56));
#8603 = DIRECTION('',(0.,0.,-1.));
#8604 = DIRECTION('',(-0.998932952118,4.618394928795E-02,0.));
#8605 = ORIENTED_EDGE('',*,*,#8606,.T.);
#8606 = EDGE_CURVE('',#8598,#8607,#8609,.T.);
#8607 = VERTEX_POINT('',#8608);
#8608 = CARTESIAN_POINT('',(116.695,-52.135,1.56));
#8609 = LINE('',#8610,#8611);
#8610 = CARTESIAN_POINT('',(116.489605,-52.137371,1.56));
#8611 = VECTOR('',#8612,1.);
#8612 = DIRECTION('',(0.99993337918,1.1542842046E-02,0.));
#8613 = ORIENTED_EDGE('',*,*,#8614,.T.);
#8614 = EDGE_CURVE('',#8607,#8615,#8617,.T.);
#8615 = VERTEX_POINT('',#8616);
#8616 = CARTESIAN_POINT('',(175.5,-52.135,1.56));
#8617 = LINE('',#8618,#8619);
#8618 = CARTESIAN_POINT('',(116.695,-52.135,1.56));
#8619 = VECTOR('',#8620,1.);
#8620 = DIRECTION('',(1.,0.,0.));
#8621 = ORIENTED_EDGE('',*,*,#8622,.T.);
#8622 = EDGE_CURVE('',#8615,#8623,#8625,.T.);
#8623 = VERTEX_POINT('',#8624);
#8624 = CARTESIAN_POINT('',(175.705395,-52.137371,1.56));
#8625 = LINE('',#8626,#8627);
#8626 = CARTESIAN_POINT('',(175.5,-52.135,1.56));
#8627 = VECTOR('',#8628,1.);
#8628 = DIRECTION('',(0.99993337918,-1.1542842046E-02,0.));
#8629 = ORIENTED_EDGE('',*,*,#8630,.T.);
#8630 = EDGE_CURVE('',#8623,#8631,#8633,.T.);
#8631 = VERTEX_POINT('',#8632);
#8632 = CARTESIAN_POINT('',(179.942629,-56.374605,1.56));
#8633 = CIRCLE('',#8634,4.447376997941);
#8634 = AXIS2_PLACEMENT_3D('',#8635,#8636,#8637);
#8635 = CARTESIAN_POINT('',(175.49999756626,-56.58000243373,1.56));
#8636 = DIRECTION('',(0.,0.,-1.));
#8637 = DIRECTION('',(4.618394928795E-02,0.998932952118,0.));
#8638 = ORIENTED_EDGE('',*,*,#8639,.T.);
#8639 = EDGE_CURVE('',#8631,#8640,#8642,.T.);
#8640 = VERTEX_POINT('',#8641);
#8641 = CARTESIAN_POINT('',(179.945,-56.58,1.56));
#8642 = LINE('',#8643,#8644);
#8643 = CARTESIAN_POINT('',(179.942629,-56.374605,1.56));
#8644 = VECTOR('',#8645,1.);
#8645 = DIRECTION('',(1.15428420459E-02,-0.99993337918,0.));
#8646 = ORIENTED_EDGE('',*,*,#8647,.T.);
#8647 = EDGE_CURVE('',#8640,#8648,#8650,.T.);
#8648 = VERTEX_POINT('',#8649);
#8649 = CARTESIAN_POINT('',(179.944999,-114.3,1.56));
#8650 = LINE('',#8651,#8652);
#8651 = CARTESIAN_POINT('',(179.945,-56.58,1.56));
#8652 = VECTOR('',#8653,1.);
#8653 = DIRECTION('',(-1.732501728128E-08,-1.,0.));
#8654 = ORIENTED_EDGE('',*,*,#8655,.T.);
#8655 = EDGE_CURVE('',#8648,#8656,#8658,.T.);
#8656 = VERTEX_POINT('',#8657);
#8657 = CARTESIAN_POINT('',(179.9427,-114.505398,1.56));
#8658 = LINE('',#8659,#8660);
#8659 = CARTESIAN_POINT('',(179.944999,-114.3,1.56));
#8660 = VECTOR('',#8661,1.);
#8661 = DIRECTION('',(-1.119220246989E-02,-0.99993736534,0.));
#8662 = ORIENTED_EDGE('',*,*,#8663,.T.);
#8663 = EDGE_CURVE('',#8656,#8664,#8666,.T.);
#8664 = VERTEX_POINT('',#8665);
#8665 = CARTESIAN_POINT('',(175.705397,-118.7427,1.56));
#8666 = CIRCLE('',#8667,4.447444964867);
#8667 = AXIS2_PLACEMENT_3D('',#8668,#8669,#8670);
#8668 = CARTESIAN_POINT('',(175.50000053062,-114.3000004821,1.56));
#8669 = DIRECTION('',(0.,0.,-1.));
#8670 = DIRECTION('',(0.998932983875,-4.618326240583E-02,0.));
#8671 = ORIENTED_EDGE('',*,*,#8672,.T.);
#8672 = EDGE_CURVE('',#8664,#8673,#8675,.T.);
#8673 = VERTEX_POINT('',#8674);
#8674 = CARTESIAN_POINT('',(175.499999,-118.745,1.56));
#8675 = LINE('',#8676,#8677);
#8676 = CARTESIAN_POINT('',(175.705397,-118.7427,1.56));
#8677 = VECTOR('',#8678,1.);
#8678 = DIRECTION('',(-0.999937310845,-1.119707015136E-02,0.));
#8679 = ORIENTED_EDGE('',*,*,#8680,.T.);
#8680 = EDGE_CURVE('',#8673,#8681,#8683,.T.);
#8681 = VERTEX_POINT('',#8682);
#8682 = CARTESIAN_POINT('',(116.695,-118.745,1.56));
#8683 = LINE('',#8684,#8685);
#8684 = CARTESIAN_POINT('',(175.499999,-118.745,1.56));
#8685 = VECTOR('',#8686,1.);
#8686 = DIRECTION('',(-1.,0.,0.));
#8687 = ORIENTED_EDGE('',*,*,#8688,.T.);
#8688 = EDGE_CURVE('',#8681,#8689,#8691,.T.);
#8689 = VERTEX_POINT('',#8690);
#8690 = CARTESIAN_POINT('',(116.489605,-118.742629,1.56));
#8691 = LINE('',#8692,#8693);
#8692 = CARTESIAN_POINT('',(116.695,-118.745,1.56));
#8693 = VECTOR('',#8694,1.);
#8694 = DIRECTION('',(-0.99993337918,1.154284204604E-02,0.));
#8695 = ORIENTED_EDGE('',*,*,#8696,.T.);
#8696 = EDGE_CURVE('',#8689,#8697,#8699,.T.);
#8697 = VERTEX_POINT('',#8698);
#8698 = CARTESIAN_POINT('',(112.252371,-114.505395,1.56));
#8699 = CIRCLE('',#8700,4.447376997941);
#8700 = AXIS2_PLACEMENT_3D('',#8701,#8702,#8703);
#8701 = CARTESIAN_POINT('',(116.69500243373,-114.2999975662,1.56));
#8702 = DIRECTION('',(0.,0.,-1.));
#8703 = DIRECTION('',(-4.618394928795E-02,-0.998932952118,-0.));
#8704 = ORIENTED_EDGE('',*,*,#8705,.T.);
#8705 = EDGE_CURVE('',#8697,#8706,#8708,.T.);
#8706 = VERTEX_POINT('',#8707);
#8707 = CARTESIAN_POINT('',(112.25,-114.3,1.56));
#8708 = LINE('',#8709,#8710);
#8709 = CARTESIAN_POINT('',(112.252371,-114.505395,1.56));
#8710 = VECTOR('',#8711,1.);
#8711 = DIRECTION('',(-1.154284204597E-02,0.99993337918,0.));
#8712 = ORIENTED_EDGE('',*,*,#8713,.T.);
#8713 = EDGE_CURVE('',#8706,#8714,#8716,.T.);
#8714 = VERTEX_POINT('',#8715);
#8715 = CARTESIAN_POINT('',(112.25,-56.58,1.56));
#8716 = LINE('',#8717,#8718);
#8717 = CARTESIAN_POINT('',(112.25,-114.3,1.56));
#8718 = VECTOR('',#8719,1.);
#8719 = DIRECTION('',(0.,1.,0.));
#8720 = ORIENTED_EDGE('',*,*,#8721,.T.);
#8721 = EDGE_CURVE('',#8714,#8596,#8722,.T.);
#8722 = LINE('',#8723,#8724);
#8723 = CARTESIAN_POINT('',(112.25,-56.58,1.56));
#8724 = VECTOR('',#8725,1.);
#8725 = DIRECTION('',(1.154284204597E-02,0.99993337918,0.));
#8726 = FACE_BOUND('',#8727,.F.);
#8727 = EDGE_LOOP('',(#8728));
#8728 = ORIENTED_EDGE('',*,*,#8729,.T.);
#8729 = EDGE_CURVE('',#8730,#8730,#8732,.T.);
#8730 = VERTEX_POINT('',#8731);
#8731 = CARTESIAN_POINT('',(126.449999,-115.25,1.56));
#8732 = CIRCLE('',#8733,1.199999);
#8733 = AXIS2_PLACEMENT_3D('',#8734,#8735,#8736);
#8734 = CARTESIAN_POINT('',(125.25,-115.25,1.56));
#8735 = DIRECTION('',(0.,0.,1.));
#8736 = DIRECTION('',(1.,0.,-0.));
#8737 = FACE_BOUND('',#8738,.F.);
#8738 = EDGE_LOOP('',(#8739));
#8739 = ORIENTED_EDGE('',*,*,#8740,.T.);
#8740 = EDGE_CURVE('',#8741,#8741,#8743,.T.);
#8741 = VERTEX_POINT('',#8742);
#8742 = CARTESIAN_POINT('',(168.949999,-115.25,1.56));
#8743 = CIRCLE('',#8744,1.199999);
#8744 = AXIS2_PLACEMENT_3D('',#8745,#8746,#8747);
#8745 = CARTESIAN_POINT('',(167.75,-115.25,1.56));
#8746 = DIRECTION('',(0.,0.,1.));
#8747 = DIRECTION('',(1.,0.,-0.));
#8748 = FACE_BOUND('',#8749,.F.);
#8749 = EDGE_LOOP('',(#8750,#8761,#8769,#8778));
#8750 = ORIENTED_EDGE('',*,*,#8751,.T.);
#8751 = EDGE_CURVE('',#8752,#8754,#8756,.T.);
#8752 = VERTEX_POINT('',#8753);
#8753 = CARTESIAN_POINT('',(155.,-111.7,1.56));
#8754 = VERTEX_POINT('',#8755);
#8755 = CARTESIAN_POINT('',(155.,-109.2,1.56));
#8756 = CIRCLE('',#8757,1.25);
#8757 = AXIS2_PLACEMENT_3D('',#8758,#8759,#8760);
#8758 = CARTESIAN_POINT('',(155.00000034309,-110.45,1.56));
#8759 = DIRECTION('',(0.,0.,1.));
#8760 = DIRECTION('',(-2.74473245554E-07,-1.,0.));
#8761 = ORIENTED_EDGE('',*,*,#8762,.T.);
#8762 = EDGE_CURVE('',#8754,#8763,#8765,.T.);
#8763 = VERTEX_POINT('',#8764);
#8764 = CARTESIAN_POINT('',(153.,-109.2,1.56));
#8765 = LINE('',#8766,#8767);
#8766 = CARTESIAN_POINT('',(155.,-109.2,1.56));
#8767 = VECTOR('',#8768,1.);
#8768 = DIRECTION('',(-1.,0.,0.));
#8769 = ORIENTED_EDGE('',*,*,#8770,.T.);
#8770 = EDGE_CURVE('',#8763,#8771,#8773,.T.);
#8771 = VERTEX_POINT('',#8772);
#8772 = CARTESIAN_POINT('',(153.,-111.7,1.56));
#8773 = CIRCLE('',#8774,1.25);
#8774 = AXIS2_PLACEMENT_3D('',#8775,#8776,#8777);
#8775 = CARTESIAN_POINT('',(152.9999996569,-110.45,1.56));
#8776 = DIRECTION('',(0.,0.,1.));
#8777 = DIRECTION('',(2.74473245554E-07,1.,-0.));
#8778 = ORIENTED_EDGE('',*,*,#8779,.T.);
#8779 = EDGE_CURVE('',#8771,#8752,#8780,.T.);
#8780 = LINE('',#8781,#8782);
#8781 = CARTESIAN_POINT('',(153.,-111.7,1.56));
#8782 = VECTOR('',#8783,1.);
#8783 = DIRECTION('',(1.,0.,0.));
#8784 = FACE_BOUND('',#8785,.F.);
#8785 = EDGE_LOOP('',(#8786,#8797,#8805,#8814));
#8786 = ORIENTED_EDGE('',*,*,#8787,.T.);
#8787 = EDGE_CURVE('',#8788,#8790,#8792,.T.);
#8788 = VERTEX_POINT('',#8789);
#8789 = CARTESIAN_POINT('',(140.,-106.3,1.56));
#8790 = VERTEX_POINT('',#8791);
#8791 = CARTESIAN_POINT('',(140.,-103.8,1.56));
#8792 = CIRCLE('',#8793,1.25);
#8793 = AXIS2_PLACEMENT_3D('',#8794,#8795,#8796);
#8794 = CARTESIAN_POINT('',(140.00000034309,-105.05,1.56));
#8795 = DIRECTION('',(0.,0.,1.));
#8796 = DIRECTION('',(-2.74473245554E-07,-1.,0.));
#8797 = ORIENTED_EDGE('',*,*,#8798,.T.);
#8798 = EDGE_CURVE('',#8790,#8799,#8801,.T.);
#8799 = VERTEX_POINT('',#8800);
#8800 = CARTESIAN_POINT('',(138.,-103.8,1.56));
#8801 = LINE('',#8802,#8803);
#8802 = CARTESIAN_POINT('',(140.,-103.8,1.56));
#8803 = VECTOR('',#8804,1.);
#8804 = DIRECTION('',(-1.,0.,0.));
#8805 = ORIENTED_EDGE('',*,*,#8806,.T.);
#8806 = EDGE_CURVE('',#8799,#8807,#8809,.T.);
#8807 = VERTEX_POINT('',#8808);
#8808 = CARTESIAN_POINT('',(138.,-106.3,1.56));
#8809 = CIRCLE('',#8810,1.25);
#8810 = AXIS2_PLACEMENT_3D('',#8811,#8812,#8813);
#8811 = CARTESIAN_POINT('',(137.9999996569,-105.05,1.56));
#8812 = DIRECTION('',(0.,0.,1.));
#8813 = DIRECTION('',(2.74473245554E-07,1.,-0.));
#8814 = ORIENTED_EDGE('',*,*,#8815,.T.);
#8815 = EDGE_CURVE('',#8807,#8788,#8816,.T.);
#8816 = LINE('',#8817,#8818);
#8817 = CARTESIAN_POINT('',(138.,-106.3,1.56));
#8818 = VECTOR('',#8819,1.);
#8819 = DIRECTION('',(1.,0.,0.));
#8820 = FACE_BOUND('',#8821,.F.);
#8821 = EDGE_LOOP('',(#8822,#8833,#8841,#8850));
#8822 = ORIENTED_EDGE('',*,*,#8823,.T.);
#8823 = EDGE_CURVE('',#8824,#8826,#8828,.T.);
#8824 = VERTEX_POINT('',#8825);
#8825 = CARTESIAN_POINT('',(155.,-94.7,1.56));
#8826 = VERTEX_POINT('',#8827);
#8827 = CARTESIAN_POINT('',(155.,-92.2,1.56));
#8828 = CIRCLE('',#8829,1.25);
#8829 = AXIS2_PLACEMENT_3D('',#8830,#8831,#8832);
#8830 = CARTESIAN_POINT('',(155.00000034309,-93.45,1.56));
#8831 = DIRECTION('',(0.,0.,1.));
#8832 = DIRECTION('',(-2.74473245554E-07,-1.,0.));
#8833 = ORIENTED_EDGE('',*,*,#8834,.T.);
#8834 = EDGE_CURVE('',#8826,#8835,#8837,.T.);
#8835 = VERTEX_POINT('',#8836);
#8836 = CARTESIAN_POINT('',(153.,-92.2,1.56));
#8837 = LINE('',#8838,#8839);
#8838 = CARTESIAN_POINT('',(155.,-92.2,1.56));
#8839 = VECTOR('',#8840,1.);
#8840 = DIRECTION('',(-1.,0.,0.));
#8841 = ORIENTED_EDGE('',*,*,#8842,.T.);
#8842 = EDGE_CURVE('',#8835,#8843,#8845,.T.);
#8843 = VERTEX_POINT('',#8844);
#8844 = CARTESIAN_POINT('',(153.,-94.7,1.56));
#8845 = CIRCLE('',#8846,1.25);
#8846 = AXIS2_PLACEMENT_3D('',#8847,#8848,#8849);
#8847 = CARTESIAN_POINT('',(152.9999996569,-93.45,1.56));
#8848 = DIRECTION('',(0.,0.,1.));
#8849 = DIRECTION('',(2.74473245554E-07,1.,-0.));
#8850 = ORIENTED_EDGE('',*,*,#8851,.T.);
#8851 = EDGE_CURVE('',#8843,#8824,#8852,.T.);
#8852 = LINE('',#8853,#8854);
#8853 = CARTESIAN_POINT('',(153.,-94.7,1.56));
#8854 = VECTOR('',#8855,1.);
#8855 = DIRECTION('',(1.,0.,0.));
#8856 = FACE_BOUND('',#8857,.F.);
#8857 = EDGE_LOOP('',(#8858,#8869,#8877,#8886));
#8858 = ORIENTED_EDGE('',*,*,#8859,.T.);
#8859 = EDGE_CURVE('',#8860,#8862,#8864,.T.);
#8860 = VERTEX_POINT('',#8861);
#8861 = CARTESIAN_POINT('',(140.,-89.3,1.56));
#8862 = VERTEX_POINT('',#8863);
#8863 = CARTESIAN_POINT('',(140.,-86.8,1.56));
#8864 = CIRCLE('',#8865,1.25);
#8865 = AXIS2_PLACEMENT_3D('',#8866,#8867,#8868);
#8866 = CARTESIAN_POINT('',(140.00000034309,-88.05,1.56));
#8867 = DIRECTION('',(0.,0.,1.));
#8868 = DIRECTION('',(-2.74473245554E-07,-1.,0.));
#8869 = ORIENTED_EDGE('',*,*,#8870,.T.);
#8870 = EDGE_CURVE('',#8862,#8871,#8873,.T.);
#8871 = VERTEX_POINT('',#8872);
#8872 = CARTESIAN_POINT('',(138.,-86.8,1.56));
#8873 = LINE('',#8874,#8875);
#8874 = CARTESIAN_POINT('',(140.,-86.8,1.56));
#8875 = VECTOR('',#8876,1.);
#8876 = DIRECTION('',(-1.,0.,0.));
#8877 = ORIENTED_EDGE('',*,*,#8878,.T.);
#8878 = EDGE_CURVE('',#8871,#8879,#8881,.T.);
#8879 = VERTEX_POINT('',#8880);
#8880 = CARTESIAN_POINT('',(138.,-89.3,1.56));
#8881 = CIRCLE('',#8882,1.25);
#8882 = AXIS2_PLACEMENT_3D('',#8883,#8884,#8885);
#8883 = CARTESIAN_POINT('',(137.9999996569,-88.05,1.56));
#8884 = DIRECTION('',(0.,0.,1.));
#8885 = DIRECTION('',(2.74473245554E-07,1.,-0.));
#8886 = ORIENTED_EDGE('',*,*,#8887,.T.);
#8887 = EDGE_CURVE('',#8879,#8860,#8888,.T.);
#8888 = LINE('',#8889,#8890);
#8889 = CARTESIAN_POINT('',(138.,-89.3,1.56));
#8890 = VECTOR('',#8891,1.);
#8891 = DIRECTION('',(1.,0.,0.));
#8892 = FACE_BOUND('',#8893,.F.);
#8893 = EDGE_LOOP('',(#8894));
#8894 = ORIENTED_EDGE('',*,*,#8895,.T.);
#8895 = EDGE_CURVE('',#8896,#8896,#8898,.T.);
#8896 = VERTEX_POINT('',#8897);
#8897 = CARTESIAN_POINT('',(126.449999,-87.75,1.56));
#8898 = CIRCLE('',#8899,1.199999);
#8899 = AXIS2_PLACEMENT_3D('',#8900,#8901,#8902);
#8900 = CARTESIAN_POINT('',(125.25,-87.75,1.56));
#8901 = DIRECTION('',(0.,0.,1.));
#8902 = DIRECTION('',(1.,0.,-0.));
#8903 = FACE_BOUND('',#8904,.F.);
#8904 = EDGE_LOOP('',(#8905));
#8905 = ORIENTED_EDGE('',*,*,#8906,.T.);
#8906 = EDGE_CURVE('',#8907,#8907,#8909,.T.);
#8907 = VERTEX_POINT('',#8908);
#8908 = CARTESIAN_POINT('',(168.949999,-87.75,1.56));
#8909 = CIRCLE('',#8910,1.199999);
#8910 = AXIS2_PLACEMENT_3D('',#8911,#8912,#8913);
#8911 = CARTESIAN_POINT('',(167.75,-87.75,1.56));
#8912 = DIRECTION('',(0.,0.,1.));
#8913 = DIRECTION('',(1.,0.,-0.));
#8914 = FACE_BOUND('',#8915,.F.);
#8915 = EDGE_LOOP('',(#8916));
#8916 = ORIENTED_EDGE('',*,*,#8917,.T.);
#8917 = EDGE_CURVE('',#8918,#8918,#8920,.T.);
#8918 = VERTEX_POINT('',#8919);
#8919 = CARTESIAN_POINT('',(126.449999,-83.,1.56));
#8920 = CIRCLE('',#8921,1.199999);
#8921 = AXIS2_PLACEMENT_3D('',#8922,#8923,#8924);
#8922 = CARTESIAN_POINT('',(125.25,-83.,1.56));
#8923 = DIRECTION('',(0.,0.,1.));
#8924 = DIRECTION('',(1.,0.,-0.));
#8925 = FACE_BOUND('',#8926,.F.);
#8926 = EDGE_LOOP('',(#8927));
#8927 = ORIENTED_EDGE('',*,*,#8928,.T.);
#8928 = EDGE_CURVE('',#8929,#8929,#8931,.T.);
#8929 = VERTEX_POINT('',#8930);
#8930 = CARTESIAN_POINT('',(168.949999,-83.,1.56));
#8931 = CIRCLE('',#8932,1.199999);
#8932 = AXIS2_PLACEMENT_3D('',#8933,#8934,#8935);
#8933 = CARTESIAN_POINT('',(167.75,-83.,1.56));
#8934 = DIRECTION('',(0.,0.,1.));
#8935 = DIRECTION('',(1.,0.,-0.));
#8936 = FACE_BOUND('',#8937,.F.);
#8937 = EDGE_LOOP('',(#8938,#8949,#8957,#8966));
#8938 = ORIENTED_EDGE('',*,*,#8939,.T.);
#8939 = EDGE_CURVE('',#8940,#8942,#8944,.T.);
#8940 = VERTEX_POINT('',#8941);
#8941 = CARTESIAN_POINT('',(155.,-77.7,1.56));
#8942 = VERTEX_POINT('',#8943);
#8943 = CARTESIAN_POINT('',(155.,-75.2,1.56));
#8944 = CIRCLE('',#8945,1.25);
#8945 = AXIS2_PLACEMENT_3D('',#8946,#8947,#8948);
#8946 = CARTESIAN_POINT('',(155.00000034309,-76.45,1.56));
#8947 = DIRECTION('',(0.,0.,1.));
#8948 = DIRECTION('',(-2.74473245554E-07,-1.,0.));
#8949 = ORIENTED_EDGE('',*,*,#8950,.T.);
#8950 = EDGE_CURVE('',#8942,#8951,#8953,.T.);
#8951 = VERTEX_POINT('',#8952);
#8952 = CARTESIAN_POINT('',(153.,-75.2,1.56));
#8953 = LINE('',#8954,#8955);
#8954 = CARTESIAN_POINT('',(155.,-75.2,1.56));
#8955 = VECTOR('',#8956,1.);
#8956 = DIRECTION('',(-1.,0.,0.));
#8957 = ORIENTED_EDGE('',*,*,#8958,.T.);
#8958 = EDGE_CURVE('',#8951,#8959,#8961,.T.);
#8959 = VERTEX_POINT('',#8960);
#8960 = CARTESIAN_POINT('',(153.,-77.7,1.56));
#8961 = CIRCLE('',#8962,1.25);
#8962 = AXIS2_PLACEMENT_3D('',#8963,#8964,#8965);
#8963 = CARTESIAN_POINT('',(152.9999996569,-76.45,1.56));
#8964 = DIRECTION('',(0.,0.,1.));
#8965 = DIRECTION('',(2.74473245554E-07,1.,-0.));
#8966 = ORIENTED_EDGE('',*,*,#8967,.T.);
#8967 = EDGE_CURVE('',#8959,#8940,#8968,.T.);
#8968 = LINE('',#8969,#8970);
#8969 = CARTESIAN_POINT('',(153.,-77.7,1.56));
#8970 = VECTOR('',#8971,1.);
#8971 = DIRECTION('',(1.,0.,0.));
#8972 = FACE_BOUND('',#8973,.F.);
#8973 = EDGE_LOOP('',(#8974,#8985,#8993,#9002));
#8974 = ORIENTED_EDGE('',*,*,#8975,.T.);
#8975 = EDGE_CURVE('',#8976,#8978,#8980,.T.);
#8976 = VERTEX_POINT('',#8977);
#8977 = CARTESIAN_POINT('',(140.,-72.3,1.56));
#8978 = VERTEX_POINT('',#8979);
#8979 = CARTESIAN_POINT('',(140.,-69.8,1.56));
#8980 = CIRCLE('',#8981,1.25);
#8981 = AXIS2_PLACEMENT_3D('',#8982,#8983,#8984);
#8982 = CARTESIAN_POINT('',(140.00000034309,-71.05,1.56));
#8983 = DIRECTION('',(0.,0.,1.));
#8984 = DIRECTION('',(-2.74473245554E-07,-1.,0.));
#8985 = ORIENTED_EDGE('',*,*,#8986,.T.);
#8986 = EDGE_CURVE('',#8978,#8987,#8989,.T.);
#8987 = VERTEX_POINT('',#8988);
#8988 = CARTESIAN_POINT('',(138.,-69.8,1.56));
#8989 = LINE('',#8990,#8991);
#8990 = CARTESIAN_POINT('',(140.,-69.8,1.56));
#8991 = VECTOR('',#8992,1.);
#8992 = DIRECTION('',(-1.,0.,0.));
#8993 = ORIENTED_EDGE('',*,*,#8994,.T.);
#8994 = EDGE_CURVE('',#8987,#8995,#8997,.T.);
#8995 = VERTEX_POINT('',#8996);
#8996 = CARTESIAN_POINT('',(138.,-72.3,1.56));
#8997 = CIRCLE('',#8998,1.25);
#8998 = AXIS2_PLACEMENT_3D('',#8999,#9000,#9001);
#8999 = CARTESIAN_POINT('',(137.9999996569,-71.05,1.56));
#9000 = DIRECTION('',(0.,0.,1.));
#9001 = DIRECTION('',(2.74473245554E-07,1.,-0.));
#9002 = ORIENTED_EDGE('',*,*,#9003,.T.);
#9003 = EDGE_CURVE('',#8995,#8976,#9004,.T.);
#9004 = LINE('',#9005,#9006);
#9005 = CARTESIAN_POINT('',(138.,-72.3,1.56));
#9006 = VECTOR('',#9007,1.);
#9007 = DIRECTION('',(1.,0.,0.));
#9008 = FACE_BOUND('',#9009,.F.);
#9009 = EDGE_LOOP('',(#9010));
#9010 = ORIENTED_EDGE('',*,*,#9011,.T.);
#9011 = EDGE_CURVE('',#9012,#9012,#9014,.T.);
#9012 = VERTEX_POINT('',#9013);
#9013 = CARTESIAN_POINT('',(126.449999,-55.5,1.56));
#9014 = CIRCLE('',#9015,1.199999);
#9015 = AXIS2_PLACEMENT_3D('',#9016,#9017,#9018);
#9016 = CARTESIAN_POINT('',(125.25,-55.5,1.56));
#9017 = DIRECTION('',(0.,0.,1.));
#9018 = DIRECTION('',(1.,0.,-0.));
#9019 = FACE_BOUND('',#9020,.F.);
#9020 = EDGE_LOOP('',(#9021));
#9021 = ORIENTED_EDGE('',*,*,#9022,.T.);
#9022 = EDGE_CURVE('',#9023,#9023,#9025,.T.);
#9023 = VERTEX_POINT('',#9024);
#9024 = CARTESIAN_POINT('',(168.949999,-55.5,1.56));
#9025 = CIRCLE('',#9026,1.199999);
#9026 = AXIS2_PLACEMENT_3D('',#9027,#9028,#9029);
#9027 = CARTESIAN_POINT('',(167.75,-55.5,1.56));
#9028 = DIRECTION('',(0.,0.,1.));
#9029 = DIRECTION('',(1.,0.,-0.));
#9030 = PLANE('',#9031);
#9031 = AXIS2_PLACEMENT_3D('',#9032,#9033,#9034);
#9032 = CARTESIAN_POINT('',(0.,0.,1.56));
#9033 = DIRECTION('',(0.,0.,1.));
#9034 = DIRECTION('',(1.,0.,-0.));
#9035 = SHELL_BASED_SURFACE_MODEL('',(#9036));
#9036 = OPEN_SHELL('',(#9037));
#9037 = ADVANCED_FACE('',(#9038,#9172,#9183,#9194,#9230,#9266,#9302,
    #9338,#9349,#9360,#9371,#9382,#9418,#9454,#9465),#9476,.T.);
#9038 = FACE_BOUND('',#9039,.T.);
#9039 = EDGE_LOOP('',(#9040,#9051,#9059,#9067,#9075,#9084,#9092,#9100,
    #9108,#9117,#9125,#9133,#9141,#9150,#9158,#9166));
#9040 = ORIENTED_EDGE('',*,*,#9041,.T.);
#9041 = EDGE_CURVE('',#9042,#9044,#9046,.T.);
#9042 = VERTEX_POINT('',#9043);
#9043 = CARTESIAN_POINT('',(112.252371,-56.374605,-5.E-02));
#9044 = VERTEX_POINT('',#9045);
#9045 = CARTESIAN_POINT('',(116.489605,-52.137371,-5.E-02));
#9046 = CIRCLE('',#9047,4.447376997941);
#9047 = AXIS2_PLACEMENT_3D('',#9048,#9049,#9050);
#9048 = CARTESIAN_POINT('',(116.69500243373,-56.58000243373,-5.E-02));
#9049 = DIRECTION('',(0.,0.,-1.));
#9050 = DIRECTION('',(-0.998932952118,4.618394928795E-02,0.));
#9051 = ORIENTED_EDGE('',*,*,#9052,.T.);
#9052 = EDGE_CURVE('',#9044,#9053,#9055,.T.);
#9053 = VERTEX_POINT('',#9054);
#9054 = CARTESIAN_POINT('',(116.695,-52.135,-5.E-02));
#9055 = LINE('',#9056,#9057);
#9056 = CARTESIAN_POINT('',(116.489605,-52.137371,-5.E-02));
#9057 = VECTOR('',#9058,1.);
#9058 = DIRECTION('',(0.99993337918,1.1542842046E-02,0.));
#9059 = ORIENTED_EDGE('',*,*,#9060,.T.);
#9060 = EDGE_CURVE('',#9053,#9061,#9063,.T.);
#9061 = VERTEX_POINT('',#9062);
#9062 = CARTESIAN_POINT('',(175.5,-52.135,-5.E-02));
#9063 = LINE('',#9064,#9065);
#9064 = CARTESIAN_POINT('',(116.695,-52.135,-5.E-02));
#9065 = VECTOR('',#9066,1.);
#9066 = DIRECTION('',(1.,0.,0.));
#9067 = ORIENTED_EDGE('',*,*,#9068,.T.);
#9068 = EDGE_CURVE('',#9061,#9069,#9071,.T.);
#9069 = VERTEX_POINT('',#9070);
#9070 = CARTESIAN_POINT('',(175.705395,-52.137371,-5.E-02));
#9071 = LINE('',#9072,#9073);
#9072 = CARTESIAN_POINT('',(175.5,-52.135,-5.E-02));
#9073 = VECTOR('',#9074,1.);
#9074 = DIRECTION('',(0.99993337918,-1.1542842046E-02,0.));
#9075 = ORIENTED_EDGE('',*,*,#9076,.T.);
#9076 = EDGE_CURVE('',#9069,#9077,#9079,.T.);
#9077 = VERTEX_POINT('',#9078);
#9078 = CARTESIAN_POINT('',(179.942629,-56.374605,-5.E-02));
#9079 = CIRCLE('',#9080,4.447376997941);
#9080 = AXIS2_PLACEMENT_3D('',#9081,#9082,#9083);
#9081 = CARTESIAN_POINT('',(175.49999756626,-56.58000243373,-5.E-02));
#9082 = DIRECTION('',(0.,0.,-1.));
#9083 = DIRECTION('',(4.618394928795E-02,0.998932952118,0.));
#9084 = ORIENTED_EDGE('',*,*,#9085,.T.);
#9085 = EDGE_CURVE('',#9077,#9086,#9088,.T.);
#9086 = VERTEX_POINT('',#9087);
#9087 = CARTESIAN_POINT('',(179.945,-56.58,-5.E-02));
#9088 = LINE('',#9089,#9090);
#9089 = CARTESIAN_POINT('',(179.942629,-56.374605,-5.E-02));
#9090 = VECTOR('',#9091,1.);
#9091 = DIRECTION('',(1.15428420459E-02,-0.99993337918,0.));
#9092 = ORIENTED_EDGE('',*,*,#9093,.T.);
#9093 = EDGE_CURVE('',#9086,#9094,#9096,.T.);
#9094 = VERTEX_POINT('',#9095);
#9095 = CARTESIAN_POINT('',(179.944999,-114.3,-5.E-02));
#9096 = LINE('',#9097,#9098);
#9097 = CARTESIAN_POINT('',(179.945,-56.58,-5.E-02));
#9098 = VECTOR('',#9099,1.);
#9099 = DIRECTION('',(-1.732501728128E-08,-1.,0.));
#9100 = ORIENTED_EDGE('',*,*,#9101,.T.);
#9101 = EDGE_CURVE('',#9094,#9102,#9104,.T.);
#9102 = VERTEX_POINT('',#9103);
#9103 = CARTESIAN_POINT('',(179.9427,-114.505398,-5.E-02));
#9104 = LINE('',#9105,#9106);
#9105 = CARTESIAN_POINT('',(179.944999,-114.3,-5.E-02));
#9106 = VECTOR('',#9107,1.);
#9107 = DIRECTION('',(-1.119220246989E-02,-0.99993736534,0.));
#9108 = ORIENTED_EDGE('',*,*,#9109,.T.);
#9109 = EDGE_CURVE('',#9102,#9110,#9112,.T.);
#9110 = VERTEX_POINT('',#9111);
#9111 = CARTESIAN_POINT('',(175.705397,-118.7427,-5.E-02));
#9112 = CIRCLE('',#9113,4.447444964867);
#9113 = AXIS2_PLACEMENT_3D('',#9114,#9115,#9116);
#9114 = CARTESIAN_POINT('',(175.50000053062,-114.3000004821,-5.E-02));
#9115 = DIRECTION('',(0.,0.,-1.));
#9116 = DIRECTION('',(0.998932983875,-4.618326240583E-02,0.));
#9117 = ORIENTED_EDGE('',*,*,#9118,.T.);
#9118 = EDGE_CURVE('',#9110,#9119,#9121,.T.);
#9119 = VERTEX_POINT('',#9120);
#9120 = CARTESIAN_POINT('',(175.499999,-118.745,-5.E-02));
#9121 = LINE('',#9122,#9123);
#9122 = CARTESIAN_POINT('',(175.705397,-118.7427,-5.E-02));
#9123 = VECTOR('',#9124,1.);
#9124 = DIRECTION('',(-0.999937310845,-1.119707015136E-02,0.));
#9125 = ORIENTED_EDGE('',*,*,#9126,.T.);
#9126 = EDGE_CURVE('',#9119,#9127,#9129,.T.);
#9127 = VERTEX_POINT('',#9128);
#9128 = CARTESIAN_POINT('',(116.695,-118.745,-5.E-02));
#9129 = LINE('',#9130,#9131);
#9130 = CARTESIAN_POINT('',(175.499999,-118.745,-5.E-02));
#9131 = VECTOR('',#9132,1.);
#9132 = DIRECTION('',(-1.,0.,0.));
#9133 = ORIENTED_EDGE('',*,*,#9134,.T.);
#9134 = EDGE_CURVE('',#9127,#9135,#9137,.T.);
#9135 = VERTEX_POINT('',#9136);
#9136 = CARTESIAN_POINT('',(116.489605,-118.742629,-5.E-02));
#9137 = LINE('',#9138,#9139);
#9138 = CARTESIAN_POINT('',(116.695,-118.745,-5.E-02));
#9139 = VECTOR('',#9140,1.);
#9140 = DIRECTION('',(-0.99993337918,1.154284204604E-02,0.));
#9141 = ORIENTED_EDGE('',*,*,#9142,.T.);
#9142 = EDGE_CURVE('',#9135,#9143,#9145,.T.);
#9143 = VERTEX_POINT('',#9144);
#9144 = CARTESIAN_POINT('',(112.252371,-114.505395,-5.E-02));
#9145 = CIRCLE('',#9146,4.447376997941);
#9146 = AXIS2_PLACEMENT_3D('',#9147,#9148,#9149);
#9147 = CARTESIAN_POINT('',(116.69500243373,-114.2999975662,-5.E-02));
#9148 = DIRECTION('',(0.,0.,-1.));
#9149 = DIRECTION('',(-4.618394928795E-02,-0.998932952118,-0.));
#9150 = ORIENTED_EDGE('',*,*,#9151,.T.);
#9151 = EDGE_CURVE('',#9143,#9152,#9154,.T.);
#9152 = VERTEX_POINT('',#9153);
#9153 = CARTESIAN_POINT('',(112.25,-114.3,-5.E-02));
#9154 = LINE('',#9155,#9156);
#9155 = CARTESIAN_POINT('',(112.252371,-114.505395,-5.E-02));
#9156 = VECTOR('',#9157,1.);
#9157 = DIRECTION('',(-1.154284204597E-02,0.99993337918,0.));
#9158 = ORIENTED_EDGE('',*,*,#9159,.T.);
#9159 = EDGE_CURVE('',#9152,#9160,#9162,.T.);
#9160 = VERTEX_POINT('',#9161);
#9161 = CARTESIAN_POINT('',(112.25,-56.58,-5.E-02));
#9162 = LINE('',#9163,#9164);
#9163 = CARTESIAN_POINT('',(112.25,-114.3,-5.E-02));
#9164 = VECTOR('',#9165,1.);
#9165 = DIRECTION('',(0.,1.,0.));
#9166 = ORIENTED_EDGE('',*,*,#9167,.T.);
#9167 = EDGE_CURVE('',#9160,#9042,#9168,.T.);
#9168 = LINE('',#9169,#9170);
#9169 = CARTESIAN_POINT('',(112.25,-56.58,-5.E-02));
#9170 = VECTOR('',#9171,1.);
#9171 = DIRECTION('',(1.154284204597E-02,0.99993337918,0.));
#9172 = FACE_BOUND('',#9173,.T.);
#9173 = EDGE_LOOP('',(#9174));
#9174 = ORIENTED_EDGE('',*,*,#9175,.T.);
#9175 = EDGE_CURVE('',#9176,#9176,#9178,.T.);
#9176 = VERTEX_POINT('',#9177);
#9177 = CARTESIAN_POINT('',(126.449999,-115.25,-5.E-02));
#9178 = CIRCLE('',#9179,1.199999);
#9179 = AXIS2_PLACEMENT_3D('',#9180,#9181,#9182);
#9180 = CARTESIAN_POINT('',(125.25,-115.25,-5.E-02));
#9181 = DIRECTION('',(0.,0.,1.));
#9182 = DIRECTION('',(1.,0.,-0.));
#9183 = FACE_BOUND('',#9184,.T.);
#9184 = EDGE_LOOP('',(#9185));
#9185 = ORIENTED_EDGE('',*,*,#9186,.T.);
#9186 = EDGE_CURVE('',#9187,#9187,#9189,.T.);
#9187 = VERTEX_POINT('',#9188);
#9188 = CARTESIAN_POINT('',(168.949999,-115.25,-5.E-02));
#9189 = CIRCLE('',#9190,1.199999);
#9190 = AXIS2_PLACEMENT_3D('',#9191,#9192,#9193);
#9191 = CARTESIAN_POINT('',(167.75,-115.25,-5.E-02));
#9192 = DIRECTION('',(0.,0.,1.));
#9193 = DIRECTION('',(1.,0.,-0.));
#9194 = FACE_BOUND('',#9195,.T.);
#9195 = EDGE_LOOP('',(#9196,#9207,#9215,#9224));
#9196 = ORIENTED_EDGE('',*,*,#9197,.T.);
#9197 = EDGE_CURVE('',#9198,#9200,#9202,.T.);
#9198 = VERTEX_POINT('',#9199);
#9199 = CARTESIAN_POINT('',(155.,-111.7,-5.E-02));
#9200 = VERTEX_POINT('',#9201);
#9201 = CARTESIAN_POINT('',(155.,-109.2,-5.E-02));
#9202 = CIRCLE('',#9203,1.25);
#9203 = AXIS2_PLACEMENT_3D('',#9204,#9205,#9206);
#9204 = CARTESIAN_POINT('',(155.00000034309,-110.45,-5.E-02));
#9205 = DIRECTION('',(0.,0.,1.));
#9206 = DIRECTION('',(-2.74473245554E-07,-1.,0.));
#9207 = ORIENTED_EDGE('',*,*,#9208,.T.);
#9208 = EDGE_CURVE('',#9200,#9209,#9211,.T.);
#9209 = VERTEX_POINT('',#9210);
#9210 = CARTESIAN_POINT('',(153.,-109.2,-5.E-02));
#9211 = LINE('',#9212,#9213);
#9212 = CARTESIAN_POINT('',(155.,-109.2,-5.E-02));
#9213 = VECTOR('',#9214,1.);
#9214 = DIRECTION('',(-1.,0.,0.));
#9215 = ORIENTED_EDGE('',*,*,#9216,.T.);
#9216 = EDGE_CURVE('',#9209,#9217,#9219,.T.);
#9217 = VERTEX_POINT('',#9218);
#9218 = CARTESIAN_POINT('',(153.,-111.7,-5.E-02));
#9219 = CIRCLE('',#9220,1.25);
#9220 = AXIS2_PLACEMENT_3D('',#9221,#9222,#9223);
#9221 = CARTESIAN_POINT('',(152.9999996569,-110.45,-5.E-02));
#9222 = DIRECTION('',(0.,0.,1.));
#9223 = DIRECTION('',(2.74473245554E-07,1.,-0.));
#9224 = ORIENTED_EDGE('',*,*,#9225,.T.);
#9225 = EDGE_CURVE('',#9217,#9198,#9226,.T.);
#9226 = LINE('',#9227,#9228);
#9227 = CARTESIAN_POINT('',(153.,-111.7,-5.E-02));
#9228 = VECTOR('',#9229,1.);
#9229 = DIRECTION('',(1.,0.,0.));
#9230 = FACE_BOUND('',#9231,.T.);
#9231 = EDGE_LOOP('',(#9232,#9243,#9251,#9260));
#9232 = ORIENTED_EDGE('',*,*,#9233,.T.);
#9233 = EDGE_CURVE('',#9234,#9236,#9238,.T.);
#9234 = VERTEX_POINT('',#9235);
#9235 = CARTESIAN_POINT('',(140.,-106.3,-5.E-02));
#9236 = VERTEX_POINT('',#9237);
#9237 = CARTESIAN_POINT('',(140.,-103.8,-5.E-02));
#9238 = CIRCLE('',#9239,1.25);
#9239 = AXIS2_PLACEMENT_3D('',#9240,#9241,#9242);
#9240 = CARTESIAN_POINT('',(140.00000034309,-105.05,-5.E-02));
#9241 = DIRECTION('',(0.,0.,1.));
#9242 = DIRECTION('',(-2.74473245554E-07,-1.,0.));
#9243 = ORIENTED_EDGE('',*,*,#9244,.T.);
#9244 = EDGE_CURVE('',#9236,#9245,#9247,.T.);
#9245 = VERTEX_POINT('',#9246);
#9246 = CARTESIAN_POINT('',(138.,-103.8,-5.E-02));
#9247 = LINE('',#9248,#9249);
#9248 = CARTESIAN_POINT('',(140.,-103.8,-5.E-02));
#9249 = VECTOR('',#9250,1.);
#9250 = DIRECTION('',(-1.,0.,0.));
#9251 = ORIENTED_EDGE('',*,*,#9252,.T.);
#9252 = EDGE_CURVE('',#9245,#9253,#9255,.T.);
#9253 = VERTEX_POINT('',#9254);
#9254 = CARTESIAN_POINT('',(138.,-106.3,-5.E-02));
#9255 = CIRCLE('',#9256,1.25);
#9256 = AXIS2_PLACEMENT_3D('',#9257,#9258,#9259);
#9257 = CARTESIAN_POINT('',(137.9999996569,-105.05,-5.E-02));
#9258 = DIRECTION('',(0.,0.,1.));
#9259 = DIRECTION('',(2.74473245554E-07,1.,-0.));
#9260 = ORIENTED_EDGE('',*,*,#9261,.T.);
#9261 = EDGE_CURVE('',#9253,#9234,#9262,.T.);
#9262 = LINE('',#9263,#9264);
#9263 = CARTESIAN_POINT('',(138.,-106.3,-5.E-02));
#9264 = VECTOR('',#9265,1.);
#9265 = DIRECTION('',(1.,0.,0.));
#9266 = FACE_BOUND('',#9267,.T.);
#9267 = EDGE_LOOP('',(#9268,#9279,#9287,#9296));
#9268 = ORIENTED_EDGE('',*,*,#9269,.T.);
#9269 = EDGE_CURVE('',#9270,#9272,#9274,.T.);
#9270 = VERTEX_POINT('',#9271);
#9271 = CARTESIAN_POINT('',(155.,-94.7,-5.E-02));
#9272 = VERTEX_POINT('',#9273);
#9273 = CARTESIAN_POINT('',(155.,-92.2,-5.E-02));
#9274 = CIRCLE('',#9275,1.25);
#9275 = AXIS2_PLACEMENT_3D('',#9276,#9277,#9278);
#9276 = CARTESIAN_POINT('',(155.00000034309,-93.45,-5.E-02));
#9277 = DIRECTION('',(0.,0.,1.));
#9278 = DIRECTION('',(-2.74473245554E-07,-1.,0.));
#9279 = ORIENTED_EDGE('',*,*,#9280,.T.);
#9280 = EDGE_CURVE('',#9272,#9281,#9283,.T.);
#9281 = VERTEX_POINT('',#9282);
#9282 = CARTESIAN_POINT('',(153.,-92.2,-5.E-02));
#9283 = LINE('',#9284,#9285);
#9284 = CARTESIAN_POINT('',(155.,-92.2,-5.E-02));
#9285 = VECTOR('',#9286,1.);
#9286 = DIRECTION('',(-1.,0.,0.));
#9287 = ORIENTED_EDGE('',*,*,#9288,.T.);
#9288 = EDGE_CURVE('',#9281,#9289,#9291,.T.);
#9289 = VERTEX_POINT('',#9290);
#9290 = CARTESIAN_POINT('',(153.,-94.7,-5.E-02));
#9291 = CIRCLE('',#9292,1.25);
#9292 = AXIS2_PLACEMENT_3D('',#9293,#9294,#9295);
#9293 = CARTESIAN_POINT('',(152.9999996569,-93.45,-5.E-02));
#9294 = DIRECTION('',(0.,0.,1.));
#9295 = DIRECTION('',(2.74473245554E-07,1.,-0.));
#9296 = ORIENTED_EDGE('',*,*,#9297,.T.);
#9297 = EDGE_CURVE('',#9289,#9270,#9298,.T.);
#9298 = LINE('',#9299,#9300);
#9299 = CARTESIAN_POINT('',(153.,-94.7,-5.E-02));
#9300 = VECTOR('',#9301,1.);
#9301 = DIRECTION('',(1.,0.,0.));
#9302 = FACE_BOUND('',#9303,.T.);
#9303 = EDGE_LOOP('',(#9304,#9315,#9323,#9332));
#9304 = ORIENTED_EDGE('',*,*,#9305,.T.);
#9305 = EDGE_CURVE('',#9306,#9308,#9310,.T.);
#9306 = VERTEX_POINT('',#9307);
#9307 = CARTESIAN_POINT('',(140.,-89.3,-5.E-02));
#9308 = VERTEX_POINT('',#9309);
#9309 = CARTESIAN_POINT('',(140.,-86.8,-5.E-02));
#9310 = CIRCLE('',#9311,1.25);
#9311 = AXIS2_PLACEMENT_3D('',#9312,#9313,#9314);
#9312 = CARTESIAN_POINT('',(140.00000034309,-88.05,-5.E-02));
#9313 = DIRECTION('',(0.,0.,1.));
#9314 = DIRECTION('',(-2.74473245554E-07,-1.,0.));
#9315 = ORIENTED_EDGE('',*,*,#9316,.T.);
#9316 = EDGE_CURVE('',#9308,#9317,#9319,.T.);
#9317 = VERTEX_POINT('',#9318);
#9318 = CARTESIAN_POINT('',(138.,-86.8,-5.E-02));
#9319 = LINE('',#9320,#9321);
#9320 = CARTESIAN_POINT('',(140.,-86.8,-5.E-02));
#9321 = VECTOR('',#9322,1.);
#9322 = DIRECTION('',(-1.,0.,0.));
#9323 = ORIENTED_EDGE('',*,*,#9324,.T.);
#9324 = EDGE_CURVE('',#9317,#9325,#9327,.T.);
#9325 = VERTEX_POINT('',#9326);
#9326 = CARTESIAN_POINT('',(138.,-89.3,-5.E-02));
#9327 = CIRCLE('',#9328,1.25);
#9328 = AXIS2_PLACEMENT_3D('',#9329,#9330,#9331);
#9329 = CARTESIAN_POINT('',(137.9999996569,-88.05,-5.E-02));
#9330 = DIRECTION('',(0.,0.,1.));
#9331 = DIRECTION('',(2.74473245554E-07,1.,-0.));
#9332 = ORIENTED_EDGE('',*,*,#9333,.T.);
#9333 = EDGE_CURVE('',#9325,#9306,#9334,.T.);
#9334 = LINE('',#9335,#9336);
#9335 = CARTESIAN_POINT('',(138.,-89.3,-5.E-02));
#9336 = VECTOR('',#9337,1.);
#9337 = DIRECTION('',(1.,0.,0.));
#9338 = FACE_BOUND('',#9339,.T.);
#9339 = EDGE_LOOP('',(#9340));
#9340 = ORIENTED_EDGE('',*,*,#9341,.T.);
#9341 = EDGE_CURVE('',#9342,#9342,#9344,.T.);
#9342 = VERTEX_POINT('',#9343);
#9343 = CARTESIAN_POINT('',(126.449999,-87.75,-5.E-02));
#9344 = CIRCLE('',#9345,1.199999);
#9345 = AXIS2_PLACEMENT_3D('',#9346,#9347,#9348);
#9346 = CARTESIAN_POINT('',(125.25,-87.75,-5.E-02));
#9347 = DIRECTION('',(0.,0.,1.));
#9348 = DIRECTION('',(1.,0.,-0.));
#9349 = FACE_BOUND('',#9350,.T.);
#9350 = EDGE_LOOP('',(#9351));
#9351 = ORIENTED_EDGE('',*,*,#9352,.T.);
#9352 = EDGE_CURVE('',#9353,#9353,#9355,.T.);
#9353 = VERTEX_POINT('',#9354);
#9354 = CARTESIAN_POINT('',(168.949999,-87.75,-5.E-02));
#9355 = CIRCLE('',#9356,1.199999);
#9356 = AXIS2_PLACEMENT_3D('',#9357,#9358,#9359);
#9357 = CARTESIAN_POINT('',(167.75,-87.75,-5.E-02));
#9358 = DIRECTION('',(0.,0.,1.));
#9359 = DIRECTION('',(1.,0.,-0.));
#9360 = FACE_BOUND('',#9361,.T.);
#9361 = EDGE_LOOP('',(#9362));
#9362 = ORIENTED_EDGE('',*,*,#9363,.T.);
#9363 = EDGE_CURVE('',#9364,#9364,#9366,.T.);
#9364 = VERTEX_POINT('',#9365);
#9365 = CARTESIAN_POINT('',(126.449999,-83.,-5.E-02));
#9366 = CIRCLE('',#9367,1.199999);
#9367 = AXIS2_PLACEMENT_3D('',#9368,#9369,#9370);
#9368 = CARTESIAN_POINT('',(125.25,-83.,-5.E-02));
#9369 = DIRECTION('',(0.,0.,1.));
#9370 = DIRECTION('',(1.,0.,-0.));
#9371 = FACE_BOUND('',#9372,.T.);
#9372 = EDGE_LOOP('',(#9373));
#9373 = ORIENTED_EDGE('',*,*,#9374,.T.);
#9374 = EDGE_CURVE('',#9375,#9375,#9377,.T.);
#9375 = VERTEX_POINT('',#9376);
#9376 = CARTESIAN_POINT('',(168.949999,-83.,-5.E-02));
#9377 = CIRCLE('',#9378,1.199999);
#9378 = AXIS2_PLACEMENT_3D('',#9379,#9380,#9381);
#9379 = CARTESIAN_POINT('',(167.75,-83.,-5.E-02));
#9380 = DIRECTION('',(0.,0.,1.));
#9381 = DIRECTION('',(1.,0.,-0.));
#9382 = FACE_BOUND('',#9383,.T.);
#9383 = EDGE_LOOP('',(#9384,#9395,#9403,#9412));
#9384 = ORIENTED_EDGE('',*,*,#9385,.T.);
#9385 = EDGE_CURVE('',#9386,#9388,#9390,.T.);
#9386 = VERTEX_POINT('',#9387);
#9387 = CARTESIAN_POINT('',(155.,-77.7,-5.E-02));
#9388 = VERTEX_POINT('',#9389);
#9389 = CARTESIAN_POINT('',(155.,-75.2,-5.E-02));
#9390 = CIRCLE('',#9391,1.25);
#9391 = AXIS2_PLACEMENT_3D('',#9392,#9393,#9394);
#9392 = CARTESIAN_POINT('',(155.00000034309,-76.45,-5.E-02));
#9393 = DIRECTION('',(0.,0.,1.));
#9394 = DIRECTION('',(-2.74473245554E-07,-1.,0.));
#9395 = ORIENTED_EDGE('',*,*,#9396,.T.);
#9396 = EDGE_CURVE('',#9388,#9397,#9399,.T.);
#9397 = VERTEX_POINT('',#9398);
#9398 = CARTESIAN_POINT('',(153.,-75.2,-5.E-02));
#9399 = LINE('',#9400,#9401);
#9400 = CARTESIAN_POINT('',(155.,-75.2,-5.E-02));
#9401 = VECTOR('',#9402,1.);
#9402 = DIRECTION('',(-1.,0.,0.));
#9403 = ORIENTED_EDGE('',*,*,#9404,.T.);
#9404 = EDGE_CURVE('',#9397,#9405,#9407,.T.);
#9405 = VERTEX_POINT('',#9406);
#9406 = CARTESIAN_POINT('',(153.,-77.7,-5.E-02));
#9407 = CIRCLE('',#9408,1.25);
#9408 = AXIS2_PLACEMENT_3D('',#9409,#9410,#9411);
#9409 = CARTESIAN_POINT('',(152.9999996569,-76.45,-5.E-02));
#9410 = DIRECTION('',(0.,0.,1.));
#9411 = DIRECTION('',(2.74473245554E-07,1.,-0.));
#9412 = ORIENTED_EDGE('',*,*,#9413,.T.);
#9413 = EDGE_CURVE('',#9405,#9386,#9414,.T.);
#9414 = LINE('',#9415,#9416);
#9415 = CARTESIAN_POINT('',(153.,-77.7,-5.E-02));
#9416 = VECTOR('',#9417,1.);
#9417 = DIRECTION('',(1.,0.,0.));
#9418 = FACE_BOUND('',#9419,.T.);
#9419 = EDGE_LOOP('',(#9420,#9431,#9439,#9448));
#9420 = ORIENTED_EDGE('',*,*,#9421,.T.);
#9421 = EDGE_CURVE('',#9422,#9424,#9426,.T.);
#9422 = VERTEX_POINT('',#9423);
#9423 = CARTESIAN_POINT('',(140.,-72.3,-5.E-02));
#9424 = VERTEX_POINT('',#9425);
#9425 = CARTESIAN_POINT('',(140.,-69.8,-5.E-02));
#9426 = CIRCLE('',#9427,1.25);
#9427 = AXIS2_PLACEMENT_3D('',#9428,#9429,#9430);
#9428 = CARTESIAN_POINT('',(140.00000034309,-71.05,-5.E-02));
#9429 = DIRECTION('',(0.,0.,1.));
#9430 = DIRECTION('',(-2.74473245554E-07,-1.,0.));
#9431 = ORIENTED_EDGE('',*,*,#9432,.T.);
#9432 = EDGE_CURVE('',#9424,#9433,#9435,.T.);
#9433 = VERTEX_POINT('',#9434);
#9434 = CARTESIAN_POINT('',(138.,-69.8,-5.E-02));
#9435 = LINE('',#9436,#9437);
#9436 = CARTESIAN_POINT('',(140.,-69.8,-5.E-02));
#9437 = VECTOR('',#9438,1.);
#9438 = DIRECTION('',(-1.,0.,0.));
#9439 = ORIENTED_EDGE('',*,*,#9440,.T.);
#9440 = EDGE_CURVE('',#9433,#9441,#9443,.T.);
#9441 = VERTEX_POINT('',#9442);
#9442 = CARTESIAN_POINT('',(138.,-72.3,-5.E-02));
#9443 = CIRCLE('',#9444,1.25);
#9444 = AXIS2_PLACEMENT_3D('',#9445,#9446,#9447);
#9445 = CARTESIAN_POINT('',(137.9999996569,-71.05,-5.E-02));
#9446 = DIRECTION('',(0.,0.,1.));
#9447 = DIRECTION('',(2.74473245554E-07,1.,-0.));
#9448 = ORIENTED_EDGE('',*,*,#9449,.T.);
#9449 = EDGE_CURVE('',#9441,#9422,#9450,.T.);
#9450 = LINE('',#9451,#9452);
#9451 = CARTESIAN_POINT('',(138.,-72.3,-5.E-02));
#9452 = VECTOR('',#9453,1.);
#9453 = DIRECTION('',(1.,0.,0.));
#9454 = FACE_BOUND('',#9455,.T.);
#9455 = EDGE_LOOP('',(#9456));
#9456 = ORIENTED_EDGE('',*,*,#9457,.T.);
#9457 = EDGE_CURVE('',#9458,#9458,#9460,.T.);
#9458 = VERTEX_POINT('',#9459);
#9459 = CARTESIAN_POINT('',(126.449999,-55.5,-5.E-02));
#9460 = CIRCLE('',#9461,1.199999);
#9461 = AXIS2_PLACEMENT_3D('',#9462,#9463,#9464);
#9462 = CARTESIAN_POINT('',(125.25,-55.5,-5.E-02));
#9463 = DIRECTION('',(0.,0.,1.));
#9464 = DIRECTION('',(1.,0.,-0.));
#9465 = FACE_BOUND('',#9466,.T.);
#9466 = EDGE_LOOP('',(#9467));
#9467 = ORIENTED_EDGE('',*,*,#9468,.T.);
#9468 = EDGE_CURVE('',#9469,#9469,#9471,.T.);
#9469 = VERTEX_POINT('',#9470);
#9470 = CARTESIAN_POINT('',(168.949999,-55.5,-5.E-02));
#9471 = CIRCLE('',#9472,1.199999);
#9472 = AXIS2_PLACEMENT_3D('',#9473,#9474,#9475);
#9473 = CARTESIAN_POINT('',(167.75,-55.5,-5.E-02));
#9474 = DIRECTION('',(0.,0.,1.));
#9475 = DIRECTION('',(1.,0.,-0.));
#9476 = PLANE('',#9477);
#9477 = AXIS2_PLACEMENT_3D('',#9478,#9479,#9480);
#9478 = CARTESIAN_POINT('',(0.,0.,-5.E-02));
#9479 = DIRECTION('',(-0.,-0.,-1.));
#9480 = DIRECTION('',(-1.,0.,0.));
#9481 = ( GEOMETRIC_REPRESENTATION_CONTEXT(3) 
GLOBAL_UNCERTAINTY_ASSIGNED_CONTEXT((#9485)) 
GLOBAL_UNIT_ASSIGNED_CONTEXT((#9482,#9483,#9484)) REPRESENTATION_CONTEXT
('Context #1','3D Context with UNIT and UNCERTAINTY') );
#9482 = ( LENGTH_UNIT() NAMED_UNIT(*) SI_UNIT(.MILLI.,.METRE.) );
#9483 = ( NAMED_UNIT(*) PLANE_ANGLE_UNIT() SI_UNIT($,.RADIAN.) );
#9484 = ( NAMED_UNIT(*) SI_UNIT($,.STERADIAN.) SOLID_ANGLE_UNIT() );
#9485 = UNCERTAINTY_MEASURE_WITH_UNIT(LENGTH_MEASURE(1.E-07),#9482,
  'distance_accuracy_value','confusion accuracy');
#9486 = CONTEXT_DEPENDENT_SHAPE_REPRESENTATION(#9487,#9489);
#9487 = ( REPRESENTATION_RELATIONSHIP('','',#8588,#10) 
REPRESENTATION_RELATIONSHIP_WITH_TRANSFORMATION(#9488) 
SHAPE_REPRESENTATION_RELATIONSHIP() );
#9488 = ITEM_DEFINED_TRANSFORMATION('','',#11,#39);
#9489 = PRODUCT_DEFINITION_SHAPE('Placement','Placement of an item',
  #9490);
#9490 = NEXT_ASSEMBLY_USAGE_OCCURRENCE('7','=>[0:1:1:5]','',#5,#8583,$);
#9491 = PRODUCT_RELATED_PRODUCT_CATEGORY('part',$,(#8585));
#9492 = SHAPE_DEFINITION_REPRESENTATION(#9493,#9499);
#9493 = PRODUCT_DEFINITION_SHAPE('','',#9494);
#9494 = PRODUCT_DEFINITION('design','',#9495,#9498);
#9495 = PRODUCT_DEFINITION_FORMATION('','',#9496);
#9496 = PRODUCT('Capacitor_DC_Link_PCB','Capacitor_DC_Link_PCB','',(
    #9497));
#9497 = PRODUCT_CONTEXT('',#2,'mechanical');
#9498 = PRODUCT_DEFINITION_CONTEXT('part definition',#2,'design');
#9499 = ADVANCED_BREP_SHAPE_REPRESENTATION('',(#11,#9500),#10336);
#9500 = MANIFOLD_SOLID_BREP('',#9501);
#9501 = CLOSED_SHELL('',(#9502,#9544,#9575,#9606,#9812,#10018,#10035,
    #10052,#10069,#10086,#10098,#10115,#10132,#10149,#10166,#10183,
    #10200,#10217,#10234,#10251,#10268,#10285,#10302,#10319));
#9502 = ADVANCED_FACE('',(#9503),#9539,.T.);
#9503 = FACE_BOUND('',#9504,.T.);
#9504 = EDGE_LOOP('',(#9505,#9515,#9524,#9532));
#9505 = ORIENTED_EDGE('',*,*,#9506,.T.);
#9506 = EDGE_CURVE('',#9507,#9509,#9511,.T.);
#9507 = VERTEX_POINT('',#9508);
#9508 = CARTESIAN_POINT('',(175.5,-52.135,0.));
#9509 = VERTEX_POINT('',#9510);
#9510 = CARTESIAN_POINT('',(175.5,-52.135,1.51));
#9511 = LINE('',#9512,#9513);
#9512 = CARTESIAN_POINT('',(175.5,-52.135,0.));
#9513 = VECTOR('',#9514,1.);
#9514 = DIRECTION('',(0.,0.,1.));
#9515 = ORIENTED_EDGE('',*,*,#9516,.T.);
#9516 = EDGE_CURVE('',#9509,#9517,#9519,.T.);
#9517 = VERTEX_POINT('',#9518);
#9518 = CARTESIAN_POINT('',(179.945,-56.58,1.51));
#9519 = CIRCLE('',#9520,4.44499877899);
#9520 = AXIS2_PLACEMENT_3D('',#9521,#9522,#9523);
#9521 = CARTESIAN_POINT('',(175.50000122101,-56.57999877899,1.51));
#9522 = DIRECTION('',(0.,0.,-1.));
#9523 = DIRECTION('',(-2.746930964917E-07,1.,0.));
#9524 = ORIENTED_EDGE('',*,*,#9525,.F.);
#9525 = EDGE_CURVE('',#9526,#9517,#9528,.T.);
#9526 = VERTEX_POINT('',#9527);
#9527 = CARTESIAN_POINT('',(179.945,-56.58,0.));
#9528 = LINE('',#9529,#9530);
#9529 = CARTESIAN_POINT('',(179.945,-56.58,0.));
#9530 = VECTOR('',#9531,1.);
#9531 = DIRECTION('',(0.,0.,1.));
#9532 = ORIENTED_EDGE('',*,*,#9533,.F.);
#9533 = EDGE_CURVE('',#9507,#9526,#9534,.T.);
#9534 = CIRCLE('',#9535,4.44499877899);
#9535 = AXIS2_PLACEMENT_3D('',#9536,#9537,#9538);
#9536 = CARTESIAN_POINT('',(175.50000122101,-56.57999877899,0.));
#9537 = DIRECTION('',(0.,0.,-1.));
#9538 = DIRECTION('',(-2.746930964917E-07,1.,0.));
#9539 = CYLINDRICAL_SURFACE('',#9540,4.44499877899);
#9540 = AXIS2_PLACEMENT_3D('',#9541,#9542,#9543);
#9541 = CARTESIAN_POINT('',(175.50000122101,-56.57999877899,0.));
#9542 = DIRECTION('',(0.,0.,-1.));
#9543 = DIRECTION('',(-2.746930964917E-07,1.,0.));
#9544 = ADVANCED_FACE('',(#9545),#9570,.T.);
#9545 = FACE_BOUND('',#9546,.T.);
#9546 = EDGE_LOOP('',(#9547,#9557,#9563,#9564));
#9547 = ORIENTED_EDGE('',*,*,#9548,.T.);
#9548 = EDGE_CURVE('',#9549,#9551,#9553,.T.);
#9549 = VERTEX_POINT('',#9550);
#9550 = CARTESIAN_POINT('',(116.695,-52.135,0.));
#9551 = VERTEX_POINT('',#9552);
#9552 = CARTESIAN_POINT('',(116.695,-52.135,1.51));
#9553 = LINE('',#9554,#9555);
#9554 = CARTESIAN_POINT('',(116.695,-52.135,0.));
#9555 = VECTOR('',#9556,1.);
#9556 = DIRECTION('',(0.,0.,1.));
#9557 = ORIENTED_EDGE('',*,*,#9558,.T.);
#9558 = EDGE_CURVE('',#9551,#9509,#9559,.T.);
#9559 = LINE('',#9560,#9561);
#9560 = CARTESIAN_POINT('',(116.695,-52.135,1.51));
#9561 = VECTOR('',#9562,1.);
#9562 = DIRECTION('',(1.,0.,0.));
#9563 = ORIENTED_EDGE('',*,*,#9506,.F.);
#9564 = ORIENTED_EDGE('',*,*,#9565,.F.);
#9565 = EDGE_CURVE('',#9549,#9507,#9566,.T.);
#9566 = LINE('',#9567,#9568);
#9567 = CARTESIAN_POINT('',(116.695,-52.135,0.));
#9568 = VECTOR('',#9569,1.);
#9569 = DIRECTION('',(1.,0.,0.));
#9570 = PLANE('',#9571);
#9571 = AXIS2_PLACEMENT_3D('',#9572,#9573,#9574);
#9572 = CARTESIAN_POINT('',(116.695,-52.135,0.));
#9573 = DIRECTION('',(0.,1.,0.));
#9574 = DIRECTION('',(1.,0.,0.));
#9575 = ADVANCED_FACE('',(#9576),#9601,.T.);
#9576 = FACE_BOUND('',#9577,.T.);
#9577 = EDGE_LOOP('',(#9578,#9579,#9587,#9595));
#9578 = ORIENTED_EDGE('',*,*,#9525,.T.);
#9579 = ORIENTED_EDGE('',*,*,#9580,.T.);
#9580 = EDGE_CURVE('',#9517,#9581,#9583,.T.);
#9581 = VERTEX_POINT('',#9582);
#9582 = CARTESIAN_POINT('',(179.944999,-114.3,1.51));
#9583 = LINE('',#9584,#9585);
#9584 = CARTESIAN_POINT('',(179.945,-56.58,1.51));
#9585 = VECTOR('',#9586,1.);
#9586 = DIRECTION('',(-1.732501728128E-08,-1.,0.));
#9587 = ORIENTED_EDGE('',*,*,#9588,.F.);
#9588 = EDGE_CURVE('',#9589,#9581,#9591,.T.);
#9589 = VERTEX_POINT('',#9590);
#9590 = CARTESIAN_POINT('',(179.944999,-114.3,0.));
#9591 = LINE('',#9592,#9593);
#9592 = CARTESIAN_POINT('',(179.944999,-114.3,0.));
#9593 = VECTOR('',#9594,1.);
#9594 = DIRECTION('',(0.,0.,1.));
#9595 = ORIENTED_EDGE('',*,*,#9596,.F.);
#9596 = EDGE_CURVE('',#9526,#9589,#9597,.T.);
#9597 = LINE('',#9598,#9599);
#9598 = CARTESIAN_POINT('',(179.945,-56.58,0.));
#9599 = VECTOR('',#9600,1.);
#9600 = DIRECTION('',(-1.732501728128E-08,-1.,0.));
#9601 = PLANE('',#9602);
#9602 = AXIS2_PLACEMENT_3D('',#9603,#9604,#9605);
#9603 = CARTESIAN_POINT('',(179.945,-56.58,0.));
#9604 = DIRECTION('',(1.,-1.732501728128E-08,0.));
#9605 = DIRECTION('',(-1.732501728128E-08,-1.,0.));
#9606 = ADVANCED_FACE('',(#9607,#9653,#9664,#9675,#9686,#9697,#9708,
    #9719,#9730,#9741,#9752,#9763,#9774,#9785,#9796),#9807,.F.);
#9607 = FACE_BOUND('',#9608,.F.);
#9608 = EDGE_LOOP('',(#9609,#9610,#9611,#9620,#9628,#9637,#9645,#9652));
#9609 = ORIENTED_EDGE('',*,*,#9533,.F.);
#9610 = ORIENTED_EDGE('',*,*,#9565,.F.);
#9611 = ORIENTED_EDGE('',*,*,#9612,.F.);
#9612 = EDGE_CURVE('',#9613,#9549,#9615,.T.);
#9613 = VERTEX_POINT('',#9614);
#9614 = CARTESIAN_POINT('',(112.25,-56.58,0.));
#9615 = CIRCLE('',#9616,4.44499877899);
#9616 = AXIS2_PLACEMENT_3D('',#9617,#9618,#9619);
#9617 = CARTESIAN_POINT('',(116.69499877899,-56.57999877899,0.));
#9618 = DIRECTION('',(0.,0.,-1.));
#9619 = DIRECTION('',(-1.,-2.746930853021E-07,-0.));
#9620 = ORIENTED_EDGE('',*,*,#9621,.F.);
#9621 = EDGE_CURVE('',#9622,#9613,#9624,.T.);
#9622 = VERTEX_POINT('',#9623);
#9623 = CARTESIAN_POINT('',(112.25,-114.3,0.));
#9624 = LINE('',#9625,#9626);
#9625 = CARTESIAN_POINT('',(112.25,-114.3,0.));
#9626 = VECTOR('',#9627,1.);
#9627 = DIRECTION('',(0.,1.,0.));
#9628 = ORIENTED_EDGE('',*,*,#9629,.F.);
#9629 = EDGE_CURVE('',#9630,#9622,#9632,.T.);
#9630 = VERTEX_POINT('',#9631);
#9631 = CARTESIAN_POINT('',(116.695,-118.745,0.));
#9632 = CIRCLE('',#9633,4.44499877899);
#9633 = AXIS2_PLACEMENT_3D('',#9634,#9635,#9636);
#9634 = CARTESIAN_POINT('',(116.69499877899,-114.300001221,0.));
#9635 = DIRECTION('',(0.,0.,-1.));
#9636 = DIRECTION('',(2.746930805065E-07,-1.,0.));
#9637 = ORIENTED_EDGE('',*,*,#9638,.F.);
#9638 = EDGE_CURVE('',#9639,#9630,#9641,.T.);
#9639 = VERTEX_POINT('',#9640);
#9640 = CARTESIAN_POINT('',(175.499999,-118.745,0.));
#9641 = LINE('',#9642,#9643);
#9642 = CARTESIAN_POINT('',(175.499999,-118.745,0.));
#9643 = VECTOR('',#9644,1.);
#9644 = DIRECTION('',(-1.,0.,0.));
#9645 = ORIENTED_EDGE('',*,*,#9646,.F.);
#9646 = EDGE_CURVE('',#9589,#9639,#9647,.T.);
#9647 = CIRCLE('',#9648,4.445000486096);
#9648 = AXIS2_PLACEMENT_3D('',#9649,#9650,#9651);
#9649 = CARTESIAN_POINT('',(175.4999985139,-114.2999995139,0.));
#9650 = DIRECTION('',(0.,0.,-1.));
#9651 = DIRECTION('',(1.,-1.09357882909E-07,0.));
#9652 = ORIENTED_EDGE('',*,*,#9596,.F.);
#9653 = FACE_BOUND('',#9654,.F.);
#9654 = EDGE_LOOP('',(#9655));
#9655 = ORIENTED_EDGE('',*,*,#9656,.T.);
#9656 = EDGE_CURVE('',#9657,#9657,#9659,.T.);
#9657 = VERTEX_POINT('',#9658);
#9658 = CARTESIAN_POINT('',(125.25,-115.85,0.));
#9659 = CIRCLE('',#9660,0.6);
#9660 = AXIS2_PLACEMENT_3D('',#9661,#9662,#9663);
#9661 = CARTESIAN_POINT('',(125.25,-115.25,0.));
#9662 = DIRECTION('',(-0.,0.,-1.));
#9663 = DIRECTION('',(-0.,-1.,0.));
#9664 = FACE_BOUND('',#9665,.F.);
#9665 = EDGE_LOOP('',(#9666));
#9666 = ORIENTED_EDGE('',*,*,#9667,.T.);
#9667 = EDGE_CURVE('',#9668,#9668,#9670,.T.);
#9668 = VERTEX_POINT('',#9669);
#9669 = CARTESIAN_POINT('',(139.,-105.8,0.));
#9670 = CIRCLE('',#9671,0.75);
#9671 = AXIS2_PLACEMENT_3D('',#9672,#9673,#9674);
#9672 = CARTESIAN_POINT('',(139.,-105.05,0.));
#9673 = DIRECTION('',(-0.,0.,-1.));
#9674 = DIRECTION('',(-0.,-1.,0.));
#9675 = FACE_BOUND('',#9676,.F.);
#9676 = EDGE_LOOP('',(#9677));
#9677 = ORIENTED_EDGE('',*,*,#9678,.T.);
#9678 = EDGE_CURVE('',#9679,#9679,#9681,.T.);
#9679 = VERTEX_POINT('',#9680);
#9680 = CARTESIAN_POINT('',(125.25,-88.35,0.));
#9681 = CIRCLE('',#9682,0.6);
#9682 = AXIS2_PLACEMENT_3D('',#9683,#9684,#9685);
#9683 = CARTESIAN_POINT('',(125.25,-87.75,0.));
#9684 = DIRECTION('',(-0.,0.,-1.));
#9685 = DIRECTION('',(-0.,-1.,0.));
#9686 = FACE_BOUND('',#9687,.F.);
#9687 = EDGE_LOOP('',(#9688));
#9688 = ORIENTED_EDGE('',*,*,#9689,.T.);
#9689 = EDGE_CURVE('',#9690,#9690,#9692,.T.);
#9690 = VERTEX_POINT('',#9691);
#9691 = CARTESIAN_POINT('',(139.,-88.8,0.));
#9692 = CIRCLE('',#9693,0.75);
#9693 = AXIS2_PLACEMENT_3D('',#9694,#9695,#9696);
#9694 = CARTESIAN_POINT('',(139.,-88.05,0.));
#9695 = DIRECTION('',(-0.,0.,-1.));
#9696 = DIRECTION('',(-0.,-1.,0.));
#9697 = FACE_BOUND('',#9698,.F.);
#9698 = EDGE_LOOP('',(#9699));
#9699 = ORIENTED_EDGE('',*,*,#9700,.T.);
#9700 = EDGE_CURVE('',#9701,#9701,#9703,.T.);
#9701 = VERTEX_POINT('',#9702);
#9702 = CARTESIAN_POINT('',(154.,-111.2,0.));
#9703 = CIRCLE('',#9704,0.75);
#9704 = AXIS2_PLACEMENT_3D('',#9705,#9706,#9707);
#9705 = CARTESIAN_POINT('',(154.,-110.45,0.));
#9706 = DIRECTION('',(-0.,0.,-1.));
#9707 = DIRECTION('',(-0.,-1.,0.));
#9708 = FACE_BOUND('',#9709,.F.);
#9709 = EDGE_LOOP('',(#9710));
#9710 = ORIENTED_EDGE('',*,*,#9711,.T.);
#9711 = EDGE_CURVE('',#9712,#9712,#9714,.T.);
#9712 = VERTEX_POINT('',#9713);
#9713 = CARTESIAN_POINT('',(167.75,-115.85,0.));
#9714 = CIRCLE('',#9715,0.6);
#9715 = AXIS2_PLACEMENT_3D('',#9716,#9717,#9718);
#9716 = CARTESIAN_POINT('',(167.75,-115.25,0.));
#9717 = DIRECTION('',(-0.,0.,-1.));
#9718 = DIRECTION('',(-0.,-1.,0.));
#9719 = FACE_BOUND('',#9720,.F.);
#9720 = EDGE_LOOP('',(#9721));
#9721 = ORIENTED_EDGE('',*,*,#9722,.T.);
#9722 = EDGE_CURVE('',#9723,#9723,#9725,.T.);
#9723 = VERTEX_POINT('',#9724);
#9724 = CARTESIAN_POINT('',(154.,-94.2,0.));
#9725 = CIRCLE('',#9726,0.75);
#9726 = AXIS2_PLACEMENT_3D('',#9727,#9728,#9729);
#9727 = CARTESIAN_POINT('',(154.,-93.45,0.));
#9728 = DIRECTION('',(-0.,0.,-1.));
#9729 = DIRECTION('',(-0.,-1.,0.));
#9730 = FACE_BOUND('',#9731,.F.);
#9731 = EDGE_LOOP('',(#9732));
#9732 = ORIENTED_EDGE('',*,*,#9733,.T.);
#9733 = EDGE_CURVE('',#9734,#9734,#9736,.T.);
#9734 = VERTEX_POINT('',#9735);
#9735 = CARTESIAN_POINT('',(167.75,-88.35,0.));
#9736 = CIRCLE('',#9737,0.6);
#9737 = AXIS2_PLACEMENT_3D('',#9738,#9739,#9740);
#9738 = CARTESIAN_POINT('',(167.75,-87.75,0.));
#9739 = DIRECTION('',(-0.,0.,-1.));
#9740 = DIRECTION('',(-0.,-1.,0.));
#9741 = FACE_BOUND('',#9742,.F.);
#9742 = EDGE_LOOP('',(#9743));
#9743 = ORIENTED_EDGE('',*,*,#9744,.T.);
#9744 = EDGE_CURVE('',#9745,#9745,#9747,.T.);
#9745 = VERTEX_POINT('',#9746);
#9746 = CARTESIAN_POINT('',(125.25,-83.6,0.));
#9747 = CIRCLE('',#9748,0.6);
#9748 = AXIS2_PLACEMENT_3D('',#9749,#9750,#9751);
#9749 = CARTESIAN_POINT('',(125.25,-83.,0.));
#9750 = DIRECTION('',(-0.,0.,-1.));
#9751 = DIRECTION('',(-0.,-1.,0.));
#9752 = FACE_BOUND('',#9753,.F.);
#9753 = EDGE_LOOP('',(#9754));
#9754 = ORIENTED_EDGE('',*,*,#9755,.T.);
#9755 = EDGE_CURVE('',#9756,#9756,#9758,.T.);
#9756 = VERTEX_POINT('',#9757);
#9757 = CARTESIAN_POINT('',(139.,-71.8,0.));
#9758 = CIRCLE('',#9759,0.75);
#9759 = AXIS2_PLACEMENT_3D('',#9760,#9761,#9762);
#9760 = CARTESIAN_POINT('',(139.,-71.05,0.));
#9761 = DIRECTION('',(-0.,0.,-1.));
#9762 = DIRECTION('',(-0.,-1.,0.));
#9763 = FACE_BOUND('',#9764,.F.);
#9764 = EDGE_LOOP('',(#9765));
#9765 = ORIENTED_EDGE('',*,*,#9766,.T.);
#9766 = EDGE_CURVE('',#9767,#9767,#9769,.T.);
#9767 = VERTEX_POINT('',#9768);
#9768 = CARTESIAN_POINT('',(125.25,-56.1,0.));
#9769 = CIRCLE('',#9770,0.6);
#9770 = AXIS2_PLACEMENT_3D('',#9771,#9772,#9773);
#9771 = CARTESIAN_POINT('',(125.25,-55.5,0.));
#9772 = DIRECTION('',(-0.,0.,-1.));
#9773 = DIRECTION('',(-0.,-1.,0.));
#9774 = FACE_BOUND('',#9775,.F.);
#9775 = EDGE_LOOP('',(#9776));
#9776 = ORIENTED_EDGE('',*,*,#9777,.T.);
#9777 = EDGE_CURVE('',#9778,#9778,#9780,.T.);
#9778 = VERTEX_POINT('',#9779);
#9779 = CARTESIAN_POINT('',(154.,-77.2,0.));
#9780 = CIRCLE('',#9781,0.75);
#9781 = AXIS2_PLACEMENT_3D('',#9782,#9783,#9784);
#9782 = CARTESIAN_POINT('',(154.,-76.45,0.));
#9783 = DIRECTION('',(-0.,0.,-1.));
#9784 = DIRECTION('',(-0.,-1.,0.));
#9785 = FACE_BOUND('',#9786,.F.);
#9786 = EDGE_LOOP('',(#9787));
#9787 = ORIENTED_EDGE('',*,*,#9788,.T.);
#9788 = EDGE_CURVE('',#9789,#9789,#9791,.T.);
#9789 = VERTEX_POINT('',#9790);
#9790 = CARTESIAN_POINT('',(167.75,-83.6,0.));
#9791 = CIRCLE('',#9792,0.6);
#9792 = AXIS2_PLACEMENT_3D('',#9793,#9794,#9795);
#9793 = CARTESIAN_POINT('',(167.75,-83.,0.));
#9794 = DIRECTION('',(-0.,0.,-1.));
#9795 = DIRECTION('',(-0.,-1.,0.));
#9796 = FACE_BOUND('',#9797,.F.);
#9797 = EDGE_LOOP('',(#9798));
#9798 = ORIENTED_EDGE('',*,*,#9799,.T.);
#9799 = EDGE_CURVE('',#9800,#9800,#9802,.T.);
#9800 = VERTEX_POINT('',#9801);
#9801 = CARTESIAN_POINT('',(167.75,-56.1,0.));
#9802 = CIRCLE('',#9803,0.6);
#9803 = AXIS2_PLACEMENT_3D('',#9804,#9805,#9806);
#9804 = CARTESIAN_POINT('',(167.75,-55.5,0.));
#9805 = DIRECTION('',(-0.,0.,-1.));
#9806 = DIRECTION('',(-0.,-1.,0.));
#9807 = PLANE('',#9808);
#9808 = AXIS2_PLACEMENT_3D('',#9809,#9810,#9811);
#9809 = CARTESIAN_POINT('',(0.,0.,0.));
#9810 = DIRECTION('',(0.,0.,1.));
#9811 = DIRECTION('',(1.,0.,-0.));
#9812 = ADVANCED_FACE('',(#9813,#9859,#9870,#9881,#9892,#9903,#9914,
    #9925,#9936,#9947,#9958,#9969,#9980,#9991,#10002),#10013,.T.);
#9813 = FACE_BOUND('',#9814,.T.);
#9814 = EDGE_LOOP('',(#9815,#9816,#9817,#9826,#9834,#9843,#9851,#9858));
#9815 = ORIENTED_EDGE('',*,*,#9516,.F.);
#9816 = ORIENTED_EDGE('',*,*,#9558,.F.);
#9817 = ORIENTED_EDGE('',*,*,#9818,.F.);
#9818 = EDGE_CURVE('',#9819,#9551,#9821,.T.);
#9819 = VERTEX_POINT('',#9820);
#9820 = CARTESIAN_POINT('',(112.25,-56.58,1.51));
#9821 = CIRCLE('',#9822,4.44499877899);
#9822 = AXIS2_PLACEMENT_3D('',#9823,#9824,#9825);
#9823 = CARTESIAN_POINT('',(116.69499877899,-56.57999877899,1.51));
#9824 = DIRECTION('',(0.,0.,-1.));
#9825 = DIRECTION('',(-1.,-2.746930853021E-07,-0.));
#9826 = ORIENTED_EDGE('',*,*,#9827,.F.);
#9827 = EDGE_CURVE('',#9828,#9819,#9830,.T.);
#9828 = VERTEX_POINT('',#9829);
#9829 = CARTESIAN_POINT('',(112.25,-114.3,1.51));
#9830 = LINE('',#9831,#9832);
#9831 = CARTESIAN_POINT('',(112.25,-114.3,1.51));
#9832 = VECTOR('',#9833,1.);
#9833 = DIRECTION('',(0.,1.,0.));
#9834 = ORIENTED_EDGE('',*,*,#9835,.F.);
#9835 = EDGE_CURVE('',#9836,#9828,#9838,.T.);
#9836 = VERTEX_POINT('',#9837);
#9837 = CARTESIAN_POINT('',(116.695,-118.745,1.51));
#9838 = CIRCLE('',#9839,4.44499877899);
#9839 = AXIS2_PLACEMENT_3D('',#9840,#9841,#9842);
#9840 = CARTESIAN_POINT('',(116.69499877899,-114.300001221,1.51));
#9841 = DIRECTION('',(0.,0.,-1.));
#9842 = DIRECTION('',(2.746930805065E-07,-1.,0.));
#9843 = ORIENTED_EDGE('',*,*,#9844,.F.);
#9844 = EDGE_CURVE('',#9845,#9836,#9847,.T.);
#9845 = VERTEX_POINT('',#9846);
#9846 = CARTESIAN_POINT('',(175.499999,-118.745,1.51));
#9847 = LINE('',#9848,#9849);
#9848 = CARTESIAN_POINT('',(175.499999,-118.745,1.51));
#9849 = VECTOR('',#9850,1.);
#9850 = DIRECTION('',(-1.,0.,0.));
#9851 = ORIENTED_EDGE('',*,*,#9852,.F.);
#9852 = EDGE_CURVE('',#9581,#9845,#9853,.T.);
#9853 = CIRCLE('',#9854,4.445000486096);
#9854 = AXIS2_PLACEMENT_3D('',#9855,#9856,#9857);
#9855 = CARTESIAN_POINT('',(175.4999985139,-114.2999995139,1.51));
#9856 = DIRECTION('',(0.,0.,-1.));
#9857 = DIRECTION('',(1.,-1.09357882909E-07,0.));
#9858 = ORIENTED_EDGE('',*,*,#9580,.F.);
#9859 = FACE_BOUND('',#9860,.T.);
#9860 = EDGE_LOOP('',(#9861));
#9861 = ORIENTED_EDGE('',*,*,#9862,.T.);
#9862 = EDGE_CURVE('',#9863,#9863,#9865,.T.);
#9863 = VERTEX_POINT('',#9864);
#9864 = CARTESIAN_POINT('',(125.25,-115.85,1.51));
#9865 = CIRCLE('',#9866,0.6);
#9866 = AXIS2_PLACEMENT_3D('',#9867,#9868,#9869);
#9867 = CARTESIAN_POINT('',(125.25,-115.25,1.51));
#9868 = DIRECTION('',(-0.,0.,-1.));
#9869 = DIRECTION('',(-0.,-1.,0.));
#9870 = FACE_BOUND('',#9871,.T.);
#9871 = EDGE_LOOP('',(#9872));
#9872 = ORIENTED_EDGE('',*,*,#9873,.T.);
#9873 = EDGE_CURVE('',#9874,#9874,#9876,.T.);
#9874 = VERTEX_POINT('',#9875);
#9875 = CARTESIAN_POINT('',(139.,-105.8,1.51));
#9876 = CIRCLE('',#9877,0.75);
#9877 = AXIS2_PLACEMENT_3D('',#9878,#9879,#9880);
#9878 = CARTESIAN_POINT('',(139.,-105.05,1.51));
#9879 = DIRECTION('',(-0.,0.,-1.));
#9880 = DIRECTION('',(-0.,-1.,0.));
#9881 = FACE_BOUND('',#9882,.T.);
#9882 = EDGE_LOOP('',(#9883));
#9883 = ORIENTED_EDGE('',*,*,#9884,.T.);
#9884 = EDGE_CURVE('',#9885,#9885,#9887,.T.);
#9885 = VERTEX_POINT('',#9886);
#9886 = CARTESIAN_POINT('',(125.25,-88.35,1.51));
#9887 = CIRCLE('',#9888,0.6);
#9888 = AXIS2_PLACEMENT_3D('',#9889,#9890,#9891);
#9889 = CARTESIAN_POINT('',(125.25,-87.75,1.51));
#9890 = DIRECTION('',(-0.,0.,-1.));
#9891 = DIRECTION('',(-0.,-1.,0.));
#9892 = FACE_BOUND('',#9893,.T.);
#9893 = EDGE_LOOP('',(#9894));
#9894 = ORIENTED_EDGE('',*,*,#9895,.T.);
#9895 = EDGE_CURVE('',#9896,#9896,#9898,.T.);
#9896 = VERTEX_POINT('',#9897);
#9897 = CARTESIAN_POINT('',(139.,-88.8,1.51));
#9898 = CIRCLE('',#9899,0.75);
#9899 = AXIS2_PLACEMENT_3D('',#9900,#9901,#9902);
#9900 = CARTESIAN_POINT('',(139.,-88.05,1.51));
#9901 = DIRECTION('',(-0.,0.,-1.));
#9902 = DIRECTION('',(-0.,-1.,0.));
#9903 = FACE_BOUND('',#9904,.T.);
#9904 = EDGE_LOOP('',(#9905));
#9905 = ORIENTED_EDGE('',*,*,#9906,.T.);
#9906 = EDGE_CURVE('',#9907,#9907,#9909,.T.);
#9907 = VERTEX_POINT('',#9908);
#9908 = CARTESIAN_POINT('',(154.,-111.2,1.51));
#9909 = CIRCLE('',#9910,0.75);
#9910 = AXIS2_PLACEMENT_3D('',#9911,#9912,#9913);
#9911 = CARTESIAN_POINT('',(154.,-110.45,1.51));
#9912 = DIRECTION('',(-0.,0.,-1.));
#9913 = DIRECTION('',(-0.,-1.,0.));
#9914 = FACE_BOUND('',#9915,.T.);
#9915 = EDGE_LOOP('',(#9916));
#9916 = ORIENTED_EDGE('',*,*,#9917,.T.);
#9917 = EDGE_CURVE('',#9918,#9918,#9920,.T.);
#9918 = VERTEX_POINT('',#9919);
#9919 = CARTESIAN_POINT('',(167.75,-115.85,1.51));
#9920 = CIRCLE('',#9921,0.6);
#9921 = AXIS2_PLACEMENT_3D('',#9922,#9923,#9924);
#9922 = CARTESIAN_POINT('',(167.75,-115.25,1.51));
#9923 = DIRECTION('',(-0.,0.,-1.));
#9924 = DIRECTION('',(-0.,-1.,0.));
#9925 = FACE_BOUND('',#9926,.T.);
#9926 = EDGE_LOOP('',(#9927));
#9927 = ORIENTED_EDGE('',*,*,#9928,.T.);
#9928 = EDGE_CURVE('',#9929,#9929,#9931,.T.);
#9929 = VERTEX_POINT('',#9930);
#9930 = CARTESIAN_POINT('',(154.,-94.2,1.51));
#9931 = CIRCLE('',#9932,0.75);
#9932 = AXIS2_PLACEMENT_3D('',#9933,#9934,#9935);
#9933 = CARTESIAN_POINT('',(154.,-93.45,1.51));
#9934 = DIRECTION('',(-0.,0.,-1.));
#9935 = DIRECTION('',(-0.,-1.,0.));
#9936 = FACE_BOUND('',#9937,.T.);
#9937 = EDGE_LOOP('',(#9938));
#9938 = ORIENTED_EDGE('',*,*,#9939,.T.);
#9939 = EDGE_CURVE('',#9940,#9940,#9942,.T.);
#9940 = VERTEX_POINT('',#9941);
#9941 = CARTESIAN_POINT('',(167.75,-88.35,1.51));
#9942 = CIRCLE('',#9943,0.6);
#9943 = AXIS2_PLACEMENT_3D('',#9944,#9945,#9946);
#9944 = CARTESIAN_POINT('',(167.75,-87.75,1.51));
#9945 = DIRECTION('',(-0.,0.,-1.));
#9946 = DIRECTION('',(-0.,-1.,0.));
#9947 = FACE_BOUND('',#9948,.T.);
#9948 = EDGE_LOOP('',(#9949));
#9949 = ORIENTED_EDGE('',*,*,#9950,.T.);
#9950 = EDGE_CURVE('',#9951,#9951,#9953,.T.);
#9951 = VERTEX_POINT('',#9952);
#9952 = CARTESIAN_POINT('',(125.25,-83.6,1.51));
#9953 = CIRCLE('',#9954,0.6);
#9954 = AXIS2_PLACEMENT_3D('',#9955,#9956,#9957);
#9955 = CARTESIAN_POINT('',(125.25,-83.,1.51));
#9956 = DIRECTION('',(-0.,0.,-1.));
#9957 = DIRECTION('',(-0.,-1.,0.));
#9958 = FACE_BOUND('',#9959,.T.);
#9959 = EDGE_LOOP('',(#9960));
#9960 = ORIENTED_EDGE('',*,*,#9961,.T.);
#9961 = EDGE_CURVE('',#9962,#9962,#9964,.T.);
#9962 = VERTEX_POINT('',#9963);
#9963 = CARTESIAN_POINT('',(139.,-71.8,1.51));
#9964 = CIRCLE('',#9965,0.75);
#9965 = AXIS2_PLACEMENT_3D('',#9966,#9967,#9968);
#9966 = CARTESIAN_POINT('',(139.,-71.05,1.51));
#9967 = DIRECTION('',(-0.,0.,-1.));
#9968 = DIRECTION('',(-0.,-1.,0.));
#9969 = FACE_BOUND('',#9970,.T.);
#9970 = EDGE_LOOP('',(#9971));
#9971 = ORIENTED_EDGE('',*,*,#9972,.T.);
#9972 = EDGE_CURVE('',#9973,#9973,#9975,.T.);
#9973 = VERTEX_POINT('',#9974);
#9974 = CARTESIAN_POINT('',(125.25,-56.1,1.51));
#9975 = CIRCLE('',#9976,0.6);
#9976 = AXIS2_PLACEMENT_3D('',#9977,#9978,#9979);
#9977 = CARTESIAN_POINT('',(125.25,-55.5,1.51));
#9978 = DIRECTION('',(-0.,0.,-1.));
#9979 = DIRECTION('',(-0.,-1.,0.));
#9980 = FACE_BOUND('',#9981,.T.);
#9981 = EDGE_LOOP('',(#9982));
#9982 = ORIENTED_EDGE('',*,*,#9983,.T.);
#9983 = EDGE_CURVE('',#9984,#9984,#9986,.T.);
#9984 = VERTEX_POINT('',#9985);
#9985 = CARTESIAN_POINT('',(154.,-77.2,1.51));
#9986 = CIRCLE('',#9987,0.75);
#9987 = AXIS2_PLACEMENT_3D('',#9988,#9989,#9990);
#9988 = CARTESIAN_POINT('',(154.,-76.45,1.51));
#9989 = DIRECTION('',(-0.,0.,-1.));
#9990 = DIRECTION('',(-0.,-1.,0.));
#9991 = FACE_BOUND('',#9992,.T.);
#9992 = EDGE_LOOP('',(#9993));
#9993 = ORIENTED_EDGE('',*,*,#9994,.T.);
#9994 = EDGE_CURVE('',#9995,#9995,#9997,.T.);
#9995 = VERTEX_POINT('',#9996);
#9996 = CARTESIAN_POINT('',(167.75,-83.6,1.51));
#9997 = CIRCLE('',#9998,0.6);
#9998 = AXIS2_PLACEMENT_3D('',#9999,#10000,#10001);
#9999 = CARTESIAN_POINT('',(167.75,-83.,1.51));
#10000 = DIRECTION('',(-0.,0.,-1.));
#10001 = DIRECTION('',(-0.,-1.,0.));
#10002 = FACE_BOUND('',#10003,.T.);
#10003 = EDGE_LOOP('',(#10004));
#10004 = ORIENTED_EDGE('',*,*,#10005,.T.);
#10005 = EDGE_CURVE('',#10006,#10006,#10008,.T.);
#10006 = VERTEX_POINT('',#10007);
#10007 = CARTESIAN_POINT('',(167.75,-56.1,1.51));
#10008 = CIRCLE('',#10009,0.6);
#10009 = AXIS2_PLACEMENT_3D('',#10010,#10011,#10012);
#10010 = CARTESIAN_POINT('',(167.75,-55.5,1.51));
#10011 = DIRECTION('',(-0.,0.,-1.));
#10012 = DIRECTION('',(-0.,-1.,0.));
#10013 = PLANE('',#10014);
#10014 = AXIS2_PLACEMENT_3D('',#10015,#10016,#10017);
#10015 = CARTESIAN_POINT('',(0.,0.,1.51));
#10016 = DIRECTION('',(0.,0.,1.));
#10017 = DIRECTION('',(1.,0.,-0.));
#10018 = ADVANCED_FACE('',(#10019),#10030,.T.);
#10019 = FACE_BOUND('',#10020,.T.);
#10020 = EDGE_LOOP('',(#10021,#10027,#10028,#10029));
#10021 = ORIENTED_EDGE('',*,*,#10022,.T.);
#10022 = EDGE_CURVE('',#9613,#9819,#10023,.T.);
#10023 = LINE('',#10024,#10025);
#10024 = CARTESIAN_POINT('',(112.25,-56.58,0.));
#10025 = VECTOR('',#10026,1.);
#10026 = DIRECTION('',(0.,0.,1.));
#10027 = ORIENTED_EDGE('',*,*,#9818,.T.);
#10028 = ORIENTED_EDGE('',*,*,#9548,.F.);
#10029 = ORIENTED_EDGE('',*,*,#9612,.F.);
#10030 = CYLINDRICAL_SURFACE('',#10031,4.44499877899);
#10031 = AXIS2_PLACEMENT_3D('',#10032,#10033,#10034);
#10032 = CARTESIAN_POINT('',(116.69499877899,-56.57999877899,0.));
#10033 = DIRECTION('',(0.,0.,-1.));
#10034 = DIRECTION('',(-1.,-2.746930853021E-07,-0.));
#10035 = ADVANCED_FACE('',(#10036),#10047,.T.);
#10036 = FACE_BOUND('',#10037,.T.);
#10037 = EDGE_LOOP('',(#10038,#10039,#10040,#10046));
#10038 = ORIENTED_EDGE('',*,*,#9588,.T.);
#10039 = ORIENTED_EDGE('',*,*,#9852,.T.);
#10040 = ORIENTED_EDGE('',*,*,#10041,.F.);
#10041 = EDGE_CURVE('',#9639,#9845,#10042,.T.);
#10042 = LINE('',#10043,#10044);
#10043 = CARTESIAN_POINT('',(175.499999,-118.745,0.));
#10044 = VECTOR('',#10045,1.);
#10045 = DIRECTION('',(0.,0.,1.));
#10046 = ORIENTED_EDGE('',*,*,#9646,.F.);
#10047 = CYLINDRICAL_SURFACE('',#10048,4.445000486096);
#10048 = AXIS2_PLACEMENT_3D('',#10049,#10050,#10051);
#10049 = CARTESIAN_POINT('',(175.4999985139,-114.2999995139,0.));
#10050 = DIRECTION('',(0.,0.,-1.));
#10051 = DIRECTION('',(1.,-1.09357882909E-07,0.));
#10052 = ADVANCED_FACE('',(#10053),#10064,.T.);
#10053 = FACE_BOUND('',#10054,.T.);
#10054 = EDGE_LOOP('',(#10055,#10061,#10062,#10063));
#10055 = ORIENTED_EDGE('',*,*,#10056,.T.);
#10056 = EDGE_CURVE('',#9622,#9828,#10057,.T.);
#10057 = LINE('',#10058,#10059);
#10058 = CARTESIAN_POINT('',(112.25,-114.3,0.));
#10059 = VECTOR('',#10060,1.);
#10060 = DIRECTION('',(0.,0.,1.));
#10061 = ORIENTED_EDGE('',*,*,#9827,.T.);
#10062 = ORIENTED_EDGE('',*,*,#10022,.F.);
#10063 = ORIENTED_EDGE('',*,*,#9621,.F.);
#10064 = PLANE('',#10065);
#10065 = AXIS2_PLACEMENT_3D('',#10066,#10067,#10068);
#10066 = CARTESIAN_POINT('',(112.25,-114.3,0.));
#10067 = DIRECTION('',(-1.,0.,0.));
#10068 = DIRECTION('',(0.,1.,0.));
#10069 = ADVANCED_FACE('',(#10070),#10081,.T.);
#10070 = FACE_BOUND('',#10071,.T.);
#10071 = EDGE_LOOP('',(#10072,#10073,#10074,#10080));
#10072 = ORIENTED_EDGE('',*,*,#10041,.T.);
#10073 = ORIENTED_EDGE('',*,*,#9844,.T.);
#10074 = ORIENTED_EDGE('',*,*,#10075,.F.);
#10075 = EDGE_CURVE('',#9630,#9836,#10076,.T.);
#10076 = LINE('',#10077,#10078);
#10077 = CARTESIAN_POINT('',(116.695,-118.745,0.));
#10078 = VECTOR('',#10079,1.);
#10079 = DIRECTION('',(0.,0.,1.));
#10080 = ORIENTED_EDGE('',*,*,#9638,.F.);
#10081 = PLANE('',#10082);
#10082 = AXIS2_PLACEMENT_3D('',#10083,#10084,#10085);
#10083 = CARTESIAN_POINT('',(175.499999,-118.745,0.));
#10084 = DIRECTION('',(0.,-1.,0.));
#10085 = DIRECTION('',(-1.,0.,0.));
#10086 = ADVANCED_FACE('',(#10087),#10093,.T.);
#10087 = FACE_BOUND('',#10088,.T.);
#10088 = EDGE_LOOP('',(#10089,#10090,#10091,#10092));
#10089 = ORIENTED_EDGE('',*,*,#10075,.T.);
#10090 = ORIENTED_EDGE('',*,*,#9835,.T.);
#10091 = ORIENTED_EDGE('',*,*,#10056,.F.);
#10092 = ORIENTED_EDGE('',*,*,#9629,.F.);
#10093 = CYLINDRICAL_SURFACE('',#10094,4.44499877899);
#10094 = AXIS2_PLACEMENT_3D('',#10095,#10096,#10097);
#10095 = CARTESIAN_POINT('',(116.69499877899,-114.300001221,0.));
#10096 = DIRECTION('',(0.,0.,-1.));
#10097 = DIRECTION('',(2.746930805065E-07,-1.,0.));
#10098 = ADVANCED_FACE('',(#10099),#10110,.F.);
#10099 = FACE_BOUND('',#10100,.T.);
#10100 = EDGE_LOOP('',(#10101,#10102,#10108,#10109));
#10101 = ORIENTED_EDGE('',*,*,#9656,.T.);
#10102 = ORIENTED_EDGE('',*,*,#10103,.T.);
#10103 = EDGE_CURVE('',#9657,#9863,#10104,.T.);
#10104 = LINE('',#10105,#10106);
#10105 = CARTESIAN_POINT('',(125.25,-115.85,-4.6E-02));
#10106 = VECTOR('',#10107,1.);
#10107 = DIRECTION('',(0.,0.,1.));
#10108 = ORIENTED_EDGE('',*,*,#9862,.F.);
#10109 = ORIENTED_EDGE('',*,*,#10103,.F.);
#10110 = CYLINDRICAL_SURFACE('',#10111,0.6);
#10111 = AXIS2_PLACEMENT_3D('',#10112,#10113,#10114);
#10112 = CARTESIAN_POINT('',(125.25,-115.25,-4.6E-02));
#10113 = DIRECTION('',(-0.,-0.,-1.));
#10114 = DIRECTION('',(-0.,-1.,0.));
#10115 = ADVANCED_FACE('',(#10116),#10127,.F.);
#10116 = FACE_BOUND('',#10117,.T.);
#10117 = EDGE_LOOP('',(#10118,#10119,#10125,#10126));
#10118 = ORIENTED_EDGE('',*,*,#9667,.T.);
#10119 = ORIENTED_EDGE('',*,*,#10120,.T.);
#10120 = EDGE_CURVE('',#9668,#9874,#10121,.T.);
#10121 = LINE('',#10122,#10123);
#10122 = CARTESIAN_POINT('',(139.,-105.8,-4.6E-02));
#10123 = VECTOR('',#10124,1.);
#10124 = DIRECTION('',(0.,0.,1.));
#10125 = ORIENTED_EDGE('',*,*,#9873,.F.);
#10126 = ORIENTED_EDGE('',*,*,#10120,.F.);
#10127 = CYLINDRICAL_SURFACE('',#10128,0.75);
#10128 = AXIS2_PLACEMENT_3D('',#10129,#10130,#10131);
#10129 = CARTESIAN_POINT('',(139.,-105.05,-4.6E-02));
#10130 = DIRECTION('',(-0.,-0.,-1.));
#10131 = DIRECTION('',(-0.,-1.,0.));
#10132 = ADVANCED_FACE('',(#10133),#10144,.F.);
#10133 = FACE_BOUND('',#10134,.T.);
#10134 = EDGE_LOOP('',(#10135,#10136,#10142,#10143));
#10135 = ORIENTED_EDGE('',*,*,#9678,.T.);
#10136 = ORIENTED_EDGE('',*,*,#10137,.T.);
#10137 = EDGE_CURVE('',#9679,#9885,#10138,.T.);
#10138 = LINE('',#10139,#10140);
#10139 = CARTESIAN_POINT('',(125.25,-88.35,-4.6E-02));
#10140 = VECTOR('',#10141,1.);
#10141 = DIRECTION('',(0.,0.,1.));
#10142 = ORIENTED_EDGE('',*,*,#9884,.F.);
#10143 = ORIENTED_EDGE('',*,*,#10137,.F.);
#10144 = CYLINDRICAL_SURFACE('',#10145,0.6);
#10145 = AXIS2_PLACEMENT_3D('',#10146,#10147,#10148);
#10146 = CARTESIAN_POINT('',(125.25,-87.75,-4.6E-02));
#10147 = DIRECTION('',(-0.,-0.,-1.));
#10148 = DIRECTION('',(-0.,-1.,0.));
#10149 = ADVANCED_FACE('',(#10150),#10161,.F.);
#10150 = FACE_BOUND('',#10151,.T.);
#10151 = EDGE_LOOP('',(#10152,#10153,#10159,#10160));
#10152 = ORIENTED_EDGE('',*,*,#9689,.T.);
#10153 = ORIENTED_EDGE('',*,*,#10154,.T.);
#10154 = EDGE_CURVE('',#9690,#9896,#10155,.T.);
#10155 = LINE('',#10156,#10157);
#10156 = CARTESIAN_POINT('',(139.,-88.8,-4.6E-02));
#10157 = VECTOR('',#10158,1.);
#10158 = DIRECTION('',(0.,0.,1.));
#10159 = ORIENTED_EDGE('',*,*,#9895,.F.);
#10160 = ORIENTED_EDGE('',*,*,#10154,.F.);
#10161 = CYLINDRICAL_SURFACE('',#10162,0.75);
#10162 = AXIS2_PLACEMENT_3D('',#10163,#10164,#10165);
#10163 = CARTESIAN_POINT('',(139.,-88.05,-4.6E-02));
#10164 = DIRECTION('',(-0.,-0.,-1.));
#10165 = DIRECTION('',(-0.,-1.,0.));
#10166 = ADVANCED_FACE('',(#10167),#10178,.F.);
#10167 = FACE_BOUND('',#10168,.T.);
#10168 = EDGE_LOOP('',(#10169,#10170,#10176,#10177));
#10169 = ORIENTED_EDGE('',*,*,#9700,.T.);
#10170 = ORIENTED_EDGE('',*,*,#10171,.T.);
#10171 = EDGE_CURVE('',#9701,#9907,#10172,.T.);
#10172 = LINE('',#10173,#10174);
#10173 = CARTESIAN_POINT('',(154.,-111.2,-4.6E-02));
#10174 = VECTOR('',#10175,1.);
#10175 = DIRECTION('',(0.,0.,1.));
#10176 = ORIENTED_EDGE('',*,*,#9906,.F.);
#10177 = ORIENTED_EDGE('',*,*,#10171,.F.);
#10178 = CYLINDRICAL_SURFACE('',#10179,0.75);
#10179 = AXIS2_PLACEMENT_3D('',#10180,#10181,#10182);
#10180 = CARTESIAN_POINT('',(154.,-110.45,-4.6E-02));
#10181 = DIRECTION('',(-0.,-0.,-1.));
#10182 = DIRECTION('',(-0.,-1.,0.));
#10183 = ADVANCED_FACE('',(#10184),#10195,.F.);
#10184 = FACE_BOUND('',#10185,.T.);
#10185 = EDGE_LOOP('',(#10186,#10187,#10193,#10194));
#10186 = ORIENTED_EDGE('',*,*,#9711,.T.);
#10187 = ORIENTED_EDGE('',*,*,#10188,.T.);
#10188 = EDGE_CURVE('',#9712,#9918,#10189,.T.);
#10189 = LINE('',#10190,#10191);
#10190 = CARTESIAN_POINT('',(167.75,-115.85,-4.6E-02));
#10191 = VECTOR('',#10192,1.);
#10192 = DIRECTION('',(0.,0.,1.));
#10193 = ORIENTED_EDGE('',*,*,#9917,.F.);
#10194 = ORIENTED_EDGE('',*,*,#10188,.F.);
#10195 = CYLINDRICAL_SURFACE('',#10196,0.6);
#10196 = AXIS2_PLACEMENT_3D('',#10197,#10198,#10199);
#10197 = CARTESIAN_POINT('',(167.75,-115.25,-4.6E-02));
#10198 = DIRECTION('',(-0.,-0.,-1.));
#10199 = DIRECTION('',(-0.,-1.,0.));
#10200 = ADVANCED_FACE('',(#10201),#10212,.F.);
#10201 = FACE_BOUND('',#10202,.T.);
#10202 = EDGE_LOOP('',(#10203,#10204,#10210,#10211));
#10203 = ORIENTED_EDGE('',*,*,#9722,.T.);
#10204 = ORIENTED_EDGE('',*,*,#10205,.T.);
#10205 = EDGE_CURVE('',#9723,#9929,#10206,.T.);
#10206 = LINE('',#10207,#10208);
#10207 = CARTESIAN_POINT('',(154.,-94.2,-4.6E-02));
#10208 = VECTOR('',#10209,1.);
#10209 = DIRECTION('',(0.,0.,1.));
#10210 = ORIENTED_EDGE('',*,*,#9928,.F.);
#10211 = ORIENTED_EDGE('',*,*,#10205,.F.);
#10212 = CYLINDRICAL_SURFACE('',#10213,0.75);
#10213 = AXIS2_PLACEMENT_3D('',#10214,#10215,#10216);
#10214 = CARTESIAN_POINT('',(154.,-93.45,-4.6E-02));
#10215 = DIRECTION('',(-0.,-0.,-1.));
#10216 = DIRECTION('',(-0.,-1.,0.));
#10217 = ADVANCED_FACE('',(#10218),#10229,.F.);
#10218 = FACE_BOUND('',#10219,.T.);
#10219 = EDGE_LOOP('',(#10220,#10221,#10227,#10228));
#10220 = ORIENTED_EDGE('',*,*,#9733,.T.);
#10221 = ORIENTED_EDGE('',*,*,#10222,.T.);
#10222 = EDGE_CURVE('',#9734,#9940,#10223,.T.);
#10223 = LINE('',#10224,#10225);
#10224 = CARTESIAN_POINT('',(167.75,-88.35,-4.6E-02));
#10225 = VECTOR('',#10226,1.);
#10226 = DIRECTION('',(0.,0.,1.));
#10227 = ORIENTED_EDGE('',*,*,#9939,.F.);
#10228 = ORIENTED_EDGE('',*,*,#10222,.F.);
#10229 = CYLINDRICAL_SURFACE('',#10230,0.6);
#10230 = AXIS2_PLACEMENT_3D('',#10231,#10232,#10233);
#10231 = CARTESIAN_POINT('',(167.75,-87.75,-4.6E-02));
#10232 = DIRECTION('',(-0.,-0.,-1.));
#10233 = DIRECTION('',(-0.,-1.,0.));
#10234 = ADVANCED_FACE('',(#10235),#10246,.F.);
#10235 = FACE_BOUND('',#10236,.T.);
#10236 = EDGE_LOOP('',(#10237,#10238,#10244,#10245));
#10237 = ORIENTED_EDGE('',*,*,#9744,.T.);
#10238 = ORIENTED_EDGE('',*,*,#10239,.T.);
#10239 = EDGE_CURVE('',#9745,#9951,#10240,.T.);
#10240 = LINE('',#10241,#10242);
#10241 = CARTESIAN_POINT('',(125.25,-83.6,-4.6E-02));
#10242 = VECTOR('',#10243,1.);
#10243 = DIRECTION('',(0.,0.,1.));
#10244 = ORIENTED_EDGE('',*,*,#9950,.F.);
#10245 = ORIENTED_EDGE('',*,*,#10239,.F.);
#10246 = CYLINDRICAL_SURFACE('',#10247,0.6);
#10247 = AXIS2_PLACEMENT_3D('',#10248,#10249,#10250);
#10248 = CARTESIAN_POINT('',(125.25,-83.,-4.6E-02));
#10249 = DIRECTION('',(-0.,-0.,-1.));
#10250 = DIRECTION('',(-0.,-1.,0.));
#10251 = ADVANCED_FACE('',(#10252),#10263,.F.);
#10252 = FACE_BOUND('',#10253,.T.);
#10253 = EDGE_LOOP('',(#10254,#10255,#10261,#10262));
#10254 = ORIENTED_EDGE('',*,*,#9755,.T.);
#10255 = ORIENTED_EDGE('',*,*,#10256,.T.);
#10256 = EDGE_CURVE('',#9756,#9962,#10257,.T.);
#10257 = LINE('',#10258,#10259);
#10258 = CARTESIAN_POINT('',(139.,-71.8,-4.6E-02));
#10259 = VECTOR('',#10260,1.);
#10260 = DIRECTION('',(0.,0.,1.));
#10261 = ORIENTED_EDGE('',*,*,#9961,.F.);
#10262 = ORIENTED_EDGE('',*,*,#10256,.F.);
#10263 = CYLINDRICAL_SURFACE('',#10264,0.75);
#10264 = AXIS2_PLACEMENT_3D('',#10265,#10266,#10267);
#10265 = CARTESIAN_POINT('',(139.,-71.05,-4.6E-02));
#10266 = DIRECTION('',(-0.,-0.,-1.));
#10267 = DIRECTION('',(-0.,-1.,0.));
#10268 = ADVANCED_FACE('',(#10269),#10280,.F.);
#10269 = FACE_BOUND('',#10270,.T.);
#10270 = EDGE_LOOP('',(#10271,#10272,#10278,#10279));
#10271 = ORIENTED_EDGE('',*,*,#9766,.T.);
#10272 = ORIENTED_EDGE('',*,*,#10273,.T.);
#10273 = EDGE_CURVE('',#9767,#9973,#10274,.T.);
#10274 = LINE('',#10275,#10276);
#10275 = CARTESIAN_POINT('',(125.25,-56.1,-4.6E-02));
#10276 = VECTOR('',#10277,1.);
#10277 = DIRECTION('',(0.,0.,1.));
#10278 = ORIENTED_EDGE('',*,*,#9972,.F.);
#10279 = ORIENTED_EDGE('',*,*,#10273,.F.);
#10280 = CYLINDRICAL_SURFACE('',#10281,0.6);
#10281 = AXIS2_PLACEMENT_3D('',#10282,#10283,#10284);
#10282 = CARTESIAN_POINT('',(125.25,-55.5,-4.6E-02));
#10283 = DIRECTION('',(-0.,-0.,-1.));
#10284 = DIRECTION('',(-0.,-1.,0.));
#10285 = ADVANCED_FACE('',(#10286),#10297,.F.);
#10286 = FACE_BOUND('',#10287,.T.);
#10287 = EDGE_LOOP('',(#10288,#10289,#10295,#10296));
#10288 = ORIENTED_EDGE('',*,*,#9777,.T.);
#10289 = ORIENTED_EDGE('',*,*,#10290,.T.);
#10290 = EDGE_CURVE('',#9778,#9984,#10291,.T.);
#10291 = LINE('',#10292,#10293);
#10292 = CARTESIAN_POINT('',(154.,-77.2,-4.6E-02));
#10293 = VECTOR('',#10294,1.);
#10294 = DIRECTION('',(0.,0.,1.));
#10295 = ORIENTED_EDGE('',*,*,#9983,.F.);
#10296 = ORIENTED_EDGE('',*,*,#10290,.F.);
#10297 = CYLINDRICAL_SURFACE('',#10298,0.75);
#10298 = AXIS2_PLACEMENT_3D('',#10299,#10300,#10301);
#10299 = CARTESIAN_POINT('',(154.,-76.45,-4.6E-02));
#10300 = DIRECTION('',(-0.,-0.,-1.));
#10301 = DIRECTION('',(-0.,-1.,0.));
#10302 = ADVANCED_FACE('',(#10303),#10314,.F.);
#10303 = FACE_BOUND('',#10304,.T.);
#10304 = EDGE_LOOP('',(#10305,#10306,#10312,#10313));
#10305 = ORIENTED_EDGE('',*,*,#9788,.T.);
#10306 = ORIENTED_EDGE('',*,*,#10307,.T.);
#10307 = EDGE_CURVE('',#9789,#9995,#10308,.T.);
#10308 = LINE('',#10309,#10310);
#10309 = CARTESIAN_POINT('',(167.75,-83.6,-4.6E-02));
#10310 = VECTOR('',#10311,1.);
#10311 = DIRECTION('',(0.,0.,1.));
#10312 = ORIENTED_EDGE('',*,*,#9994,.F.);
#10313 = ORIENTED_EDGE('',*,*,#10307,.F.);
#10314 = CYLINDRICAL_SURFACE('',#10315,0.6);
#10315 = AXIS2_PLACEMENT_3D('',#10316,#10317,#10318);
#10316 = CARTESIAN_POINT('',(167.75,-83.,-4.6E-02));
#10317 = DIRECTION('',(-0.,-0.,-1.));
#10318 = DIRECTION('',(-0.,-1.,0.));
#10319 = ADVANCED_FACE('',(#10320),#10331,.F.);
#10320 = FACE_BOUND('',#10321,.T.);
#10321 = EDGE_LOOP('',(#10322,#10323,#10329,#10330));
#10322 = ORIENTED_EDGE('',*,*,#9799,.T.);
#10323 = ORIENTED_EDGE('',*,*,#10324,.T.);
#10324 = EDGE_CURVE('',#9800,#10006,#10325,.T.);
#10325 = LINE('',#10326,#10327);
#10326 = CARTESIAN_POINT('',(167.75,-56.1,-4.6E-02));
#10327 = VECTOR('',#10328,1.);
#10328 = DIRECTION('',(0.,0.,1.));
#10329 = ORIENTED_EDGE('',*,*,#10005,.F.);
#10330 = ORIENTED_EDGE('',*,*,#10324,.F.);
#10331 = CYLINDRICAL_SURFACE('',#10332,0.6);
#10332 = AXIS2_PLACEMENT_3D('',#10333,#10334,#10335);
#10333 = CARTESIAN_POINT('',(167.75,-55.5,-4.6E-02));
#10334 = DIRECTION('',(-0.,-0.,-1.));
#10335 = DIRECTION('',(-0.,-1.,0.));
#10336 = ( GEOMETRIC_REPRESENTATION_CONTEXT(3) 
GLOBAL_UNCERTAINTY_ASSIGNED_CONTEXT((#10340)) 
GLOBAL_UNIT_ASSIGNED_CONTEXT((#10337,#10338,#10339)) 
REPRESENTATION_CONTEXT('Context #1',
  '3D Context with UNIT and UNCERTAINTY') );
#10337 = ( LENGTH_UNIT() NAMED_UNIT(*) SI_UNIT(.MILLI.,.METRE.) );
#10338 = ( NAMED_UNIT(*) PLANE_ANGLE_UNIT() SI_UNIT($,.RADIAN.) );
#10339 = ( NAMED_UNIT(*) SI_UNIT($,.STERADIAN.) SOLID_ANGLE_UNIT() );
#10340 = UNCERTAINTY_MEASURE_WITH_UNIT(LENGTH_MEASURE(1.E-07),#10337,
  'distance_accuracy_value','confusion accuracy');
#10341 = CONTEXT_DEPENDENT_SHAPE_REPRESENTATION(#10342,#10344);
#10342 = ( REPRESENTATION_RELATIONSHIP('','',#9499,#10) 
REPRESENTATION_RELATIONSHIP_WITH_TRANSFORMATION(#10343) 
SHAPE_REPRESENTATION_RELATIONSHIP() );
#10343 = ITEM_DEFINED_TRANSFORMATION('','',#11,#43);
#10344 = PRODUCT_DEFINITION_SHAPE('Placement','Placement of an item',
  #10345);
#10345 = NEXT_ASSEMBLY_USAGE_OCCURRENCE('8','=>[0:1:1:6]','',#5,#9494,$
  );
#10346 = PRODUCT_RELATED_PRODUCT_CATEGORY('part',$,(#9496));
#10347 = MECHANICAL_DESIGN_GEOMETRIC_PRESENTATION_REPRESENTATION('',(
    #10348,#10356,#10363,#10370,#10377,#10384,#10391,#10398,#10405,
    #10412,#10419,#10426,#10433,#10440,#10447,#10454,#10461,#10468,
    #10475,#10482),#8570);
#10348 = STYLED_ITEM('color',(#10349),#5736);
#10349 = PRESENTATION_STYLE_ASSIGNMENT((#10350));
#10350 = SURFACE_STYLE_USAGE(.BOTH.,#10351);
#10351 = SURFACE_SIDE_STYLE('',(#10352));
#10352 = SURFACE_STYLE_FILL_AREA(#10353);
#10353 = FILL_AREA_STYLE('',(#10354));
#10354 = FILL_AREA_STYLE_COLOUR('',#10355);
#10355 = COLOUR_RGB('',0.982560078588,0.982560078588,0.982560078588);
#10356 = STYLED_ITEM('color',(#10357),#5814);
#10357 = PRESENTATION_STYLE_ASSIGNMENT((#10358));
#10358 = SURFACE_STYLE_USAGE(.BOTH.,#10359);
#10359 = SURFACE_SIDE_STYLE('',(#10360));
#10360 = SURFACE_STYLE_FILL_AREA(#10361);
#10361 = FILL_AREA_STYLE('',(#10362));
#10362 = FILL_AREA_STYLE_COLOUR('',#10355);
#10363 = STYLED_ITEM('color',(#10364),#6054);
#10364 = PRESENTATION_STYLE_ASSIGNMENT((#10365));
#10365 = SURFACE_STYLE_USAGE(.BOTH.,#10366);
#10366 = SURFACE_SIDE_STYLE('',(#10367));
#10367 = SURFACE_STYLE_FILL_AREA(#10368);
#10368 = FILL_AREA_STYLE('',(#10369));
#10369 = FILL_AREA_STYLE_COLOUR('',#10355);
#10370 = STYLED_ITEM('color',(#10371),#6132);
#10371 = PRESENTATION_STYLE_ASSIGNMENT((#10372));
#10372 = SURFACE_STYLE_USAGE(.BOTH.,#10373);
#10373 = SURFACE_SIDE_STYLE('',(#10374));
#10374 = SURFACE_STYLE_FILL_AREA(#10375);
#10375 = FILL_AREA_STYLE('',(#10376));
#10376 = FILL_AREA_STYLE_COLOUR('',#10355);
#10377 = STYLED_ITEM('color',(#10378),#6363);
#10378 = PRESENTATION_STYLE_ASSIGNMENT((#10379));
#10379 = SURFACE_STYLE_USAGE(.BOTH.,#10380);
#10380 = SURFACE_SIDE_STYLE('',(#10381));
#10381 = SURFACE_STYLE_FILL_AREA(#10382);
#10382 = FILL_AREA_STYLE('',(#10383));
#10383 = FILL_AREA_STYLE_COLOUR('',#10355);
#10384 = STYLED_ITEM('color',(#10385),#6475);
#10385 = PRESENTATION_STYLE_ASSIGNMENT((#10386));
#10386 = SURFACE_STYLE_USAGE(.BOTH.,#10387);
#10387 = SURFACE_SIDE_STYLE('',(#10388));
#10388 = SURFACE_STYLE_FILL_AREA(#10389);
#10389 = FILL_AREA_STYLE('',(#10390));
#10390 = FILL_AREA_STYLE_COLOUR('',#10355);
#10391 = STYLED_ITEM('color',(#10392),#6600);
#10392 = PRESENTATION_STYLE_ASSIGNMENT((#10393));
#10393 = SURFACE_STYLE_USAGE(.BOTH.,#10394);
#10394 = SURFACE_SIDE_STYLE('',(#10395));
#10395 = SURFACE_STYLE_FILL_AREA(#10396);
#10396 = FILL_AREA_STYLE('',(#10397));
#10397 = FILL_AREA_STYLE_COLOUR('',#10355);
#10398 = STYLED_ITEM('color',(#10399),#6821);
#10399 = PRESENTATION_STYLE_ASSIGNMENT((#10400));
#10400 = SURFACE_STYLE_USAGE(.BOTH.,#10401);
#10401 = SURFACE_SIDE_STYLE('',(#10402));
#10402 = SURFACE_STYLE_FILL_AREA(#10403);
#10403 = FILL_AREA_STYLE('',(#10404));
#10404 = FILL_AREA_STYLE_COLOUR('',#10355);
#10405 = STYLED_ITEM('color',(#10406),#6922);
#10406 = PRESENTATION_STYLE_ASSIGNMENT((#10407));
#10407 = SURFACE_STYLE_USAGE(.BOTH.,#10408);
#10408 = SURFACE_SIDE_STYLE('',(#10409));
#10409 = SURFACE_STYLE_FILL_AREA(#10410);
#10410 = FILL_AREA_STYLE('',(#10411));
#10411 = FILL_AREA_STYLE_COLOUR('',#10355);
#10412 = STYLED_ITEM('color',(#10413),#7105);
#10413 = PRESENTATION_STYLE_ASSIGNMENT((#10414));
#10414 = SURFACE_STYLE_USAGE(.BOTH.,#10415);
#10415 = SURFACE_SIDE_STYLE('',(#10416));
#10416 = SURFACE_STYLE_FILL_AREA(#10417);
#10417 = FILL_AREA_STYLE('',(#10418));
#10418 = FILL_AREA_STYLE_COLOUR('',#10355);
#10419 = STYLED_ITEM('color',(#10420),#7283);
#10420 = PRESENTATION_STYLE_ASSIGNMENT((#10421));
#10421 = SURFACE_STYLE_USAGE(.BOTH.,#10422);
#10422 = SURFACE_SIDE_STYLE('',(#10423));
#10423 = SURFACE_STYLE_FILL_AREA(#10424);
#10424 = FILL_AREA_STYLE('',(#10425));
#10425 = FILL_AREA_STYLE_COLOUR('',#10355);
#10426 = STYLED_ITEM('color',(#10427),#7434);
#10427 = PRESENTATION_STYLE_ASSIGNMENT((#10428));
#10428 = SURFACE_STYLE_USAGE(.BOTH.,#10429);
#10429 = SURFACE_SIDE_STYLE('',(#10430));
#10430 = SURFACE_STYLE_FILL_AREA(#10431);
#10431 = FILL_AREA_STYLE('',(#10432));
#10432 = FILL_AREA_STYLE_COLOUR('',#10355);
#10433 = STYLED_ITEM('color',(#10434),#7535);
#10434 = PRESENTATION_STYLE_ASSIGNMENT((#10435));
#10435 = SURFACE_STYLE_USAGE(.BOTH.,#10436);
#10436 = SURFACE_SIDE_STYLE('',(#10437));
#10437 = SURFACE_STYLE_FILL_AREA(#10438);
#10438 = FILL_AREA_STYLE('',(#10439));
#10439 = FILL_AREA_STYLE_COLOUR('',#10355);
#10440 = STYLED_ITEM('color',(#10441),#7613);
#10441 = PRESENTATION_STYLE_ASSIGNMENT((#10442));
#10442 = SURFACE_STYLE_USAGE(.BOTH.,#10443);
#10443 = SURFACE_SIDE_STYLE('',(#10444));
#10444 = SURFACE_STYLE_FILL_AREA(#10445);
#10445 = FILL_AREA_STYLE('',(#10446));
#10446 = FILL_AREA_STYLE_COLOUR('',#10355);
#10447 = STYLED_ITEM('color',(#10448),#7747);
#10448 = PRESENTATION_STYLE_ASSIGNMENT((#10449));
#10449 = SURFACE_STYLE_USAGE(.BOTH.,#10450);
#10450 = SURFACE_SIDE_STYLE('',(#10451));
#10451 = SURFACE_STYLE_FILL_AREA(#10452);
#10452 = FILL_AREA_STYLE('',(#10453));
#10453 = FILL_AREA_STYLE_COLOUR('',#10355);
#10454 = STYLED_ITEM('color',(#10455),#7859);
#10455 = PRESENTATION_STYLE_ASSIGNMENT((#10456));
#10456 = SURFACE_STYLE_USAGE(.BOTH.,#10457);
#10457 = SURFACE_SIDE_STYLE('',(#10458));
#10458 = SURFACE_STYLE_FILL_AREA(#10459);
#10459 = FILL_AREA_STYLE('',(#10460));
#10460 = FILL_AREA_STYLE_COLOUR('',#10355);
#10461 = STYLED_ITEM('color',(#10462),#7992);
#10462 = PRESENTATION_STYLE_ASSIGNMENT((#10463));
#10463 = SURFACE_STYLE_USAGE(.BOTH.,#10464);
#10464 = SURFACE_SIDE_STYLE('',(#10465));
#10465 = SURFACE_STYLE_FILL_AREA(#10466);
#10466 = FILL_AREA_STYLE('',(#10467));
#10467 = FILL_AREA_STYLE_COLOUR('',#10355);
#10468 = STYLED_ITEM('color',(#10469),#8167);
#10469 = PRESENTATION_STYLE_ASSIGNMENT((#10470));
#10470 = SURFACE_STYLE_USAGE(.BOTH.,#10471);
#10471 = SURFACE_SIDE_STYLE('',(#10472));
#10472 = SURFACE_STYLE_FILL_AREA(#10473);
#10473 = FILL_AREA_STYLE('',(#10474));
#10474 = FILL_AREA_STYLE_COLOUR('',#10355);
#10475 = STYLED_ITEM('color',(#10476),#8268);
#10476 = PRESENTATION_STYLE_ASSIGNMENT((#10477));
#10477 = SURFACE_STYLE_USAGE(.BOTH.,#10478);
#10478 = SURFACE_SIDE_STYLE('',(#10479));
#10479 = SURFACE_STYLE_FILL_AREA(#10480);
#10480 = FILL_AREA_STYLE('',(#10481));
#10481 = FILL_AREA_STYLE_COLOUR('',#10355);
#10482 = STYLED_ITEM('color',(#10483),#8394);
#10483 = PRESENTATION_STYLE_ASSIGNMENT((#10484));
#10484 = SURFACE_STYLE_USAGE(.BOTH.,#10485);
#10485 = SURFACE_SIDE_STYLE('',(#10486));
#10486 = SURFACE_STYLE_FILL_AREA(#10487);
#10487 = FILL_AREA_STYLE('',(#10488));
#10488 = FILL_AREA_STYLE_COLOUR('',#10355);
#10489 = MECHANICAL_DESIGN_GEOMETRIC_PRESENTATION_REPRESENTATION('',(
    #10490,#10500),#9481);
#10490 = STYLED_ITEM('color',(#10491),#8591);
#10491 = PRESENTATION_STYLE_ASSIGNMENT((#10492));
#10492 = SURFACE_STYLE_USAGE(.BOTH.,#10493);
#10493 = SURFACE_SIDE_STYLE('',(#10494,#10498));
#10494 = SURFACE_STYLE_FILL_AREA(#10495);
#10495 = FILL_AREA_STYLE('',(#10496));
#10496 = FILL_AREA_STYLE_COLOUR('',#10497);
#10497 = COLOUR_RGB('',0.277846546019,0.436627062838,0.370214030736);
#10498 = SURFACE_STYLE_RENDERING_WITH_PROPERTIES(.NORMAL_SHADING.,#10497
  ,(#10499));
#10499 = SURFACE_STYLE_TRANSPARENT(0.170000016689);
#10500 = STYLED_ITEM('color',(#10501),#9037);
#10501 = PRESENTATION_STYLE_ASSIGNMENT((#10502));
#10502 = SURFACE_STYLE_USAGE(.BOTH.,#10503);
#10503 = SURFACE_SIDE_STYLE('',(#10504,#10507));
#10504 = SURFACE_STYLE_FILL_AREA(#10505);
#10505 = FILL_AREA_STYLE('',(#10506));
#10506 = FILL_AREA_STYLE_COLOUR('',#10497);
#10507 = SURFACE_STYLE_RENDERING_WITH_PROPERTIES(.NORMAL_SHADING.,#10497
  ,(#10508));
#10508 = SURFACE_STYLE_TRANSPARENT(0.170000016689);
#10509 = MECHANICAL_DESIGN_GEOMETRIC_PRESENTATION_REPRESENTATION('',(
    #10510,#10518,#10525,#10532,#10539,#10546,#10553,#10560,#10567,
    #10574,#10581,#10588,#10595,#10602,#10609,#10616,#10623,#10630,
    #10637,#10644,#10651,#10658,#10665,#10672,#10679,#10686,#10693,
    #10700,#10707,#10714,#10721,#10728,#10735,#10742,#10749,#10756,
    #10763,#10770,#10777,#10784,#10791,#10798),#5715);
#10510 = STYLED_ITEM('color',(#10511),#639);
#10511 = PRESENTATION_STYLE_ASSIGNMENT((#10512));
#10512 = SURFACE_STYLE_USAGE(.BOTH.,#10513);
#10513 = SURFACE_SIDE_STYLE('',(#10514));
#10514 = SURFACE_STYLE_FILL_AREA(#10515);
#10515 = FILL_AREA_STYLE('',(#10516));
#10516 = FILL_AREA_STYLE_COLOUR('',#10517);
#10517 = COLOUR_RGB('',0.735356983052,0.735356983052,0.735356983052);
#10518 = STYLED_ITEM('color',(#10519),#731);
#10519 = PRESENTATION_STYLE_ASSIGNMENT((#10520));
#10520 = SURFACE_STYLE_USAGE(.BOTH.,#10521);
#10521 = SURFACE_SIDE_STYLE('',(#10522));
#10522 = SURFACE_STYLE_FILL_AREA(#10523);
#10523 = FILL_AREA_STYLE('',(#10524));
#10524 = FILL_AREA_STYLE_COLOUR('',#10517);
#10525 = STYLED_ITEM('color',(#10526),#823);
#10526 = PRESENTATION_STYLE_ASSIGNMENT((#10527));
#10527 = SURFACE_STYLE_USAGE(.BOTH.,#10528);
#10528 = SURFACE_SIDE_STYLE('',(#10529));
#10529 = SURFACE_STYLE_FILL_AREA(#10530);
#10530 = FILL_AREA_STYLE('',(#10531));
#10531 = FILL_AREA_STYLE_COLOUR('',#10517);
#10532 = STYLED_ITEM('color',(#10533),#915);
#10533 = PRESENTATION_STYLE_ASSIGNMENT((#10534));
#10534 = SURFACE_STYLE_USAGE(.BOTH.,#10535);
#10535 = SURFACE_SIDE_STYLE('',(#10536));
#10536 = SURFACE_STYLE_FILL_AREA(#10537);
#10537 = FILL_AREA_STYLE('',(#10538));
#10538 = FILL_AREA_STYLE_COLOUR('',#10517);
#10539 = STYLED_ITEM('color',(#10540),#1007);
#10540 = PRESENTATION_STYLE_ASSIGNMENT((#10541));
#10541 = SURFACE_STYLE_USAGE(.BOTH.,#10542);
#10542 = SURFACE_SIDE_STYLE('',(#10543));
#10543 = SURFACE_STYLE_FILL_AREA(#10544);
#10544 = FILL_AREA_STYLE('',(#10545));
#10545 = FILL_AREA_STYLE_COLOUR('',#10517);
#10546 = STYLED_ITEM('color',(#10547),#1099);
#10547 = PRESENTATION_STYLE_ASSIGNMENT((#10548));
#10548 = SURFACE_STYLE_USAGE(.BOTH.,#10549);
#10549 = SURFACE_SIDE_STYLE('',(#10550));
#10550 = SURFACE_STYLE_FILL_AREA(#10551);
#10551 = FILL_AREA_STYLE('',(#10552));
#10552 = FILL_AREA_STYLE_COLOUR('',#10517);
#10553 = STYLED_ITEM('color',(#10554),#1191);
#10554 = PRESENTATION_STYLE_ASSIGNMENT((#10555));
#10555 = SURFACE_STYLE_USAGE(.BOTH.,#10556);
#10556 = SURFACE_SIDE_STYLE('',(#10557));
#10557 = SURFACE_STYLE_FILL_AREA(#10558);
#10558 = FILL_AREA_STYLE('',(#10559));
#10559 = FILL_AREA_STYLE_COLOUR('',#10517);
#10560 = STYLED_ITEM('color',(#10561),#1283);
#10561 = PRESENTATION_STYLE_ASSIGNMENT((#10562));
#10562 = SURFACE_STYLE_USAGE(.BOTH.,#10563);
#10563 = SURFACE_SIDE_STYLE('',(#10564));
#10564 = SURFACE_STYLE_FILL_AREA(#10565);
#10565 = FILL_AREA_STYLE('',(#10566));
#10566 = FILL_AREA_STYLE_COLOUR('',#10517);
#10567 = STYLED_ITEM('color',(#10568),#1375);
#10568 = PRESENTATION_STYLE_ASSIGNMENT((#10569));
#10569 = SURFACE_STYLE_USAGE(.BOTH.,#10570);
#10570 = SURFACE_SIDE_STYLE('',(#10571));
#10571 = SURFACE_STYLE_FILL_AREA(#10572);
#10572 = FILL_AREA_STYLE('',(#10573));
#10573 = FILL_AREA_STYLE_COLOUR('',#10517);
#10574 = STYLED_ITEM('color',(#10575),#1467);
#10575 = PRESENTATION_STYLE_ASSIGNMENT((#10576));
#10576 = SURFACE_STYLE_USAGE(.BOTH.,#10577);
#10577 = SURFACE_SIDE_STYLE('',(#10578));
#10578 = SURFACE_STYLE_FILL_AREA(#10579);
#10579 = FILL_AREA_STYLE('',(#10580));
#10580 = FILL_AREA_STYLE_COLOUR('',#10517);
#10581 = STYLED_ITEM('color',(#10582),#1559);
#10582 = PRESENTATION_STYLE_ASSIGNMENT((#10583));
#10583 = SURFACE_STYLE_USAGE(.BOTH.,#10584);
#10584 = SURFACE_SIDE_STYLE('',(#10585));
#10585 = SURFACE_STYLE_FILL_AREA(#10586);
#10586 = FILL_AREA_STYLE('',(#10587));
#10587 = FILL_AREA_STYLE_COLOUR('',#10517);
#10588 = STYLED_ITEM('color',(#10589),#1651);
#10589 = PRESENTATION_STYLE_ASSIGNMENT((#10590));
#10590 = SURFACE_STYLE_USAGE(.BOTH.,#10591);
#10591 = SURFACE_SIDE_STYLE('',(#10592));
#10592 = SURFACE_STYLE_FILL_AREA(#10593);
#10593 = FILL_AREA_STYLE('',(#10594));
#10594 = FILL_AREA_STYLE_COLOUR('',#10517);
#10595 = STYLED_ITEM('color',(#10596),#1743);
#10596 = PRESENTATION_STYLE_ASSIGNMENT((#10597));
#10597 = SURFACE_STYLE_USAGE(.BOTH.,#10598);
#10598 = SURFACE_SIDE_STYLE('',(#10599));
#10599 = SURFACE_STYLE_FILL_AREA(#10600);
#10600 = FILL_AREA_STYLE('',(#10601));
#10601 = FILL_AREA_STYLE_COLOUR('',#10517);
#10602 = STYLED_ITEM('color',(#10603),#1835);
#10603 = PRESENTATION_STYLE_ASSIGNMENT((#10604));
#10604 = SURFACE_STYLE_USAGE(.BOTH.,#10605);
#10605 = SURFACE_SIDE_STYLE('',(#10606));
#10606 = SURFACE_STYLE_FILL_AREA(#10607);
#10607 = FILL_AREA_STYLE('',(#10608));
#10608 = FILL_AREA_STYLE_COLOUR('',#10517);
#10609 = STYLED_ITEM('color',(#10610),#1927);
#10610 = PRESENTATION_STYLE_ASSIGNMENT((#10611));
#10611 = SURFACE_STYLE_USAGE(.BOTH.,#10612);
#10612 = SURFACE_SIDE_STYLE('',(#10613));
#10613 = SURFACE_STYLE_FILL_AREA(#10614);
#10614 = FILL_AREA_STYLE('',(#10615));
#10615 = FILL_AREA_STYLE_COLOUR('',#10517);
#10616 = STYLED_ITEM('color',(#10617),#2019);
#10617 = PRESENTATION_STYLE_ASSIGNMENT((#10618));
#10618 = SURFACE_STYLE_USAGE(.BOTH.,#10619);
#10619 = SURFACE_SIDE_STYLE('',(#10620));
#10620 = SURFACE_STYLE_FILL_AREA(#10621);
#10621 = FILL_AREA_STYLE('',(#10622));
#10622 = FILL_AREA_STYLE_COLOUR('',#10517);
#10623 = STYLED_ITEM('color',(#10624),#2111);
#10624 = PRESENTATION_STYLE_ASSIGNMENT((#10625));
#10625 = SURFACE_STYLE_USAGE(.BOTH.,#10626);
#10626 = SURFACE_SIDE_STYLE('',(#10627));
#10627 = SURFACE_STYLE_FILL_AREA(#10628);
#10628 = FILL_AREA_STYLE('',(#10629));
#10629 = FILL_AREA_STYLE_COLOUR('',#10517);
#10630 = STYLED_ITEM('color',(#10631),#2203);
#10631 = PRESENTATION_STYLE_ASSIGNMENT((#10632));
#10632 = SURFACE_STYLE_USAGE(.BOTH.,#10633);
#10633 = SURFACE_SIDE_STYLE('',(#10634));
#10634 = SURFACE_STYLE_FILL_AREA(#10635);
#10635 = FILL_AREA_STYLE('',(#10636));
#10636 = FILL_AREA_STYLE_COLOUR('',#10517);
#10637 = STYLED_ITEM('color',(#10638),#2295);
#10638 = PRESENTATION_STYLE_ASSIGNMENT((#10639));
#10639 = SURFACE_STYLE_USAGE(.BOTH.,#10640);
#10640 = SURFACE_SIDE_STYLE('',(#10641));
#10641 = SURFACE_STYLE_FILL_AREA(#10642);
#10642 = FILL_AREA_STYLE('',(#10643));
#10643 = FILL_AREA_STYLE_COLOUR('',#10517);
#10644 = STYLED_ITEM('color',(#10645),#2387);
#10645 = PRESENTATION_STYLE_ASSIGNMENT((#10646));
#10646 = SURFACE_STYLE_USAGE(.BOTH.,#10647);
#10647 = SURFACE_SIDE_STYLE('',(#10648));
#10648 = SURFACE_STYLE_FILL_AREA(#10649);
#10649 = FILL_AREA_STYLE('',(#10650));
#10650 = FILL_AREA_STYLE_COLOUR('',#10517);
#10651 = STYLED_ITEM('color',(#10652),#2479);
#10652 = PRESENTATION_STYLE_ASSIGNMENT((#10653));
#10653 = SURFACE_STYLE_USAGE(.BOTH.,#10654);
#10654 = SURFACE_SIDE_STYLE('',(#10655));
#10655 = SURFACE_STYLE_FILL_AREA(#10656);
#10656 = FILL_AREA_STYLE('',(#10657));
#10657 = FILL_AREA_STYLE_COLOUR('',#10517);
#10658 = STYLED_ITEM('color',(#10659),#2571);
#10659 = PRESENTATION_STYLE_ASSIGNMENT((#10660));
#10660 = SURFACE_STYLE_USAGE(.BOTH.,#10661);
#10661 = SURFACE_SIDE_STYLE('',(#10662));
#10662 = SURFACE_STYLE_FILL_AREA(#10663);
#10663 = FILL_AREA_STYLE('',(#10664));
#10664 = FILL_AREA_STYLE_COLOUR('',#10517);
#10665 = STYLED_ITEM('color',(#10666),#2663);
#10666 = PRESENTATION_STYLE_ASSIGNMENT((#10667));
#10667 = SURFACE_STYLE_USAGE(.BOTH.,#10668);
#10668 = SURFACE_SIDE_STYLE('',(#10669));
#10669 = SURFACE_STYLE_FILL_AREA(#10670);
#10670 = FILL_AREA_STYLE('',(#10671));
#10671 = FILL_AREA_STYLE_COLOUR('',#10517);
#10672 = STYLED_ITEM('color',(#10673),#2755);
#10673 = PRESENTATION_STYLE_ASSIGNMENT((#10674));
#10674 = SURFACE_STYLE_USAGE(.BOTH.,#10675);
#10675 = SURFACE_SIDE_STYLE('',(#10676));
#10676 = SURFACE_STYLE_FILL_AREA(#10677);
#10677 = FILL_AREA_STYLE('',(#10678));
#10678 = FILL_AREA_STYLE_COLOUR('',#10517);
#10679 = STYLED_ITEM('color',(#10680),#2847);
#10680 = PRESENTATION_STYLE_ASSIGNMENT((#10681));
#10681 = SURFACE_STYLE_USAGE(.BOTH.,#10682);
#10682 = SURFACE_SIDE_STYLE('',(#10683));
#10683 = SURFACE_STYLE_FILL_AREA(#10684);
#10684 = FILL_AREA_STYLE('',(#10685));
#10685 = FILL_AREA_STYLE_COLOUR('',#10517);
#10686 = STYLED_ITEM('color',(#10687),#3040);
#10687 = PRESENTATION_STYLE_ASSIGNMENT((#10688));
#10688 = SURFACE_STYLE_USAGE(.BOTH.,#10689);
#10689 = SURFACE_SIDE_STYLE('',(#10690));
#10690 = SURFACE_STYLE_FILL_AREA(#10691);
#10691 = FILL_AREA_STYLE('',(#10692));
#10692 = FILL_AREA_STYLE_COLOUR('',#10517);
#10693 = STYLED_ITEM('color',(#10694),#3233);
#10694 = PRESENTATION_STYLE_ASSIGNMENT((#10695));
#10695 = SURFACE_STYLE_USAGE(.BOTH.,#10696);
#10696 = SURFACE_SIDE_STYLE('',(#10697));
#10697 = SURFACE_STYLE_FILL_AREA(#10698);
#10698 = FILL_AREA_STYLE('',(#10699));
#10699 = FILL_AREA_STYLE_COLOUR('',#10517);
#10700 = STYLED_ITEM('color',(#10701),#3325);
#10701 = PRESENTATION_STYLE_ASSIGNMENT((#10702));
#10702 = SURFACE_STYLE_USAGE(.BOTH.,#10703);
#10703 = SURFACE_SIDE_STYLE('',(#10704));
#10704 = SURFACE_STYLE_FILL_AREA(#10705);
#10705 = FILL_AREA_STYLE('',(#10706));
#10706 = FILL_AREA_STYLE_COLOUR('',#10517);
#10707 = STYLED_ITEM('color',(#10708),#3518);
#10708 = PRESENTATION_STYLE_ASSIGNMENT((#10709));
#10709 = SURFACE_STYLE_USAGE(.BOTH.,#10710);
#10710 = SURFACE_SIDE_STYLE('',(#10711));
#10711 = SURFACE_STYLE_FILL_AREA(#10712);
#10712 = FILL_AREA_STYLE('',(#10713));
#10713 = FILL_AREA_STYLE_COLOUR('',#10517);
#10714 = STYLED_ITEM('color',(#10715),#3711);
#10715 = PRESENTATION_STYLE_ASSIGNMENT((#10716));
#10716 = SURFACE_STYLE_USAGE(.BOTH.,#10717);
#10717 = SURFACE_SIDE_STYLE('',(#10718));
#10718 = SURFACE_STYLE_FILL_AREA(#10719);
#10719 = FILL_AREA_STYLE('',(#10720));
#10720 = FILL_AREA_STYLE_COLOUR('',#10517);
#10721 = STYLED_ITEM('color',(#10722),#3803);
#10722 = PRESENTATION_STYLE_ASSIGNMENT((#10723));
#10723 = SURFACE_STYLE_USAGE(.BOTH.,#10724);
#10724 = SURFACE_SIDE_STYLE('',(#10725));
#10725 = SURFACE_STYLE_FILL_AREA(#10726);
#10726 = FILL_AREA_STYLE('',(#10727));
#10727 = FILL_AREA_STYLE_COLOUR('',#10517);
#10728 = STYLED_ITEM('color',(#10729),#3996);
#10729 = PRESENTATION_STYLE_ASSIGNMENT((#10730));
#10730 = SURFACE_STYLE_USAGE(.BOTH.,#10731);
#10731 = SURFACE_SIDE_STYLE('',(#10732));
#10732 = SURFACE_STYLE_FILL_AREA(#10733);
#10733 = FILL_AREA_STYLE('',(#10734));
#10734 = FILL_AREA_STYLE_COLOUR('',#10517);
#10735 = STYLED_ITEM('color',(#10736),#4189);
#10736 = PRESENTATION_STYLE_ASSIGNMENT((#10737));
#10737 = SURFACE_STYLE_USAGE(.BOTH.,#10738);
#10738 = SURFACE_SIDE_STYLE('',(#10739));
#10739 = SURFACE_STYLE_FILL_AREA(#10740);
#10740 = FILL_AREA_STYLE('',(#10741));
#10741 = FILL_AREA_STYLE_COLOUR('',#10517);
#10742 = STYLED_ITEM('color',(#10743),#4281);
#10743 = PRESENTATION_STYLE_ASSIGNMENT((#10744));
#10744 = SURFACE_STYLE_USAGE(.BOTH.,#10745);
#10745 = SURFACE_SIDE_STYLE('',(#10746));
#10746 = SURFACE_STYLE_FILL_AREA(#10747);
#10747 = FILL_AREA_STYLE('',(#10748));
#10748 = FILL_AREA_STYLE_COLOUR('',#10517);
#10749 = STYLED_ITEM('color',(#10750),#4474);
#10750 = PRESENTATION_STYLE_ASSIGNMENT((#10751));
#10751 = SURFACE_STYLE_USAGE(.BOTH.,#10752);
#10752 = SURFACE_SIDE_STYLE('',(#10753));
#10753 = SURFACE_STYLE_FILL_AREA(#10754);
#10754 = FILL_AREA_STYLE('',(#10755));
#10755 = FILL_AREA_STYLE_COLOUR('',#10517);
#10756 = STYLED_ITEM('color',(#10757),#4667);
#10757 = PRESENTATION_STYLE_ASSIGNMENT((#10758));
#10758 = SURFACE_STYLE_USAGE(.BOTH.,#10759);
#10759 = SURFACE_SIDE_STYLE('',(#10760));
#10760 = SURFACE_STYLE_FILL_AREA(#10761);
#10761 = FILL_AREA_STYLE('',(#10762));
#10762 = FILL_AREA_STYLE_COLOUR('',#10517);
#10763 = STYLED_ITEM('color',(#10764),#4759);
#10764 = PRESENTATION_STYLE_ASSIGNMENT((#10765));
#10765 = SURFACE_STYLE_USAGE(.BOTH.,#10766);
#10766 = SURFACE_SIDE_STYLE('',(#10767));
#10767 = SURFACE_STYLE_FILL_AREA(#10768);
#10768 = FILL_AREA_STYLE('',(#10769));
#10769 = FILL_AREA_STYLE_COLOUR('',#10517);
#10770 = STYLED_ITEM('color',(#10771),#4952);
#10771 = PRESENTATION_STYLE_ASSIGNMENT((#10772));
#10772 = SURFACE_STYLE_USAGE(.BOTH.,#10773);
#10773 = SURFACE_SIDE_STYLE('',(#10774));
#10774 = SURFACE_STYLE_FILL_AREA(#10775);
#10775 = FILL_AREA_STYLE('',(#10776));
#10776 = FILL_AREA_STYLE_COLOUR('',#10517);
#10777 = STYLED_ITEM('color',(#10778),#5145);
#10778 = PRESENTATION_STYLE_ASSIGNMENT((#10779));
#10779 = SURFACE_STYLE_USAGE(.BOTH.,#10780);
#10780 = SURFACE_SIDE_STYLE('',(#10781));
#10781 = SURFACE_STYLE_FILL_AREA(#10782);
#10782 = FILL_AREA_STYLE('',(#10783));
#10783 = FILL_AREA_STYLE_COLOUR('',#10517);
#10784 = STYLED_ITEM('color',(#10785),#5237);
#10785 = PRESENTATION_STYLE_ASSIGNMENT((#10786));
#10786 = SURFACE_STYLE_USAGE(.BOTH.,#10787);
#10787 = SURFACE_SIDE_STYLE('',(#10788));
#10788 = SURFACE_STYLE_FILL_AREA(#10789);
#10789 = FILL_AREA_STYLE('',(#10790));
#10790 = FILL_AREA_STYLE_COLOUR('',#10517);
#10791 = STYLED_ITEM('color',(#10792),#5430);
#10792 = PRESENTATION_STYLE_ASSIGNMENT((#10793));
#10793 = SURFACE_STYLE_USAGE(.BOTH.,#10794);
#10794 = SURFACE_SIDE_STYLE('',(#10795));
#10795 = SURFACE_STYLE_FILL_AREA(#10796);
#10796 = FILL_AREA_STYLE('',(#10797));
#10797 = FILL_AREA_STYLE_COLOUR('',#10517);
#10798 = STYLED_ITEM('color',(#10799),#5623);
#10799 = PRESENTATION_STYLE_ASSIGNMENT((#10800));
#10800 = SURFACE_STYLE_USAGE(.BOTH.,#10801);
#10801 = SURFACE_SIDE_STYLE('',(#10802));
#10802 = SURFACE_STYLE_FILL_AREA(#10803);
#10803 = FILL_AREA_STYLE('',(#10804));
#10804 = FILL_AREA_STYLE_COLOUR('',#10517);
#10805 = MECHANICAL_DESIGN_GEOMETRIC_PRESENTATION_REPRESENTATION('',(
    #10806),#10336);
#10806 = STYLED_ITEM('color',(#10807),#9500);
#10807 = PRESENTATION_STYLE_ASSIGNMENT((#10808));
#10808 = SURFACE_STYLE_USAGE(.BOTH.,#10809);
#10809 = SURFACE_SIDE_STYLE('',(#10810));
#10810 = SURFACE_STYLE_FILL_AREA(#10811);
#10811 = FILL_AREA_STYLE('',(#10812));
#10812 = FILL_AREA_STYLE_COLOUR('',#10813);
#10813 = COLOUR_RGB('',0.685380707801,0.704833110346,0.578582128266);
#10814 = MECHANICAL_DESIGN_GEOMETRIC_PRESENTATION_REPRESENTATION('',(
    #10815,#10823,#10830,#10837,#10844,#10851,#10858,#10865,#10872,
    #10879,#10886,#10893,#10900,#10907,#10915,#10922,#10929,#10936,
    #10943,#10950,#10957,#10964),#605);
#10815 = STYLED_ITEM('color',(#10816),#63);
#10816 = PRESENTATION_STYLE_ASSIGNMENT((#10817));
#10817 = SURFACE_STYLE_USAGE(.BOTH.,#10818);
#10818 = SURFACE_SIDE_STYLE('',(#10819));
#10819 = SURFACE_STYLE_FILL_AREA(#10820);
#10820 = FILL_AREA_STYLE('',(#10821));
#10821 = FILL_AREA_STYLE_COLOUR('',#10822);
#10822 = COLOUR_RGB('',0.699999984889,9.999999991362E-02,
  5.000000142576E-02);
#10823 = STYLED_ITEM('color',(#10824),#103);
#10824 = PRESENTATION_STYLE_ASSIGNMENT((#10825));
#10825 = SURFACE_STYLE_USAGE(.BOTH.,#10826);
#10826 = SURFACE_SIDE_STYLE('',(#10827));
#10827 = SURFACE_STYLE_FILL_AREA(#10828);
#10828 = FILL_AREA_STYLE('',(#10829));
#10829 = FILL_AREA_STYLE_COLOUR('',#10822);
#10830 = STYLED_ITEM('color',(#10831),#136);
#10831 = PRESENTATION_STYLE_ASSIGNMENT((#10832));
#10832 = SURFACE_STYLE_USAGE(.BOTH.,#10833);
#10833 = SURFACE_SIDE_STYLE('',(#10834));
#10834 = SURFACE_STYLE_FILL_AREA(#10835);
#10835 = FILL_AREA_STYLE('',(#10836));
#10836 = FILL_AREA_STYLE_COLOUR('',#10822);
#10837 = STYLED_ITEM('color',(#10838),#169);
#10838 = PRESENTATION_STYLE_ASSIGNMENT((#10839));
#10839 = SURFACE_STYLE_USAGE(.BOTH.,#10840);
#10840 = SURFACE_SIDE_STYLE('',(#10841));
#10841 = SURFACE_STYLE_FILL_AREA(#10842);
#10842 = FILL_AREA_STYLE('',(#10843));
#10843 = FILL_AREA_STYLE_COLOUR('',#10822);
#10844 = STYLED_ITEM('color',(#10845),#250);
#10845 = PRESENTATION_STYLE_ASSIGNMENT((#10846));
#10846 = SURFACE_STYLE_USAGE(.BOTH.,#10847);
#10847 = SURFACE_SIDE_STYLE('',(#10848));
#10848 = SURFACE_STYLE_FILL_AREA(#10849);
#10849 = FILL_AREA_STYLE('',(#10850));
#10850 = FILL_AREA_STYLE_COLOUR('',#10822);
#10851 = STYLED_ITEM('color',(#10852),#275);
#10852 = PRESENTATION_STYLE_ASSIGNMENT((#10853));
#10853 = SURFACE_STYLE_USAGE(.BOTH.,#10854);
#10854 = SURFACE_SIDE_STYLE('',(#10855));
#10855 = SURFACE_STYLE_FILL_AREA(#10856);
#10856 = FILL_AREA_STYLE('',(#10857));
#10857 = FILL_AREA_STYLE_COLOUR('',#10822);
#10858 = STYLED_ITEM('color',(#10859),#292);
#10859 = PRESENTATION_STYLE_ASSIGNMENT((#10860));
#10860 = SURFACE_STYLE_USAGE(.BOTH.,#10861);
#10861 = SURFACE_SIDE_STYLE('',(#10862));
#10862 = SURFACE_STYLE_FILL_AREA(#10863);
#10863 = FILL_AREA_STYLE('',(#10864));
#10864 = FILL_AREA_STYLE_COLOUR('',#10822);
#10865 = STYLED_ITEM('color',(#10866),#316);
#10866 = PRESENTATION_STYLE_ASSIGNMENT((#10867));
#10867 = SURFACE_STYLE_USAGE(.BOTH.,#10868);
#10868 = SURFACE_SIDE_STYLE('',(#10869));
#10869 = SURFACE_STYLE_FILL_AREA(#10870);
#10870 = FILL_AREA_STYLE('',(#10871));
#10871 = FILL_AREA_STYLE_COLOUR('',#10822);
#10872 = STYLED_ITEM('color',(#10873),#347);
#10873 = PRESENTATION_STYLE_ASSIGNMENT((#10874));
#10874 = SURFACE_STYLE_USAGE(.BOTH.,#10875);
#10875 = SURFACE_SIDE_STYLE('',(#10876));
#10876 = SURFACE_STYLE_FILL_AREA(#10877);
#10877 = FILL_AREA_STYLE('',(#10878));
#10878 = FILL_AREA_STYLE_COLOUR('',#10822);
#10879 = STYLED_ITEM('color',(#10880),#364);
#10880 = PRESENTATION_STYLE_ASSIGNMENT((#10881));
#10881 = SURFACE_STYLE_USAGE(.BOTH.,#10882);
#10882 = SURFACE_SIDE_STYLE('',(#10883));
#10883 = SURFACE_STYLE_FILL_AREA(#10884);
#10884 = FILL_AREA_STYLE('',(#10885));
#10885 = FILL_AREA_STYLE_COLOUR('',#10822);
#10886 = STYLED_ITEM('color',(#10887),#388);
#10887 = PRESENTATION_STYLE_ASSIGNMENT((#10888));
#10888 = SURFACE_STYLE_USAGE(.BOTH.,#10889);
#10889 = SURFACE_SIDE_STYLE('',(#10890));
#10890 = SURFACE_STYLE_FILL_AREA(#10891);
#10891 = FILL_AREA_STYLE('',(#10892));
#10892 = FILL_AREA_STYLE_COLOUR('',#10822);
#10893 = STYLED_ITEM('color',(#10894),#413);
#10894 = PRESENTATION_STYLE_ASSIGNMENT((#10895));
#10895 = SURFACE_STYLE_USAGE(.BOTH.,#10896);
#10896 = SURFACE_SIDE_STYLE('',(#10897));
#10897 = SURFACE_STYLE_FILL_AREA(#10898);
#10898 = FILL_AREA_STYLE('',(#10899));
#10899 = FILL_AREA_STYLE_COLOUR('',#10822);
#10900 = STYLED_ITEM('color',(#10901),#438);
#10901 = PRESENTATION_STYLE_ASSIGNMENT((#10902));
#10902 = SURFACE_STYLE_USAGE(.BOTH.,#10903);
#10903 = SURFACE_SIDE_STYLE('',(#10904));
#10904 = SURFACE_STYLE_FILL_AREA(#10905);
#10905 = FILL_AREA_STYLE('',(#10906));
#10906 = FILL_AREA_STYLE_COLOUR('',#10822);
#10907 = STYLED_ITEM('color',(#10908),#455);
#10908 = PRESENTATION_STYLE_ASSIGNMENT((#10909));
#10909 = SURFACE_STYLE_USAGE(.BOTH.,#10910);
#10910 = SURFACE_SIDE_STYLE('',(#10911));
#10911 = SURFACE_STYLE_FILL_AREA(#10912);
#10912 = FILL_AREA_STYLE('',(#10913));
#10913 = FILL_AREA_STYLE_COLOUR('',#10914);
#10914 = COLOUR_RGB('',0.823999987314,0.819999987296,0.781000009244);
#10915 = STYLED_ITEM('color',(#10916),#480);
#10916 = PRESENTATION_STYLE_ASSIGNMENT((#10917));
#10917 = SURFACE_STYLE_USAGE(.BOTH.,#10918);
#10918 = SURFACE_SIDE_STYLE('',(#10919));
#10919 = SURFACE_STYLE_FILL_AREA(#10920);
#10920 = FILL_AREA_STYLE('',(#10921));
#10921 = FILL_AREA_STYLE_COLOUR('',#10914);
#10922 = STYLED_ITEM('color',(#10923),#505);
#10923 = PRESENTATION_STYLE_ASSIGNMENT((#10924));
#10924 = SURFACE_STYLE_USAGE(.BOTH.,#10925);
#10925 = SURFACE_SIDE_STYLE('',(#10926));
#10926 = SURFACE_STYLE_FILL_AREA(#10927);
#10927 = FILL_AREA_STYLE('',(#10928));
#10928 = FILL_AREA_STYLE_COLOUR('',#10822);
#10929 = STYLED_ITEM('color',(#10930),#523);
#10930 = PRESENTATION_STYLE_ASSIGNMENT((#10931));
#10931 = SURFACE_STYLE_USAGE(.BOTH.,#10932);
#10932 = SURFACE_SIDE_STYLE('',(#10933));
#10933 = SURFACE_STYLE_FILL_AREA(#10934);
#10934 = FILL_AREA_STYLE('',(#10935));
#10935 = FILL_AREA_STYLE_COLOUR('',#10822);
#10936 = STYLED_ITEM('color',(#10937),#541);
#10937 = PRESENTATION_STYLE_ASSIGNMENT((#10938));
#10938 = SURFACE_STYLE_USAGE(.BOTH.,#10939);
#10939 = SURFACE_SIDE_STYLE('',(#10940));
#10940 = SURFACE_STYLE_FILL_AREA(#10941);
#10941 = FILL_AREA_STYLE('',(#10942));
#10942 = FILL_AREA_STYLE_COLOUR('',#10822);
#10943 = STYLED_ITEM('color',(#10944),#565);
#10944 = PRESENTATION_STYLE_ASSIGNMENT((#10945));
#10945 = SURFACE_STYLE_USAGE(.BOTH.,#10946);
#10946 = SURFACE_SIDE_STYLE('',(#10947));
#10947 = SURFACE_STYLE_FILL_AREA(#10948);
#10948 = FILL_AREA_STYLE('',(#10949));
#10949 = FILL_AREA_STYLE_COLOUR('',#10822);
#10950 = STYLED_ITEM('color',(#10951),#576);
#10951 = PRESENTATION_STYLE_ASSIGNMENT((#10952));
#10952 = SURFACE_STYLE_USAGE(.BOTH.,#10953);
#10953 = SURFACE_SIDE_STYLE('',(#10954));
#10954 = SURFACE_STYLE_FILL_AREA(#10955);
#10955 = FILL_AREA_STYLE('',(#10956));
#10956 = FILL_AREA_STYLE_COLOUR('',#10822);
#10957 = STYLED_ITEM('color',(#10958),#587);
#10958 = PRESENTATION_STYLE_ASSIGNMENT((#10959));
#10959 = SURFACE_STYLE_USAGE(.BOTH.,#10960);
#10960 = SURFACE_SIDE_STYLE('',(#10961));
#10961 = SURFACE_STYLE_FILL_AREA(#10962);
#10962 = FILL_AREA_STYLE('',(#10963));
#10963 = FILL_AREA_STYLE_COLOUR('',#10914);
#10964 = STYLED_ITEM('color',(#10965),#596);
#10965 = PRESENTATION_STYLE_ASSIGNMENT((#10966));
#10966 = SURFACE_STYLE_USAGE(.BOTH.,#10967);
#10967 = SURFACE_SIDE_STYLE('',(#10968));
#10968 = SURFACE_STYLE_FILL_AREA(#10969);
#10969 = FILL_AREA_STYLE('',(#10970));
#10970 = FILL_AREA_STYLE_COLOUR('',#10914);
ENDSEC;
END-ISO-10303-21;
